
Predictions were generated on 06-Oct-2025 at 18:07:26 using FAST (v8.16.00a-bjj, 27-Jul-2016), compiled as a 32-bit application using single precision
 linked with  NWTC Subroutine Library (v2.09.00, 23-Jul-2016); ElastoDyn (v1.04.00a-bjj, 26-Jul-2016); InflowWind (v3.03.00, 26-Jul-2016); AeroDyn14 (v14.05.01a-bjj, 25-Jul-2016); ServoDyn (v1.06.00a-bjj, 26-Jul-2016)

Description from the FAST input file: NREL 5.0 MW Baseline Wind Turbine (Onshore)

Time      	Wind1VelX 	BldPitch1 	RotSpeed  	TTDspFA   	TwrBsMyt  	LSShftTq  	RootMyc1  	GenPwr    	GenTq     
(s)       	(m/s)     	(deg)     	(rpm)     	(m)       	(kN·m)    	(kN·m)    	(kN·m)    	(kW)      	(kN·m)    
    0.0000	 2.000E+01	 1.200E+01	 1.210E+01	 0.000E+00	-1.420E+03	 0.000E+00	 1.017E+03	 5.000E+03	 4.309E+01
    0.0125	 2.000E+01	 1.200E+01	 1.212E+01	 0.000E+00	 7.011E+04	 5.011E+03	 1.088E+04	 5.000E+03	 4.302E+01
    0.0250	 2.000E+01	 1.215E+01	 1.213E+01	 0.000E+00	 5.206E+04	 4.504E+03	 7.931E+03	 5.000E+03	 4.298E+01
    0.0375	 2.000E+01	 1.216E+01	 1.214E+01	 0.000E+00	 5.980E+04	 4.721E+03	 9.189E+03	 5.000E+03	 4.294E+01
    0.0500	 2.000E+01	 1.222E+01	 1.216E+01	 0.000E+00	 6.014E+04	 4.728E+03	 9.251E+03	 5.000E+03	 4.289E+01
    0.0625	 2.000E+01	 1.227E+01	 1.217E+01	 0.000E+00	 5.964E+04	 4.713E+03	 9.170E+03	 5.000E+03	 4.284E+01
    0.0750	 2.000E+01	 1.232E+01	 1.218E+01	 0.000E+00	 5.932E+04	 4.703E+03	 9.121E+03	 5.000E+03	 4.280E+01
    0.0875	 2.000E+01	 1.237E+01	 1.220E+01	 0.000E+00	 5.904E+04	 4.693E+03	 9.076E+03	 5.000E+03	 4.275E+01
    0.1000	 2.000E+01	 1.242E+01	 1.221E+01	 0.000E+00	 5.873E+04	 4.683E+03	 9.028E+03	 5.000E+03	 4.271E+01
    0.1125	 2.000E+01	 1.246E+01	 1.222E+01	 0.000E+00	 5.843E+04	 4.674E+03	 8.980E+03	 5.000E+03	 4.266E+01
    0.1250	 2.000E+01	 1.251E+01	 1.224E+01	 0.000E+00	 5.813E+04	 4.664E+03	 8.931E+03	 5.000E+03	 4.262E+01
    0.1375	 2.000E+01	 1.256E+01	 1.225E+01	 0.000E+00	 5.782E+04	 4.655E+03	 8.882E+03	 5.000E+03	 4.257E+01
    0.1500	 2.000E+01	 1.261E+01	 1.226E+01	 0.000E+00	 5.751E+04	 4.645E+03	 8.831E+03	 5.000E+03	 4.253E+01
    0.1625	 2.000E+01	 1.265E+01	 1.227E+01	 0.000E+00	 5.720E+04	 4.635E+03	 8.782E+03	 5.000E+03	 4.249E+01
    0.1750	 2.000E+01	 1.270E+01	 1.228E+01	 0.000E+00	 5.690E+04	 4.626E+03	 8.733E+03	 5.000E+03	 4.245E+01
    0.1875	 2.000E+01	 1.275E+01	 1.230E+01	 0.000E+00	 5.659E+04	 4.617E+03	 8.684E+03	 5.000E+03	 4.240E+01
    0.2000	 2.000E+01	 1.279E+01	 1.231E+01	 0.000E+00	 5.630E+04	 4.608E+03	 8.636E+03	 5.000E+03	 4.236E+01
    0.2125	 2.000E+01	 1.284E+01	 1.232E+01	 0.000E+00	 5.600E+04	 4.598E+03	 8.587E+03	 5.000E+03	 4.232E+01
    0.2250	 2.000E+01	 1.288E+01	 1.233E+01	 0.000E+00	 5.570E+04	 4.589E+03	 8.538E+03	 5.000E+03	 4.228E+01
    0.2375	 2.000E+01	 1.293E+01	 1.234E+01	 0.000E+00	 5.540E+04	 4.580E+03	 8.490E+03	 5.000E+03	 4.224E+01
    0.2500	 2.000E+01	 1.297E+01	 1.236E+01	 0.000E+00	 5.511E+04	 4.571E+03	 8.441E+03	 5.000E+03	 4.220E+01
    0.2625	 2.000E+01	 1.301E+01	 1.237E+01	 0.000E+00	 5.481E+04	 4.562E+03	 8.392E+03	 5.000E+03	 4.217E+01
    0.2750	 2.000E+01	 1.306E+01	 1.238E+01	 0.000E+00	 5.451E+04	 4.554E+03	 8.344E+03	 5.000E+03	 4.213E+01
    0.2875	 2.000E+01	 1.310E+01	 1.239E+01	 0.000E+00	 5.422E+04	 4.545E+03	 8.296E+03	 5.000E+03	 4.209E+01
    0.3000	 2.000E+01	 1.314E+01	 1.240E+01	 0.000E+00	 5.393E+04	 4.536E+03	 8.248E+03	 5.000E+03	 4.205E+01
    0.3125	 2.000E+01	 1.318E+01	 1.241E+01	 0.000E+00	 5.364E+04	 4.527E+03	 8.200E+03	 5.000E+03	 4.202E+01
    0.3250	 2.000E+01	 1.322E+01	 1.242E+01	 0.000E+00	 5.334E+04	 4.519E+03	 8.152E+03	 5.000E+03	 4.198E+01
    0.3375	 2.000E+01	 1.326E+01	 1.243E+01	 0.000E+00	 5.306E+04	 4.510E+03	 8.105E+03	 5.000E+03	 4.194E+01
    0.3500	 2.000E+01	 1.331E+01	 1.244E+01	 0.000E+00	 5.277E+04	 4.502E+03	 8.057E+03	 5.000E+03	 4.191E+01
    0.3625	 2.000E+01	 1.335E+01	 1.245E+01	 0.000E+00	 5.248E+04	 4.494E+03	 8.010E+03	 5.000E+03	 4.187E+01
    0.3750	 2.000E+01	 1.339E+01	 1.246E+01	 0.000E+00	 5.220E+04	 4.485E+03	 7.963E+03	 5.000E+03	 4.184E+01
    0.3875	 2.000E+01	 1.343E+01	 1.247E+01	 0.000E+00	 5.191E+04	 4.477E+03	 7.916E+03	 5.000E+03	 4.181E+01
    0.4000	 2.000E+01	 1.347E+01	 1.248E+01	 0.000E+00	 5.162E+04	 4.469E+03	 7.869E+03	 5.000E+03	 4.177E+01
    0.4125	 2.000E+01	 1.350E+01	 1.249E+01	 0.000E+00	 5.134E+04	 4.461E+03	 7.822E+03	 5.000E+03	 4.174E+01
    0.4250	 2.000E+01	 1.354E+01	 1.250E+01	 0.000E+00	 5.106E+04	 4.453E+03	 7.776E+03	 5.000E+03	 4.171E+01
    0.4375	 2.000E+01	 1.358E+01	 1.251E+01	 0.000E+00	 5.078E+04	 4.445E+03	 7.730E+03	 5.000E+03	 4.168E+01
    0.4500	 2.000E+01	 1.362E+01	 1.252E+01	 0.000E+00	 5.050E+04	 4.437E+03	 7.684E+03	 5.000E+03	 4.164E+01
    0.4625	 2.000E+01	 1.366E+01	 1.253E+01	 0.000E+00	 5.023E+04	 4.429E+03	 7.638E+03	 5.000E+03	 4.161E+01
    0.4750	 2.000E+01	 1.369E+01	 1.254E+01	 0.000E+00	 4.996E+04	 4.421E+03	 7.593E+03	 5.000E+03	 4.158E+01
    0.4875	 2.000E+01	 1.373E+01	 1.255E+01	 0.000E+00	 4.969E+04	 4.414E+03	 7.548E+03	 5.000E+03	 4.155E+01
    0.5000	 2.000E+01	 1.377E+01	 1.256E+01	 0.000E+00	 4.941E+04	 4.406E+03	 7.503E+03	 5.000E+03	 4.152E+01
    0.5125	 2.000E+01	 1.380E+01	 1.257E+01	 0.000E+00	 4.914E+04	 4.398E+03	 7.458E+03	 5.000E+03	 4.149E+01
    0.5250	 2.000E+01	 1.384E+01	 1.258E+01	 0.000E+00	 4.888E+04	 4.391E+03	 7.414E+03	 5.000E+03	 4.146E+01
    0.5375	 2.000E+01	 1.388E+01	 1.258E+01	 0.000E+00	 4.861E+04	 4.383E+03	 7.369E+03	 5.000E+03	 4.143E+01
    0.5500	 2.000E+01	 1.391E+01	 1.259E+01	 0.000E+00	 4.834E+04	 4.376E+03	 7.325E+03	 5.000E+03	 4.141E+01
    0.5625	 2.000E+01	 1.395E+01	 1.260E+01	 0.000E+00	 4.808E+04	 4.369E+03	 7.281E+03	 5.000E+03	 4.138E+01
    0.5750	 2.000E+01	 1.398E+01	 1.261E+01	 0.000E+00	 4.782E+04	 4.362E+03	 7.238E+03	 5.000E+03	 4.135E+01
    0.5875	 2.000E+01	 1.402E+01	 1.262E+01	 0.000E+00	 4.756E+04	 4.354E+03	 7.194E+03	 5.000E+03	 4.132E+01
    0.6000	 2.000E+01	 1.405E+01	 1.263E+01	 0.000E+00	 4.730E+04	 4.347E+03	 7.151E+03	 5.000E+03	 4.130E+01
    0.6125	 2.000E+01	 1.408E+01	 1.263E+01	 0.000E+00	 4.704E+04	 4.340E+03	 7.108E+03	 5.000E+03	 4.127E+01
    0.6250	 2.000E+01	 1.412E+01	 1.264E+01	 0.000E+00	 4.678E+04	 4.333E+03	 7.066E+03	 5.000E+03	 4.124E+01
    0.6375	 2.000E+01	 1.415E+01	 1.265E+01	 0.000E+00	 4.653E+04	 4.326E+03	 7.023E+03	 5.000E+03	 4.122E+01
    0.6500	 2.000E+01	 1.419E+01	 1.266E+01	 0.000E+00	 4.627E+04	 4.320E+03	 6.981E+03	 5.000E+03	 4.119E+01
    0.6625	 2.000E+01	 1.422E+01	 1.267E+01	 0.000E+00	 4.602E+04	 4.313E+03	 6.939E+03	 5.000E+03	 4.117E+01
    0.6750	 2.000E+01	 1.425E+01	 1.267E+01	 0.000E+00	 4.577E+04	 4.306E+03	 6.898E+03	 5.000E+03	 4.114E+01
    0.6875	 2.000E+01	 1.428E+01	 1.268E+01	 0.000E+00	 4.553E+04	 4.299E+03	 6.856E+03	 5.000E+03	 4.112E+01
    0.7000	 2.000E+01	 1.432E+01	 1.269E+01	 0.000E+00	 4.528E+04	 4.293E+03	 6.815E+03	 5.000E+03	 4.110E+01
    0.7125	 2.000E+01	 1.435E+01	 1.270E+01	 0.000E+00	 4.504E+04	 4.286E+03	 6.774E+03	 5.000E+03	 4.107E+01
    0.7250	 2.000E+01	 1.438E+01	 1.270E+01	 0.000E+00	 4.479E+04	 4.280E+03	 6.734E+03	 5.000E+03	 4.105E+01
    0.7375	 2.000E+01	 1.441E+01	 1.271E+01	 0.000E+00	 4.455E+04	 4.274E+03	 6.694E+03	 5.000E+03	 4.103E+01
    0.7500	 2.000E+01	 1.444E+01	 1.272E+01	 0.000E+00	 4.431E+04	 4.267E+03	 6.654E+03	 5.000E+03	 4.100E+01
    0.7625	 2.000E+01	 1.447E+01	 1.272E+01	 0.000E+00	 4.407E+04	 4.261E+03	 6.614E+03	 5.000E+03	 4.098E+01
    0.7750	 2.000E+01	 1.450E+01	 1.273E+01	 0.000E+00	 4.383E+04	 4.255E+03	 6.575E+03	 5.000E+03	 4.096E+01
    0.7875	 2.000E+01	 1.453E+01	 1.274E+01	 0.000E+00	 4.360E+04	 4.249E+03	 6.536E+03	 5.000E+03	 4.094E+01
    0.8000	 2.000E+01	 1.456E+01	 1.274E+01	 0.000E+00	 4.336E+04	 4.242E+03	 6.497E+03	 5.000E+03	 4.092E+01
    0.8125	 2.000E+01	 1.459E+01	 1.275E+01	 0.000E+00	 4.313E+04	 4.236E+03	 6.458E+03	 5.000E+03	 4.090E+01
    0.8250	 2.000E+01	 1.462E+01	 1.276E+01	 0.000E+00	 4.290E+04	 4.230E+03	 6.420E+03	 5.000E+03	 4.088E+01
    0.8375	 2.000E+01	 1.465E+01	 1.276E+01	 0.000E+00	 4.267E+04	 4.224E+03	 6.382E+03	 5.000E+03	 4.086E+01
    0.8500	 2.000E+01	 1.468E+01	 1.277E+01	 0.000E+00	 4.244E+04	 4.219E+03	 6.345E+03	 5.000E+03	 4.084E+01
    0.8625	 2.000E+01	 1.471E+01	 1.277E+01	 0.000E+00	 4.221E+04	 4.213E+03	 6.307E+03	 5.000E+03	 4.082E+01
    0.8750	 2.000E+01	 1.474E+01	 1.278E+01	 0.000E+00	 4.199E+04	 4.207E+03	 6.270E+03	 5.000E+03	 4.080E+01
    0.8875	 2.000E+01	 1.477E+01	 1.279E+01	 0.000E+00	 4.176E+04	 4.201E+03	 6.234E+03	 5.000E+03	 4.078E+01
    0.9000	 2.000E+01	 1.479E+01	 1.279E+01	 0.000E+00	 4.154E+04	 4.196E+03	 6.198E+03	 5.000E+03	 4.076E+01
    0.9125	 2.000E+01	 1.482E+01	 1.280E+01	 0.000E+00	 4.132E+04	 4.190E+03	 6.162E+03	 5.000E+03	 4.074E+01
    0.9250	 2.000E+01	 1.485E+01	 1.280E+01	 0.000E+00	 4.110E+04	 4.185E+03	 6.126E+03	 5.000E+03	 4.073E+01
    0.9375	 2.000E+01	 1.488E+01	 1.281E+01	 0.000E+00	 4.088E+04	 4.179E+03	 6.090E+03	 5.000E+03	 4.071E+01
    0.9500	 2.000E+01	 1.490E+01	 1.281E+01	 0.000E+00	 4.066E+04	 4.174E+03	 6.055E+03	 5.000E+03	 4.069E+01
    0.9625	 2.000E+01	 1.493E+01	 1.282E+01	 0.000E+00	 4.045E+04	 4.168E+03	 6.020E+03	 5.000E+03	 4.067E+01
    0.9750	 2.000E+01	 1.496E+01	 1.282E+01	 0.000E+00	 4.024E+04	 4.163E+03	 5.985E+03	 5.000E+03	 4.066E+01
    0.9875	 2.000E+01	 1.498E+01	 1.283E+01	 0.000E+00	 4.002E+04	 4.158E+03	 5.951E+03	 5.000E+03	 4.064E+01
    1.0000	 2.000E+01	 1.501E+01	 1.284E+01	 0.000E+00	 3.981E+04	 4.152E+03	 5.917E+03	 5.000E+03	 4.063E+01
    1.0125	 2.000E+01	 1.504E+01	 1.284E+01	 0.000E+00	 3.960E+04	 4.147E+03	 5.884E+03	 5.000E+03	 4.061E+01
    1.0250	 2.000E+01	 1.506E+01	 1.284E+01	 0.000E+00	 3.940E+04	 4.142E+03	 5.851E+03	 5.000E+03	 4.059E+01
    1.0375	 2.000E+01	 1.509E+01	 1.285E+01	 0.000E+00	 3.919E+04	 4.137E+03	 5.818E+03	 5.000E+03	 4.058E+01
    1.0500	 2.000E+01	 1.511E+01	 1.285E+01	 0.000E+00	 3.899E+04	 4.132E+03	 5.785E+03	 5.000E+03	 4.056E+01
    1.0625	 2.000E+01	 1.514E+01	 1.286E+01	 0.000E+00	 3.879E+04	 4.127E+03	 5.752E+03	 5.000E+03	 4.055E+01
    1.0750	 2.000E+01	 1.516E+01	 1.286E+01	 0.000E+00	 3.859E+04	 4.122E+03	 5.720E+03	 5.000E+03	 4.054E+01
    1.0875	 2.000E+01	 1.519E+01	 1.287E+01	 0.000E+00	 3.839E+04	 4.117E+03	 5.688E+03	 5.000E+03	 4.052E+01
    1.1000	 2.000E+01	 1.521E+01	 1.287E+01	 0.000E+00	 3.819E+04	 4.113E+03	 5.657E+03	 5.000E+03	 4.051E+01
    1.1125	 2.000E+01	 1.524E+01	 1.288E+01	 0.000E+00	 3.799E+04	 4.108E+03	 5.626E+03	 5.000E+03	 4.049E+01
    1.1250	 2.000E+01	 1.526E+01	 1.288E+01	 0.000E+00	 3.779E+04	 4.103E+03	 5.595E+03	 5.000E+03	 4.048E+01
    1.1375	 2.000E+01	 1.529E+01	 1.289E+01	 0.000E+00	 3.760E+04	 4.098E+03	 5.564E+03	 5.000E+03	 4.047E+01
    1.1500	 2.000E+01	 1.531E+01	 1.289E+01	 0.000E+00	 3.741E+04	 4.094E+03	 5.534E+03	 5.000E+03	 4.045E+01
    1.1625	 2.000E+01	 1.533E+01	 1.289E+01	 0.000E+00	 3.722E+04	 4.089E+03	 5.504E+03	 5.000E+03	 4.044E+01
    1.1750	 2.000E+01	 1.536E+01	 1.290E+01	 0.000E+00	 3.703E+04	 4.085E+03	 5.474E+03	 5.000E+03	 4.043E+01
    1.1875	 2.000E+01	 1.538E+01	 1.290E+01	 0.000E+00	 3.684E+04	 4.080E+03	 5.445E+03	 5.000E+03	 4.042E+01
    1.2000	 2.000E+01	 1.540E+01	 1.290E+01	 0.000E+00	 3.665E+04	 4.076E+03	 5.416E+03	 5.000E+03	 4.041E+01
    1.2125	 2.000E+01	 1.542E+01	 1.291E+01	 0.000E+00	 3.647E+04	 4.072E+03	 5.387E+03	 5.000E+03	 4.039E+01
    1.2250	 2.000E+01	 1.545E+01	 1.291E+01	 0.000E+00	 3.628E+04	 4.067E+03	 5.358E+03	 5.000E+03	 4.038E+01
    1.2375	 2.000E+01	 1.547E+01	 1.292E+01	 0.000E+00	 3.610E+04	 4.063E+03	 5.330E+03	 5.000E+03	 4.037E+01
    1.2500	 2.000E+01	 1.549E+01	 1.292E+01	 0.000E+00	 3.592E+04	 4.059E+03	 5.303E+03	 5.000E+03	 4.036E+01
    1.2625	 2.000E+01	 1.551E+01	 1.292E+01	 0.000E+00	 3.574E+04	 4.055E+03	 5.275E+03	 5.000E+03	 4.035E+01
    1.2750	 2.000E+01	 1.554E+01	 1.293E+01	 0.000E+00	 3.556E+04	 4.051E+03	 5.248E+03	 5.000E+03	 4.034E+01
    1.2875	 2.000E+01	 1.556E+01	 1.293E+01	 0.000E+00	 3.539E+04	 4.047E+03	 5.221E+03	 5.000E+03	 4.033E+01
    1.3000	 2.000E+01	 1.558E+01	 1.293E+01	 0.000E+00	 3.521E+04	 4.043E+03	 5.195E+03	 5.000E+03	 4.032E+01
    1.3125	 2.000E+01	 1.560E+01	 1.294E+01	 0.000E+00	 3.504E+04	 4.039E+03	 5.169E+03	 5.000E+03	 4.031E+01
    1.3250	 2.000E+01	 1.562E+01	 1.294E+01	 0.000E+00	 3.487E+04	 4.035E+03	 5.144E+03	 5.000E+03	 4.030E+01
    1.3375	 2.000E+01	 1.564E+01	 1.294E+01	 0.000E+00	 3.470E+04	 4.031E+03	 5.118E+03	 5.000E+03	 4.029E+01
    1.3500	 2.000E+01	 1.566E+01	 1.294E+01	 0.000E+00	 3.453E+04	 4.027E+03	 5.094E+03	 5.000E+03	 4.028E+01
    1.3625	 2.000E+01	 1.568E+01	 1.295E+01	 0.000E+00	 3.436E+04	 4.023E+03	 5.069E+03	 5.000E+03	 4.027E+01
    1.3750	 2.000E+01	 1.570E+01	 1.295E+01	 0.000E+00	 3.420E+04	 4.019E+03	 5.045E+03	 5.000E+03	 4.027E+01
    1.3875	 2.000E+01	 1.572E+01	 1.295E+01	 0.000E+00	 3.403E+04	 4.016E+03	 5.021E+03	 5.000E+03	 4.026E+01
    1.4000	 2.000E+01	 1.574E+01	 1.295E+01	 0.000E+00	 3.387E+04	 4.012E+03	 4.998E+03	 5.000E+03	 4.025E+01
    1.4125	 2.000E+01	 1.576E+01	 1.296E+01	 0.000E+00	 3.371E+04	 4.009E+03	 4.975E+03	 5.000E+03	 4.024E+01
    1.4250	 2.000E+01	 1.578E+01	 1.296E+01	 0.000E+00	 3.355E+04	 4.005E+03	 4.952E+03	 5.000E+03	 4.023E+01
    1.4375	 2.000E+01	 1.580E+01	 1.296E+01	 0.000E+00	 3.339E+04	 4.002E+03	 4.929E+03	 5.000E+03	 4.023E+01
    1.4500	 2.000E+01	 1.582E+01	 1.296E+01	 0.000E+00	 3.324E+04	 3.998E+03	 4.907E+03	 5.000E+03	 4.022E+01
    1.4625	 2.000E+01	 1.584E+01	 1.297E+01	 0.000E+00	 3.308E+04	 3.995E+03	 4.885E+03	 5.000E+03	 4.021E+01
    1.4750	 2.000E+01	 1.586E+01	 1.297E+01	 0.000E+00	 3.292E+04	 3.991E+03	 4.864E+03	 5.000E+03	 4.021E+01
    1.4875	 2.000E+01	 1.588E+01	 1.297E+01	 0.000E+00	 3.277E+04	 3.988E+03	 4.843E+03	 5.000E+03	 4.020E+01
    1.5000	 2.000E+01	 1.590E+01	 1.297E+01	 0.000E+00	 3.262E+04	 3.985E+03	 4.823E+03	 5.000E+03	 4.019E+01
    1.5125	 2.000E+01	 1.592E+01	 1.298E+01	 0.000E+00	 3.247E+04	 3.981E+03	 4.803E+03	 5.000E+03	 4.019E+01
    1.5250	 2.000E+01	 1.594E+01	 1.298E+01	 0.000E+00	 3.232E+04	 3.978E+03	 4.783E+03	 5.000E+03	 4.018E+01
    1.5375	 2.000E+01	 1.595E+01	 1.298E+01	 0.000E+00	 3.217E+04	 3.975E+03	 4.764E+03	 5.000E+03	 4.017E+01
    1.5500	 2.000E+01	 1.597E+01	 1.298E+01	 0.000E+00	 3.203E+04	 3.972E+03	 4.744E+03	 5.000E+03	 4.017E+01
    1.5625	 2.000E+01	 1.599E+01	 1.298E+01	 0.000E+00	 3.188E+04	 3.969E+03	 4.726E+03	 5.000E+03	 4.016E+01
    1.5750	 2.000E+01	 1.601E+01	 1.298E+01	 0.000E+00	 3.174E+04	 3.966E+03	 4.707E+03	 5.000E+03	 4.016E+01
    1.5875	 2.000E+01	 1.603E+01	 1.299E+01	 0.000E+00	 3.160E+04	 3.963E+03	 4.689E+03	 5.000E+03	 4.015E+01
    1.6000	 2.000E+01	 1.604E+01	 1.299E+01	 0.000E+00	 3.146E+04	 3.960E+03	 4.672E+03	 5.000E+03	 4.015E+01
    1.6125	 2.000E+01	 1.606E+01	 1.299E+01	 0.000E+00	 3.132E+04	 3.957E+03	 4.654E+03	 5.000E+03	 4.014E+01
    1.6250	 2.000E+01	 1.608E+01	 1.299E+01	 0.000E+00	 3.118E+04	 3.954E+03	 4.637E+03	 5.000E+03	 4.014E+01
    1.6375	 2.000E+01	 1.609E+01	 1.299E+01	 0.000E+00	 3.105E+04	 3.951E+03	 4.620E+03	 5.000E+03	 4.013E+01
    1.6500	 2.000E+01	 1.611E+01	 1.299E+01	 0.000E+00	 3.091E+04	 3.949E+03	 4.604E+03	 5.000E+03	 4.013E+01
    1.6625	 2.000E+01	 1.613E+01	 1.299E+01	 0.000E+00	 3.078E+04	 3.946E+03	 4.588E+03	 5.000E+03	 4.013E+01
    1.6750	 2.000E+01	 1.614E+01	 1.300E+01	 0.000E+00	 3.065E+04	 3.943E+03	 4.572E+03	 5.000E+03	 4.012E+01
    1.6875	 2.000E+01	 1.616E+01	 1.300E+01	 0.000E+00	 3.052E+04	 3.941E+03	 4.557E+03	 5.000E+03	 4.012E+01
    1.7000	 2.000E+01	 1.618E+01	 1.300E+01	 0.000E+00	 3.039E+04	 3.938E+03	 4.542E+03	 5.000E+03	 4.012E+01
    1.7125	 2.000E+01	 1.619E+01	 1.300E+01	 0.000E+00	 3.026E+04	 3.935E+03	 4.527E+03	 5.000E+03	 4.011E+01
    1.7250	 2.000E+01	 1.621E+01	 1.300E+01	 0.000E+00	 3.013E+04	 3.933E+03	 4.513E+03	 5.000E+03	 4.011E+01
    1.7375	 2.000E+01	 1.623E+01	 1.300E+01	 0.000E+00	 3.001E+04	 3.930E+03	 4.499E+03	 5.000E+03	 4.011E+01
    1.7500	 2.000E+01	 1.624E+01	 1.300E+01	 0.000E+00	 2.988E+04	 3.928E+03	 4.485E+03	 5.000E+03	 4.010E+01
    1.7625	 2.000E+01	 1.626E+01	 1.300E+01	 0.000E+00	 2.976E+04	 3.926E+03	 4.472E+03	 5.000E+03	 4.010E+01
    1.7750	 2.000E+01	 1.627E+01	 1.300E+01	 0.000E+00	 2.964E+04	 3.923E+03	 4.459E+03	 5.000E+03	 4.010E+01
    1.7875	 2.000E+01	 1.629E+01	 1.300E+01	 0.000E+00	 2.952E+04	 3.921E+03	 4.446E+03	 5.000E+03	 4.009E+01
    1.8000	 2.000E+01	 1.630E+01	 1.301E+01	 0.000E+00	 2.940E+04	 3.919E+03	 4.434E+03	 5.000E+03	 4.009E+01
    1.8125	 2.000E+01	 1.632E+01	 1.301E+01	 0.000E+00	 2.928E+04	 3.916E+03	 4.421E+03	 5.000E+03	 4.009E+01
    1.8250	 2.000E+01	 1.633E+01	 1.301E+01	 0.000E+00	 2.916E+04	 3.914E+03	 4.409E+03	 5.000E+03	 4.009E+01
    1.8375	 2.000E+01	 1.635E+01	 1.301E+01	 0.000E+00	 2.905E+04	 3.912E+03	 4.398E+03	 5.000E+03	 4.009E+01
    1.8500	 2.000E+01	 1.636E+01	 1.301E+01	 0.000E+00	 2.893E+04	 3.910E+03	 4.386E+03	 5.000E+03	 4.009E+01
    1.8625	 2.000E+01	 1.638E+01	 1.301E+01	 0.000E+00	 2.882E+04	 3.908E+03	 4.375E+03	 5.000E+03	 4.008E+01
    1.8750	 2.000E+01	 1.639E+01	 1.301E+01	 0.000E+00	 2.871E+04	 3.906E+03	 4.365E+03	 5.000E+03	 4.008E+01
    1.8875	 2.000E+01	 1.641E+01	 1.301E+01	 0.000E+00	 2.861E+04	 3.904E+03	 4.354E+03	 5.000E+03	 4.008E+01
    1.9000	 2.000E+01	 1.642E+01	 1.301E+01	 0.000E+00	 2.850E+04	 3.902E+03	 4.344E+03	 5.000E+03	 4.008E+01
    1.9125	 2.000E+01	 1.643E+01	 1.301E+01	 0.000E+00	 2.839E+04	 3.900E+03	 4.334E+03	 5.000E+03	 4.008E+01
    1.9250	 2.000E+01	 1.645E+01	 1.301E+01	 0.000E+00	 2.829E+04	 3.898E+03	 4.324E+03	 5.000E+03	 4.008E+01
    1.9375	 2.000E+01	 1.646E+01	 1.301E+01	 0.000E+00	 2.818E+04	 3.896E+03	 4.315E+03	 5.000E+03	 4.008E+01
    1.9500	 2.000E+01	 1.647E+01	 1.301E+01	 0.000E+00	 2.808E+04	 3.894E+03	 4.306E+03	 5.000E+03	 4.008E+01
    1.9625	 2.000E+01	 1.649E+01	 1.301E+01	 0.000E+00	 2.798E+04	 3.892E+03	 4.297E+03	 5.000E+03	 4.008E+01
    1.9750	 2.000E+01	 1.650E+01	 1.301E+01	 0.000E+00	 2.788E+04	 3.890E+03	 4.288E+03	 5.000E+03	 4.008E+01
    1.9875	 2.000E+01	 1.651E+01	 1.301E+01	 0.000E+00	 2.778E+04	 3.889E+03	 4.280E+03	 5.000E+03	 4.008E+01
    2.0000	 2.000E+01	 1.653E+01	 1.301E+01	 0.000E+00	 2.768E+04	 3.887E+03	 4.271E+03	 5.000E+03	 4.008E+01
    2.0125	 2.000E+01	 1.654E+01	 1.301E+01	 0.000E+00	 2.758E+04	 3.885E+03	 4.263E+03	 5.000E+03	 4.008E+01
    2.0250	 2.000E+01	 1.655E+01	 1.301E+01	 0.000E+00	 2.749E+04	 3.884E+03	 4.256E+03	 5.000E+03	 4.008E+01
    2.0375	 2.000E+01	 1.657E+01	 1.301E+01	 0.000E+00	 2.739E+04	 3.882E+03	 4.248E+03	 5.000E+03	 4.008E+01
    2.0500	 2.000E+01	 1.658E+01	 1.301E+01	 0.000E+00	 2.730E+04	 3.880E+03	 4.241E+03	 5.000E+03	 4.008E+01
    2.0625	 2.000E+01	 1.659E+01	 1.301E+01	 0.000E+00	 2.721E+04	 3.879E+03	 4.233E+03	 5.000E+03	 4.008E+01
    2.0750	 2.000E+01	 1.660E+01	 1.301E+01	 0.000E+00	 2.712E+04	 3.877E+03	 4.226E+03	 5.000E+03	 4.008E+01
    2.0875	 2.000E+01	 1.662E+01	 1.301E+01	 0.000E+00	 2.703E+04	 3.876E+03	 4.220E+03	 5.000E+03	 4.008E+01
    2.1000	 2.000E+01	 1.663E+01	 1.301E+01	 0.000E+00	 2.694E+04	 3.874E+03	 4.213E+03	 5.000E+03	 4.008E+01
    2.1125	 2.000E+01	 1.664E+01	 1.301E+01	 0.000E+00	 2.685E+04	 3.873E+03	 4.207E+03	 5.000E+03	 4.008E+01
    2.1250	 2.000E+01	 1.665E+01	 1.301E+01	 0.000E+00	 2.676E+04	 3.871E+03	 4.201E+03	 5.000E+03	 4.008E+01
    2.1375	 2.000E+01	 1.667E+01	 1.301E+01	 0.000E+00	 2.668E+04	 3.870E+03	 4.195E+03	 5.000E+03	 4.008E+01
    2.1500	 2.000E+01	 1.668E+01	 1.301E+01	 0.000E+00	 2.659E+04	 3.869E+03	 4.189E+03	 5.000E+03	 4.009E+01
    2.1625	 2.000E+01	 1.669E+01	 1.301E+01	 0.000E+00	 2.651E+04	 3.867E+03	 4.183E+03	 5.000E+03	 4.009E+01
    2.1750	 2.000E+01	 1.670E+01	 1.301E+01	 0.000E+00	 2.643E+04	 3.866E+03	 4.178E+03	 5.000E+03	 4.009E+01
    2.1875	 2.000E+01	 1.671E+01	 1.301E+01	 0.000E+00	 2.635E+04	 3.865E+03	 4.172E+03	 5.000E+03	 4.009E+01
    2.2000	 2.000E+01	 1.672E+01	 1.301E+01	 0.000E+00	 2.626E+04	 3.864E+03	 4.167E+03	 5.000E+03	 4.009E+01
    2.2125	 2.000E+01	 1.674E+01	 1.301E+01	 0.000E+00	 2.619E+04	 3.862E+03	 4.162E+03	 5.000E+03	 4.009E+01
    2.2250	 2.000E+01	 1.675E+01	 1.300E+01	 0.000E+00	 2.611E+04	 3.861E+03	 4.158E+03	 5.000E+03	 4.010E+01
    2.2375	 2.000E+01	 1.676E+01	 1.300E+01	 0.000E+00	 2.603E+04	 3.860E+03	 4.153E+03	 5.000E+03	 4.010E+01
    2.2500	 2.000E+01	 1.677E+01	 1.300E+01	 0.000E+00	 2.596E+04	 3.859E+03	 4.149E+03	 5.000E+03	 4.010E+01
    2.2625	 2.000E+01	 1.678E+01	 1.300E+01	 0.000E+00	 2.588E+04	 3.858E+03	 4.145E+03	 5.000E+03	 4.010E+01
    2.2750	 2.000E+01	 1.679E+01	 1.300E+01	 0.000E+00	 2.581E+04	 3.857E+03	 4.141E+03	 5.000E+03	 4.010E+01
    2.2875	 2.000E+01	 1.680E+01	 1.300E+01	 0.000E+00	 2.573E+04	 3.856E+03	 4.137E+03	 5.000E+03	 4.011E+01
    2.3000	 2.000E+01	 1.681E+01	 1.300E+01	 0.000E+00	 2.566E+04	 3.855E+03	 4.133E+03	 5.000E+03	 4.011E+01
    2.3125	 2.000E+01	 1.682E+01	 1.300E+01	 0.000E+00	 2.559E+04	 3.854E+03	 4.129E+03	 5.000E+03	 4.011E+01
    2.3250	 2.000E+01	 1.683E+01	 1.300E+01	 0.000E+00	 2.552E+04	 3.853E+03	 4.126E+03	 5.000E+03	 4.012E+01
    2.3375	 2.000E+01	 1.684E+01	 1.300E+01	 0.000E+00	 2.545E+04	 3.852E+03	 4.122E+03	 5.000E+03	 4.012E+01
    2.3500	 2.000E+01	 1.685E+01	 1.300E+01	 0.000E+00	 2.538E+04	 3.851E+03	 4.119E+03	 5.000E+03	 4.012E+01
    2.3625	 2.000E+01	 1.686E+01	 1.300E+01	 0.000E+00	 2.532E+04	 3.850E+03	 4.116E+03	 5.000E+03	 4.012E+01
    2.3750	 2.000E+01	 1.687E+01	 1.299E+01	 0.000E+00	 2.525E+04	 3.849E+03	 4.113E+03	 5.000E+03	 4.013E+01
    2.3875	 2.000E+01	 1.688E+01	 1.299E+01	 0.000E+00	 2.518E+04	 3.848E+03	 4.110E+03	 5.000E+03	 4.013E+01
    2.4000	 2.000E+01	 1.689E+01	 1.299E+01	 0.000E+00	 2.512E+04	 3.847E+03	 4.107E+03	 5.000E+03	 4.013E+01
    2.4125	 2.000E+01	 1.690E+01	 1.299E+01	 0.000E+00	 2.506E+04	 3.847E+03	 4.104E+03	 5.000E+03	 4.014E+01
    2.4250	 2.000E+01	 1.691E+01	 1.299E+01	 0.000E+00	 2.499E+04	 3.846E+03	 4.101E+03	 5.000E+03	 4.014E+01
    2.4375	 2.000E+01	 1.692E+01	 1.299E+01	 0.000E+00	 2.493E+04	 3.845E+03	 4.099E+03	 5.000E+03	 4.014E+01
    2.4500	 2.000E+01	 1.693E+01	 1.299E+01	 0.000E+00	 2.487E+04	 3.844E+03	 4.096E+03	 5.000E+03	 4.015E+01
    2.4625	 2.000E+01	 1.694E+01	 1.299E+01	 0.000E+00	 2.481E+04	 3.844E+03	 4.094E+03	 5.000E+03	 4.015E+01
    2.4750	 2.000E+01	 1.695E+01	 1.299E+01	 0.000E+00	 2.475E+04	 3.843E+03	 4.091E+03	 5.000E+03	 4.016E+01
    2.4875	 2.000E+01	 1.696E+01	 1.298E+01	 0.000E+00	 2.469E+04	 3.842E+03	 4.089E+03	 5.000E+03	 4.016E+01
    2.5000	 2.000E+01	 1.697E+01	 1.298E+01	 0.000E+00	 2.464E+04	 3.842E+03	 4.087E+03	 5.000E+03	 4.016E+01
    2.5125	 2.000E+01	 1.698E+01	 1.298E+01	 0.000E+00	 2.458E+04	 3.841E+03	 4.085E+03	 5.000E+03	 4.017E+01
    2.5250	 2.000E+01	 1.699E+01	 1.298E+01	 0.000E+00	 2.453E+04	 3.840E+03	 4.083E+03	 5.000E+03	 4.017E+01
    2.5375	 2.000E+01	 1.700E+01	 1.298E+01	 0.000E+00	 2.447E+04	 3.840E+03	 4.081E+03	 5.000E+03	 4.018E+01
    2.5500	 2.000E+01	 1.701E+01	 1.298E+01	 0.000E+00	 2.442E+04	 3.839E+03	 4.079E+03	 5.000E+03	 4.018E+01
    2.5625	 2.000E+01	 1.702E+01	 1.298E+01	 0.000E+00	 2.436E+04	 3.839E+03	 4.077E+03	 5.000E+03	 4.018E+01
    2.5750	 2.000E+01	 1.702E+01	 1.297E+01	 0.000E+00	 2.431E+04	 3.838E+03	 4.075E+03	 5.000E+03	 4.019E+01
    2.5875	 2.000E+01	 1.703E+01	 1.297E+01	 0.000E+00	 2.426E+04	 3.838E+03	 4.073E+03	 5.000E+03	 4.019E+01
    2.6000	 2.000E+01	 1.704E+01	 1.297E+01	 0.000E+00	 2.421E+04	 3.837E+03	 4.071E+03	 5.000E+03	 4.020E+01
    2.6125	 2.000E+01	 1.705E+01	 1.297E+01	 0.000E+00	 2.416E+04	 3.837E+03	 4.070E+03	 5.000E+03	 4.020E+01
    2.6250	 2.000E+01	 1.706E+01	 1.297E+01	 0.000E+00	 2.411E+04	 3.836E+03	 4.068E+03	 5.000E+03	 4.021E+01
    2.6375	 2.000E+01	 1.707E+01	 1.297E+01	 0.000E+00	 2.406E+04	 3.836E+03	 4.066E+03	 5.000E+03	 4.021E+01
    2.6500	 2.000E+01	 1.707E+01	 1.297E+01	 0.000E+00	 2.401E+04	 3.836E+03	 4.065E+03	 5.000E+03	 4.022E+01
    2.6625	 2.000E+01	 1.708E+01	 1.296E+01	 0.000E+00	 2.397E+04	 3.835E+03	 4.063E+03	 5.000E+03	 4.022E+01
    2.6750	 2.000E+01	 1.709E+01	 1.296E+01	 0.000E+00	 2.392E+04	 3.835E+03	 4.062E+03	 5.000E+03	 4.023E+01
    2.6875	 2.000E+01	 1.710E+01	 1.296E+01	 0.000E+00	 2.387E+04	 3.835E+03	 4.060E+03	 5.000E+03	 4.023E+01
    2.7000	 2.000E+01	 1.711E+01	 1.296E+01	 0.000E+00	 2.383E+04	 3.834E+03	 4.059E+03	 5.000E+03	 4.024E+01
    2.7125	 2.000E+01	 1.711E+01	 1.296E+01	 0.000E+00	 2.378E+04	 3.834E+03	 4.058E+03	 5.000E+03	 4.024E+01
    2.7250	 2.000E+01	 1.712E+01	 1.296E+01	 0.000E+00	 2.374E+04	 3.834E+03	 4.056E+03	 5.000E+03	 4.025E+01
    2.7375	 2.000E+01	 1.713E+01	 1.295E+01	 0.000E+00	 2.370E+04	 3.833E+03	 4.055E+03	 5.000E+03	 4.025E+01
    2.7500	 2.000E+01	 1.714E+01	 1.295E+01	 0.000E+00	 2.366E+04	 3.833E+03	 4.053E+03	 5.000E+03	 4.026E+01
    2.7625	 2.000E+01	 1.715E+01	 1.295E+01	 0.000E+00	 2.362E+04	 3.833E+03	 4.052E+03	 5.000E+03	 4.026E+01
    2.7750	 2.000E+01	 1.715E+01	 1.295E+01	 0.000E+00	 2.357E+04	 3.833E+03	 4.051E+03	 5.000E+03	 4.027E+01
    2.7875	 2.000E+01	 1.716E+01	 1.295E+01	 0.000E+00	 2.353E+04	 3.832E+03	 4.049E+03	 5.000E+03	 4.027E+01
    2.8000	 2.000E+01	 1.717E+01	 1.295E+01	 0.000E+00	 2.349E+04	 3.832E+03	 4.048E+03	 5.000E+03	 4.028E+01
    2.8125	 2.000E+01	 1.717E+01	 1.294E+01	 0.000E+00	 2.346E+04	 3.832E+03	 4.047E+03	 5.000E+03	 4.028E+01
    2.8250	 2.000E+01	 1.718E+01	 1.294E+01	 0.000E+00	 2.342E+04	 3.832E+03	 4.045E+03	 5.000E+03	 4.029E+01
    2.8375	 2.000E+01	 1.719E+01	 1.294E+01	 0.000E+00	 2.338E+04	 3.832E+03	 4.044E+03	 5.000E+03	 4.029E+01
    2.8500	 2.000E+01	 1.720E+01	 1.294E+01	 0.000E+00	 2.334E+04	 3.832E+03	 4.043E+03	 5.000E+03	 4.030E+01
    2.8625	 2.000E+01	 1.720E+01	 1.294E+01	 0.000E+00	 2.331E+04	 3.832E+03	 4.041E+03	 5.000E+03	 4.031E+01
    2.8750	 2.000E+01	 1.721E+01	 1.293E+01	 0.000E+00	 2.327E+04	 3.831E+03	 4.040E+03	 5.000E+03	 4.031E+01
    2.8875	 2.000E+01	 1.722E+01	 1.293E+01	 0.000E+00	 2.324E+04	 3.831E+03	 4.039E+03	 5.000E+03	 4.032E+01
    2.9000	 2.000E+01	 1.722E+01	 1.293E+01	 0.000E+00	 2.320E+04	 3.831E+03	 4.037E+03	 5.000E+03	 4.032E+01
    2.9125	 2.000E+01	 1.723E+01	 1.293E+01	 0.000E+00	 2.317E+04	 3.831E+03	 4.036E+03	 5.000E+03	 4.033E+01
    2.9250	 2.000E+01	 1.724E+01	 1.293E+01	 0.000E+00	 2.314E+04	 3.831E+03	 4.035E+03	 5.000E+03	 4.034E+01
    2.9375	 2.000E+01	 1.724E+01	 1.293E+01	 0.000E+00	 2.310E+04	 3.831E+03	 4.033E+03	 5.000E+03	 4.034E+01
    2.9500	 2.000E+01	 1.725E+01	 1.292E+01	 0.000E+00	 2.307E+04	 3.831E+03	 4.032E+03	 5.000E+03	 4.035E+01
    2.9625	 2.000E+01	 1.726E+01	 1.292E+01	 0.000E+00	 2.304E+04	 3.831E+03	 4.030E+03	 5.000E+03	 4.035E+01
    2.9750	 2.000E+01	 1.726E+01	 1.292E+01	 0.000E+00	 2.301E+04	 3.831E+03	 4.029E+03	 5.000E+03	 4.036E+01
    2.9875	 2.000E+01	 1.727E+01	 1.292E+01	 0.000E+00	 2.298E+04	 3.831E+03	 4.027E+03	 5.000E+03	 4.037E+01
    3.0000	 2.000E+01	 1.728E+01	 1.292E+01	 0.000E+00	 2.295E+04	 3.831E+03	 4.026E+03	 5.000E+03	 4.037E+01
    3.0125	 2.000E+01	 1.728E+01	 1.291E+01	 0.000E+00	 2.292E+04	 3.832E+03	 4.024E+03	 5.000E+03	 4.038E+01
    3.0250	 2.000E+01	 1.729E+01	 1.291E+01	 0.000E+00	 2.289E+04	 3.832E+03	 4.022E+03	 5.000E+03	 4.039E+01
    3.0375	 2.000E+01	 1.729E+01	 1.291E+01	 0.000E+00	 2.286E+04	 3.832E+03	 4.021E+03	 5.000E+03	 4.039E+01
    3.0500	 2.000E+01	 1.730E+01	 1.291E+01	 0.000E+00	 2.283E+04	 3.832E+03	 4.019E+03	 5.000E+03	 4.040E+01
    3.0625	 2.000E+01	 1.731E+01	 1.291E+01	 0.000E+00	 2.281E+04	 3.832E+03	 4.017E+03	 5.000E+03	 4.040E+01
    3.0750	 2.000E+01	 1.731E+01	 1.290E+01	 0.000E+00	 2.278E+04	 3.832E+03	 4.016E+03	 5.000E+03	 4.041E+01
    3.0875	 2.000E+01	 1.732E+01	 1.290E+01	 0.000E+00	 2.275E+04	 3.832E+03	 4.014E+03	 5.000E+03	 4.042E+01
    3.1000	 2.000E+01	 1.732E+01	 1.290E+01	 0.000E+00	 2.273E+04	 3.832E+03	 4.012E+03	 5.000E+03	 4.042E+01
    3.1125	 2.000E+01	 1.733E+01	 1.290E+01	 0.000E+00	 2.270E+04	 3.833E+03	 4.010E+03	 5.000E+03	 4.043E+01
    3.1250	 2.000E+01	 1.734E+01	 1.289E+01	 0.000E+00	 2.268E+04	 3.833E+03	 4.008E+03	 5.000E+03	 4.044E+01
    3.1375	 2.000E+01	 1.734E+01	 1.289E+01	 0.000E+00	 2.265E+04	 3.833E+03	 4.006E+03	 5.000E+03	 4.044E+01
    3.1500	 2.000E+01	 1.735E+01	 1.289E+01	 0.000E+00	 2.263E+04	 3.833E+03	 4.004E+03	 5.000E+03	 4.045E+01
    3.1625	 2.000E+01	 1.735E+01	 1.289E+01	 0.000E+00	 2.261E+04	 3.833E+03	 4.002E+03	 5.000E+03	 4.046E+01
    3.1750	 2.000E+01	 1.736E+01	 1.289E+01	 0.000E+00	 2.258E+04	 3.834E+03	 4.000E+03	 5.000E+03	 4.046E+01
    3.1875	 2.000E+01	 1.736E+01	 1.288E+01	 0.000E+00	 2.256E+04	 3.834E+03	 3.998E+03	 5.000E+03	 4.047E+01
    3.2000	 2.000E+01	 1.737E+01	 1.288E+01	 0.000E+00	 2.254E+04	 3.834E+03	 3.996E+03	 5.000E+03	 4.048E+01
    3.2125	 2.000E+01	 1.737E+01	 1.288E+01	 0.000E+00	 2.252E+04	 3.834E+03	 3.993E+03	 5.000E+03	 4.049E+01
    3.2250	 2.000E+01	 1.738E+01	 1.288E+01	 0.000E+00	 2.249E+04	 3.835E+03	 3.991E+03	 5.000E+03	 4.049E+01
    3.2375	 2.000E+01	 1.738E+01	 1.288E+01	 0.000E+00	 2.247E+04	 3.835E+03	 3.989E+03	 5.000E+03	 4.050E+01
    3.2500	 2.000E+01	 1.739E+01	 1.287E+01	 0.000E+00	 2.245E+04	 3.835E+03	 3.986E+03	 5.000E+03	 4.051E+01
    3.2625	 2.000E+01	 1.739E+01	 1.287E+01	 0.000E+00	 2.243E+04	 3.836E+03	 3.984E+03	 5.000E+03	 4.051E+01
    3.2750	 2.000E+01	 1.740E+01	 1.287E+01	 0.000E+00	 2.241E+04	 3.836E+03	 3.981E+03	 5.000E+03	 4.052E+01
    3.2875	 2.000E+01	 1.740E+01	 1.287E+01	 0.000E+00	 2.239E+04	 3.836E+03	 3.979E+03	 5.000E+03	 4.053E+01
    3.3000	 2.000E+01	 1.741E+01	 1.286E+01	 0.000E+00	 2.238E+04	 3.837E+03	 3.976E+03	 5.000E+03	 4.053E+01
    3.3125	 2.000E+01	 1.741E+01	 1.286E+01	 0.000E+00	 2.236E+04	 3.837E+03	 3.973E+03	 5.000E+03	 4.054E+01
    3.3250	 2.000E+01	 1.742E+01	 1.286E+01	 0.000E+00	 2.234E+04	 3.837E+03	 3.971E+03	 5.000E+03	 4.055E+01
    3.3375	 2.000E+01	 1.742E+01	 1.286E+01	 0.000E+00	 2.232E+04	 3.838E+03	 3.968E+03	 5.000E+03	 4.056E+01
    3.3500	 2.000E+01	 1.743E+01	 1.285E+01	 0.000E+00	 2.231E+04	 3.838E+03	 3.965E+03	 5.000E+03	 4.056E+01
    3.3625	 2.000E+01	 1.743E+01	 1.285E+01	 0.000E+00	 2.229E+04	 3.839E+03	 3.962E+03	 5.000E+03	 4.057E+01
    3.3750	 2.000E+01	 1.744E+01	 1.285E+01	 0.000E+00	 2.228E+04	 3.839E+03	 3.959E+03	 5.000E+03	 4.058E+01
    3.3875	 2.000E+01	 1.744E+01	 1.285E+01	 0.000E+00	 2.226E+04	 3.840E+03	 3.956E+03	 5.000E+03	 4.058E+01
    3.4000	 2.000E+01	 1.745E+01	 1.285E+01	 0.000E+00	 2.224E+04	 3.840E+03	 3.953E+03	 5.000E+03	 4.059E+01
    3.4125	 2.000E+01	 1.745E+01	 1.284E+01	 0.000E+00	 2.223E+04	 3.840E+03	 3.950E+03	 5.000E+03	 4.060E+01
    3.4250	 2.000E+01	 1.745E+01	 1.284E+01	 0.000E+00	 2.222E+04	 3.841E+03	 3.947E+03	 5.000E+03	 4.061E+01
    3.4375	 2.000E+01	 1.746E+01	 1.284E+01	 0.000E+00	 2.220E+04	 3.841E+03	 3.943E+03	 5.000E+03	 4.061E+01
    3.4500	 2.000E+01	 1.746E+01	 1.284E+01	 0.000E+00	 2.219E+04	 3.842E+03	 3.940E+03	 5.000E+03	 4.062E+01
    3.4625	 2.000E+01	 1.747E+01	 1.283E+01	 0.000E+00	 2.218E+04	 3.842E+03	 3.936E+03	 5.000E+03	 4.063E+01
    3.4750	 2.000E+01	 1.747E+01	 1.283E+01	 0.000E+00	 2.216E+04	 3.843E+03	 3.933E+03	 5.000E+03	 4.064E+01
    3.4875	 2.000E+01	 1.748E+01	 1.283E+01	 0.000E+00	 2.215E+04	 3.843E+03	 3.929E+03	 5.000E+03	 4.064E+01
    3.5000	 2.000E+01	 1.748E+01	 1.283E+01	 0.000E+00	 2.214E+04	 3.844E+03	 3.926E+03	 5.000E+03	 4.065E+01
    3.5125	 2.000E+01	 1.748E+01	 1.282E+01	 0.000E+00	 2.213E+04	 3.844E+03	 3.922E+03	 5.000E+03	 4.066E+01
    3.5250	 2.000E+01	 1.749E+01	 1.282E+01	 0.000E+00	 2.212E+04	 3.845E+03	 3.918E+03	 5.000E+03	 4.067E+01
    3.5375	 2.000E+01	 1.749E+01	 1.282E+01	 0.000E+00	 2.210E+04	 3.845E+03	 3.915E+03	 5.000E+03	 4.067E+01
    3.5500	 2.000E+01	 1.750E+01	 1.282E+01	 0.000E+00	 2.209E+04	 3.846E+03	 3.911E+03	 5.000E+03	 4.068E+01
    3.5625	 2.000E+01	 1.750E+01	 1.282E+01	 0.000E+00	 2.208E+04	 3.847E+03	 3.907E+03	 5.000E+03	 4.069E+01
    3.5750	 2.000E+01	 1.750E+01	 1.281E+01	 0.000E+00	 2.207E+04	 3.847E+03	 3.903E+03	 5.000E+03	 4.070E+01
    3.5875	 2.000E+01	 1.751E+01	 1.281E+01	 0.000E+00	 2.207E+04	 3.848E+03	 3.899E+03	 5.000E+03	 4.070E+01
    3.6000	 2.000E+01	 1.751E+01	 1.281E+01	 0.000E+00	 2.206E+04	 3.848E+03	 3.895E+03	 5.000E+03	 4.071E+01
    3.6125	 2.000E+01	 1.752E+01	 1.281E+01	 0.000E+00	 2.205E+04	 3.849E+03	 3.891E+03	 5.000E+03	 4.072E+01
    3.6250	 2.000E+01	 1.752E+01	 1.280E+01	 0.000E+00	 2.204E+04	 3.849E+03	 3.886E+03	 5.000E+03	 4.073E+01
    3.6375	 2.000E+01	 1.752E+01	 1.280E+01	 0.000E+00	 2.203E+04	 3.850E+03	 3.882E+03	 5.000E+03	 4.073E+01
    3.6500	 2.000E+01	 1.753E+01	 1.280E+01	 0.000E+00	 2.202E+04	 3.851E+03	 3.878E+03	 5.000E+03	 4.074E+01
    3.6625	 2.000E+01	 1.753E+01	 1.280E+01	 0.000E+00	 2.202E+04	 3.851E+03	 3.873E+03	 5.000E+03	 4.075E+01
    3.6750	 2.000E+01	 1.753E+01	 1.279E+01	 0.000E+00	 2.201E+04	 3.852E+03	 3.869E+03	 5.000E+03	 4.076E+01
    3.6875	 2.000E+01	 1.754E+01	 1.279E+01	 0.000E+00	 2.200E+04	 3.852E+03	 3.864E+03	 5.000E+03	 4.077E+01
    3.7000	 2.000E+01	 1.754E+01	 1.279E+01	 0.000E+00	 2.200E+04	 3.853E+03	 3.860E+03	 5.000E+03	 4.077E+01
    3.7125	 2.000E+01	 1.754E+01	 1.279E+01	 0.000E+00	 2.199E+04	 3.854E+03	 3.855E+03	 5.000E+03	 4.078E+01
    3.7250	 2.000E+01	 1.755E+01	 1.278E+01	 0.000E+00	 2.199E+04	 3.854E+03	 3.850E+03	 5.000E+03	 4.079E+01
    3.7375	 2.000E+01	 1.755E+01	 1.278E+01	 0.000E+00	 2.198E+04	 3.855E+03	 3.846E+03	 5.000E+03	 4.080E+01
    3.7500	 2.000E+01	 1.755E+01	 1.278E+01	 0.000E+00	 2.198E+04	 3.856E+03	 3.841E+03	 5.000E+03	 4.080E+01
    3.7625	 2.000E+01	 1.756E+01	 1.278E+01	 0.000E+00	 2.197E+04	 3.856E+03	 3.836E+03	 5.000E+03	 4.081E+01
    3.7750	 2.000E+01	 1.756E+01	 1.277E+01	 0.000E+00	 2.197E+04	 3.857E+03	 3.831E+03	 5.000E+03	 4.082E+01
    3.7875	 2.000E+01	 1.756E+01	 1.277E+01	 0.000E+00	 2.196E+04	 3.858E+03	 3.826E+03	 5.000E+03	 4.083E+01
    3.8000	 2.000E+01	 1.757E+01	 1.277E+01	 0.000E+00	 2.196E+04	 3.858E+03	 3.821E+03	 5.000E+03	 4.083E+01
    3.8125	 2.000E+01	 1.757E+01	 1.277E+01	 0.000E+00	 2.196E+04	 3.859E+03	 3.816E+03	 5.000E+03	 4.084E+01
    3.8250	 2.000E+01	 1.757E+01	 1.276E+01	 0.000E+00	 2.195E+04	 3.860E+03	 3.811E+03	 5.000E+03	 4.085E+01
    3.8375	 2.000E+01	 1.757E+01	 1.276E+01	 0.000E+00	 2.195E+04	 3.861E+03	 3.805E+03	 5.000E+03	 4.086E+01
    3.8500	 2.000E+01	 1.758E+01	 1.276E+01	 0.000E+00	 2.195E+04	 3.861E+03	 3.800E+03	 5.000E+03	 4.087E+01
    3.8625	 2.000E+01	 1.758E+01	 1.276E+01	 0.000E+00	 2.195E+04	 3.862E+03	 3.795E+03	 5.000E+03	 4.087E+01
    3.8750	 2.000E+01	 1.758E+01	 1.275E+01	 0.000E+00	 2.195E+04	 3.863E+03	 3.789E+03	 5.000E+03	 4.088E+01
    3.8875	 2.000E+01	 1.759E+01	 1.275E+01	 0.000E+00	 2.194E+04	 3.863E+03	 3.784E+03	 5.000E+03	 4.089E+01
    3.9000	 2.000E+01	 1.759E+01	 1.275E+01	 0.000E+00	 2.194E+04	 3.864E+03	 3.779E+03	 5.000E+03	 4.090E+01
    3.9125	 2.000E+01	 1.759E+01	 1.275E+01	 0.000E+00	 2.194E+04	 3.865E+03	 3.773E+03	 5.000E+03	 4.091E+01
    3.9250	 2.000E+01	 1.759E+01	 1.274E+01	 0.000E+00	 2.194E+04	 3.866E+03	 3.768E+03	 5.000E+03	 4.091E+01
    3.9375	 2.000E+01	 1.760E+01	 1.274E+01	 0.000E+00	 2.194E+04	 3.866E+03	 3.762E+03	 5.000E+03	 4.092E+01
    3.9500	 2.000E+01	 1.760E+01	 1.274E+01	 0.000E+00	 2.194E+04	 3.867E+03	 3.756E+03	 5.000E+03	 4.093E+01
    3.9625	 2.000E+01	 1.760E+01	 1.274E+01	 0.000E+00	 2.194E+04	 3.868E+03	 3.751E+03	 5.000E+03	 4.094E+01
    3.9750	 2.000E+01	 1.760E+01	 1.274E+01	 0.000E+00	 2.194E+04	 3.869E+03	 3.745E+03	 5.000E+03	 4.094E+01
    3.9875	 2.000E+01	 1.761E+01	 1.273E+01	 0.000E+00	 2.194E+04	 3.869E+03	 3.739E+03	 5.000E+03	 4.095E+01
    4.0000	 2.000E+01	 1.761E+01	 1.273E+01	 0.000E+00	 2.194E+04	 3.870E+03	 3.733E+03	 5.000E+03	 4.096E+01
    4.0125	 2.000E+01	 1.761E+01	 1.273E+01	 0.000E+00	 2.195E+04	 3.871E+03	 3.727E+03	 5.000E+03	 4.097E+01
    4.0250	 2.000E+01	 1.761E+01	 1.273E+01	 0.000E+00	 2.195E+04	 3.872E+03	 3.721E+03	 5.000E+03	 4.098E+01
    4.0375	 2.000E+01	 1.762E+01	 1.272E+01	 0.000E+00	 2.195E+04	 3.873E+03	 3.715E+03	 5.000E+03	 4.098E+01
    4.0500	 2.000E+01	 1.762E+01	 1.272E+01	 0.000E+00	 2.195E+04	 3.873E+03	 3.709E+03	 5.000E+03	 4.099E+01
    4.0625	 2.000E+01	 1.762E+01	 1.272E+01	 0.000E+00	 2.195E+04	 3.874E+03	 3.703E+03	 5.000E+03	 4.100E+01
    4.0750	 2.000E+01	 1.762E+01	 1.272E+01	 0.000E+00	 2.196E+04	 3.875E+03	 3.697E+03	 5.000E+03	 4.101E+01
    4.0875	 2.000E+01	 1.763E+01	 1.271E+01	 0.000E+00	 2.196E+04	 3.876E+03	 3.691E+03	 5.000E+03	 4.102E+01
    4.1000	 2.000E+01	 1.763E+01	 1.271E+01	 0.000E+00	 2.196E+04	 3.877E+03	 3.685E+03	 5.000E+03	 4.102E+01
    4.1125	 2.000E+01	 1.763E+01	 1.271E+01	 0.000E+00	 2.197E+04	 3.877E+03	 3.679E+03	 5.000E+03	 4.103E+01
    4.1250	 2.000E+01	 1.763E+01	 1.271E+01	 0.000E+00	 2.197E+04	 3.878E+03	 3.673E+03	 5.000E+03	 4.104E+01
    4.1375	 2.000E+01	 1.764E+01	 1.270E+01	 0.000E+00	 2.197E+04	 3.879E+03	 3.667E+03	 5.000E+03	 4.105E+01
    4.1500	 2.000E+01	 1.764E+01	 1.270E+01	 0.000E+00	 2.198E+04	 3.880E+03	 3.660E+03	 5.000E+03	 4.105E+01
    4.1625	 2.000E+01	 1.764E+01	 1.270E+01	 0.000E+00	 2.198E+04	 3.881E+03	 3.654E+03	 5.000E+03	 4.106E+01
    4.1750	 2.000E+01	 1.764E+01	 1.270E+01	 0.000E+00	 2.199E+04	 3.882E+03	 3.648E+03	 5.000E+03	 4.107E+01
    4.1875	 2.000E+01	 1.764E+01	 1.269E+01	 0.000E+00	 2.199E+04	 3.882E+03	 3.642E+03	 5.000E+03	 4.108E+01
    4.2000	 2.000E+01	 1.765E+01	 1.269E+01	 0.000E+00	 2.200E+04	 3.883E+03	 3.635E+03	 5.000E+03	 4.109E+01
    4.2125	 2.000E+01	 1.765E+01	 1.269E+01	 0.000E+00	 2.200E+04	 3.884E+03	 3.629E+03	 5.000E+03	 4.109E+01
    4.2250	 2.000E+01	 1.765E+01	 1.269E+01	 0.000E+00	 2.201E+04	 3.885E+03	 3.622E+03	 5.000E+03	 4.110E+01
    4.2375	 2.000E+01	 1.765E+01	 1.268E+01	 0.000E+00	 2.201E+04	 3.886E+03	 3.616E+03	 5.000E+03	 4.111E+01
    4.2500	 2.000E+01	 1.765E+01	 1.268E+01	 0.000E+00	 2.202E+04	 3.887E+03	 3.610E+03	 5.000E+03	 4.112E+01
    4.2625	 2.000E+01	 1.765E+01	 1.268E+01	 0.000E+00	 2.202E+04	 3.887E+03	 3.603E+03	 5.000E+03	 4.113E+01
    4.2750	 2.000E+01	 1.766E+01	 1.268E+01	 0.000E+00	 2.203E+04	 3.888E+03	 3.597E+03	 5.000E+03	 4.113E+01
    4.2875	 2.000E+01	 1.766E+01	 1.267E+01	 0.000E+00	 2.204E+04	 3.889E+03	 3.590E+03	 5.000E+03	 4.114E+01
    4.3000	 2.000E+01	 1.766E+01	 1.267E+01	 0.000E+00	 2.204E+04	 3.890E+03	 3.584E+03	 5.000E+03	 4.115E+01
    4.3125	 2.000E+01	 1.766E+01	 1.267E+01	 0.000E+00	 2.205E+04	 3.891E+03	 3.577E+03	 5.000E+03	 4.116E+01
    4.3250	 2.000E+01	 1.766E+01	 1.267E+01	 0.000E+00	 2.206E+04	 3.892E+03	 3.571E+03	 5.000E+03	 4.116E+01
    4.3375	 2.000E+01	 1.767E+01	 1.266E+01	 0.000E+00	 2.206E+04	 3.893E+03	 3.564E+03	 5.000E+03	 4.117E+01
    4.3500	 2.000E+01	 1.767E+01	 1.266E+01	 0.000E+00	 2.207E+04	 3.893E+03	 3.558E+03	 5.000E+03	 4.118E+01
    4.3625	 2.000E+01	 1.767E+01	 1.266E+01	 0.000E+00	 2.208E+04	 3.894E+03	 3.552E+03	 5.000E+03	 4.119E+01
    4.3750	 2.000E+01	 1.767E+01	 1.266E+01	 0.000E+00	 2.208E+04	 3.895E+03	 3.545E+03	 5.000E+03	 4.120E+01
    4.3875	 2.000E+01	 1.767E+01	 1.266E+01	 0.000E+00	 2.209E+04	 3.896E+03	 3.539E+03	 5.000E+03	 4.120E+01
    4.4000	 2.000E+01	 1.767E+01	 1.265E+01	 0.000E+00	 2.210E+04	 3.897E+03	 3.532E+03	 5.000E+03	 4.121E+01
    4.4125	 2.000E+01	 1.767E+01	 1.265E+01	 0.000E+00	 2.211E+04	 3.898E+03	 3.526E+03	 5.000E+03	 4.122E+01
    4.4250	 2.000E+01	 1.768E+01	 1.265E+01	 0.000E+00	 2.212E+04	 3.899E+03	 3.519E+03	 5.000E+03	 4.123E+01
    4.4375	 2.000E+01	 1.768E+01	 1.265E+01	 0.000E+00	 2.212E+04	 3.900E+03	 3.513E+03	 5.000E+03	 4.123E+01
    4.4500	 2.000E+01	 1.768E+01	 1.264E+01	 0.000E+00	 2.213E+04	 3.901E+03	 3.506E+03	 5.000E+03	 4.124E+01
    4.4625	 2.000E+01	 1.768E+01	 1.264E+01	 0.000E+00	 2.214E+04	 3.901E+03	 3.500E+03	 5.000E+03	 4.125E+01
    4.4750	 2.000E+01	 1.768E+01	 1.264E+01	 0.000E+00	 2.215E+04	 3.902E+03	 3.493E+03	 5.000E+03	 4.126E+01
    4.4875	 2.000E+01	 1.768E+01	 1.264E+01	 0.000E+00	 2.216E+04	 3.903E+03	 3.487E+03	 5.000E+03	 4.127E+01
    4.5000	 2.000E+01	 1.768E+01	 1.263E+01	 0.000E+00	 2.217E+04	 3.904E+03	 3.480E+03	 5.000E+03	 4.127E+01
    4.5125	 2.000E+01	 1.769E+01	 1.263E+01	 0.000E+00	 2.217E+04	 3.905E+03	 3.474E+03	 5.000E+03	 4.128E+01
    4.5250	 2.000E+01	 1.769E+01	 1.263E+01	 0.000E+00	 2.218E+04	 3.906E+03	 3.467E+03	 5.000E+03	 4.129E+01
    4.5375	 2.000E+01	 1.769E+01	 1.263E+01	 0.000E+00	 2.219E+04	 3.907E+03	 3.461E+03	 5.000E+03	 4.130E+01
    4.5500	 2.000E+01	 1.769E+01	 1.262E+01	 0.000E+00	 2.220E+04	 3.908E+03	 3.455E+03	 5.000E+03	 4.130E+01
    4.5625	 2.000E+01	 1.769E+01	 1.262E+01	 0.000E+00	 2.221E+04	 3.909E+03	 3.448E+03	 5.000E+03	 4.131E+01
    4.5750	 2.000E+01	 1.769E+01	 1.262E+01	 0.000E+00	 2.222E+04	 3.909E+03	 3.442E+03	 5.000E+03	 4.132E+01
    4.5875	 2.000E+01	 1.769E+01	 1.262E+01	 0.000E+00	 2.223E+04	 3.910E+03	 3.436E+03	 5.000E+03	 4.133E+01
    4.6000	 2.000E+01	 1.769E+01	 1.261E+01	 0.000E+00	 2.224E+04	 3.911E+03	 3.430E+03	 5.000E+03	 4.133E+01
    4.6125	 2.000E+01	 1.770E+01	 1.261E+01	 0.000E+00	 2.225E+04	 3.912E+03	 3.423E+03	 5.000E+03	 4.134E+01
    4.6250	 2.000E+01	 1.770E+01	 1.261E+01	 0.000E+00	 2.226E+04	 3.913E+03	 3.417E+03	 5.000E+03	 4.135E+01
    4.6375	 2.000E+01	 1.770E+01	 1.261E+01	 0.000E+00	 2.227E+04	 3.914E+03	 3.411E+03	 5.000E+03	 4.136E+01
    4.6500	 2.000E+01	 1.770E+01	 1.261E+01	 0.000E+00	 2.228E+04	 3.915E+03	 3.405E+03	 5.000E+03	 4.137E+01
    4.6625	 2.000E+01	 1.770E+01	 1.260E+01	 0.000E+00	 2.229E+04	 3.916E+03	 3.399E+03	 5.000E+03	 4.137E+01
    4.6750	 2.000E+01	 1.770E+01	 1.260E+01	 0.000E+00	 2.230E+04	 3.917E+03	 3.393E+03	 5.000E+03	 4.138E+01
    4.6875	 2.000E+01	 1.770E+01	 1.260E+01	 0.000E+00	 2.231E+04	 3.918E+03	 3.387E+03	 5.000E+03	 4.139E+01
    4.7000	 2.000E+01	 1.770E+01	 1.260E+01	 0.000E+00	 2.232E+04	 3.919E+03	 3.381E+03	 5.000E+03	 4.140E+01
    4.7125	 2.000E+01	 1.770E+01	 1.259E+01	 0.000E+00	 2.233E+04	 3.919E+03	 3.375E+03	 5.000E+03	 4.140E+01
    4.7250	 2.000E+01	 1.770E+01	 1.259E+01	 0.000E+00	 2.234E+04	 3.920E+03	 3.369E+03	 5.000E+03	 4.141E+01
    4.7375	 2.000E+01	 1.771E+01	 1.259E+01	 0.000E+00	 2.235E+04	 3.921E+03	 3.363E+03	 5.000E+03	 4.142E+01
    4.7500	 2.000E+01	 1.771E+01	 1.259E+01	 0.000E+00	 2.236E+04	 3.922E+03	 3.357E+03	 5.000E+03	 4.143E+01
    4.7625	 2.000E+01	 1.771E+01	 1.258E+01	 0.000E+00	 2.237E+04	 3.923E+03	 3.351E+03	 5.000E+03	 4.143E+01
    4.7750	 2.000E+01	 1.771E+01	 1.258E+01	 0.000E+00	 2.238E+04	 3.924E+03	 3.346E+03	 5.000E+03	 4.144E+01
    4.7875	 2.000E+01	 1.771E+01	 1.258E+01	 0.000E+00	 2.239E+04	 3.925E+03	 3.340E+03	 5.000E+03	 4.145E+01
    4.8000	 2.000E+01	 1.771E+01	 1.258E+01	 0.000E+00	 2.240E+04	 3.926E+03	 3.334E+03	 5.000E+03	 4.146E+01
    4.8125	 2.000E+01	 1.771E+01	 1.258E+01	 0.000E+00	 2.241E+04	 3.927E+03	 3.329E+03	 5.000E+03	 4.146E+01
    4.8250	 2.000E+01	 1.771E+01	 1.257E+01	 0.000E+00	 2.242E+04	 3.928E+03	 3.323E+03	 5.000E+03	 4.147E+01
    4.8375	 2.000E+01	 1.771E+01	 1.257E+01	 0.000E+00	 2.243E+04	 3.929E+03	 3.318E+03	 5.000E+03	 4.148E+01
    4.8500	 2.000E+01	 1.771E+01	 1.257E+01	 0.000E+00	 2.244E+04	 3.930E+03	 3.312E+03	 5.000E+03	 4.149E+01
    4.8625	 2.000E+01	 1.771E+01	 1.257E+01	 0.000E+00	 2.246E+04	 3.930E+03	 3.307E+03	 5.000E+03	 4.149E+01
    4.8750	 2.000E+01	 1.771E+01	 1.256E+01	 0.000E+00	 2.247E+04	 3.931E+03	 3.302E+03	 5.000E+03	 4.150E+01
    4.8875	 2.000E+01	 1.772E+01	 1.256E+01	 0.000E+00	 2.248E+04	 3.932E+03	 3.297E+03	 5.000E+03	 4.151E+01
    4.9000	 2.000E+01	 1.772E+01	 1.256E+01	 0.000E+00	 2.249E+04	 3.933E+03	 3.291E+03	 5.000E+03	 4.151E+01
    4.9125	 2.000E+01	 1.772E+01	 1.256E+01	 0.000E+00	 2.250E+04	 3.934E+03	 3.286E+03	 5.000E+03	 4.152E+01
    4.9250	 2.000E+01	 1.772E+01	 1.256E+01	 0.000E+00	 2.251E+04	 3.935E+03	 3.281E+03	 5.000E+03	 4.153E+01
    4.9375	 2.000E+01	 1.772E+01	 1.255E+01	 0.000E+00	 2.252E+04	 3.936E+03	 3.276E+03	 5.000E+03	 4.154E+01
    4.9500	 2.000E+01	 1.772E+01	 1.255E+01	 0.000E+00	 2.253E+04	 3.937E+03	 3.272E+03	 5.000E+03	 4.154E+01
    4.9625	 2.000E+01	 1.772E+01	 1.255E+01	 0.000E+00	 2.255E+04	 3.938E+03	 3.267E+03	 5.000E+03	 4.155E+01
    4.9750	 2.000E+01	 1.772E+01	 1.255E+01	 0.000E+00	 2.256E+04	 3.939E+03	 3.262E+03	 5.000E+03	 4.156E+01
    4.9875	 2.000E+01	 1.772E+01	 1.254E+01	 0.000E+00	 2.257E+04	 3.940E+03	 3.257E+03	 5.000E+03	 4.157E+01
    5.0000	 2.000E+01	 1.772E+01	 1.254E+01	 0.000E+00	 2.258E+04	 3.941E+03	 3.253E+03	 5.000E+03	 4.157E+01
    5.0125	 2.000E+01	 1.772E+01	 1.254E+01	 0.000E+00	 2.259E+04	 3.942E+03	 3.248E+03	 5.000E+03	 4.158E+01
    5.0250	 2.000E+01	 1.772E+01	 1.254E+01	 0.000E+00	 2.260E+04	 3.943E+03	 3.244E+03	 5.000E+03	 4.159E+01
    5.0375	 2.000E+01	 1.772E+01	 1.254E+01	 0.000E+00	 2.262E+04	 3.943E+03	 3.240E+03	 5.000E+03	 4.159E+01
    5.0500	 2.000E+01	 1.772E+01	 1.253E+01	 0.000E+00	 2.263E+04	 3.944E+03	 3.236E+03	 5.000E+03	 4.160E+01
    5.0625	 2.000E+01	 1.772E+01	 1.253E+01	 0.000E+00	 2.264E+04	 3.945E+03	 3.231E+03	 5.000E+03	 4.161E+01
    5.0750	 2.000E+01	 1.772E+01	 1.253E+01	 0.000E+00	 2.265E+04	 3.946E+03	 3.228E+03	 5.000E+03	 4.162E+01
    5.0875	 2.000E+01	 1.772E+01	 1.253E+01	 0.000E+00	 2.267E+04	 3.947E+03	 3.224E+03	 5.000E+03	 4.162E+01
    5.1000	 2.000E+01	 1.772E+01	 1.253E+01	 0.000E+00	 2.268E+04	 3.948E+03	 3.220E+03	 5.000E+03	 4.163E+01
    5.1125	 2.000E+01	 1.772E+01	 1.252E+01	 0.000E+00	 2.269E+04	 3.949E+03	 3.216E+03	 5.000E+03	 4.164E+01
    5.1250	 2.000E+01	 1.772E+01	 1.252E+01	 0.000E+00	 2.270E+04	 3.950E+03	 3.213E+03	 5.000E+03	 4.164E+01
    5.1375	 2.000E+01	 1.772E+01	 1.252E+01	 0.000E+00	 2.272E+04	 3.951E+03	 3.209E+03	 5.000E+03	 4.165E+01
    5.1500	 2.000E+01	 1.773E+01	 1.252E+01	 0.000E+00	 2.273E+04	 3.952E+03	 3.206E+03	 5.000E+03	 4.166E+01
    5.1625	 2.000E+01	 1.773E+01	 1.251E+01	 0.000E+00	 2.274E+04	 3.953E+03	 3.203E+03	 5.000E+03	 4.167E+01
    5.1750	 2.000E+01	 1.773E+01	 1.251E+01	 0.000E+00	 2.276E+04	 3.954E+03	 3.200E+03	 5.000E+03	 4.167E+01
    5.1875	 2.000E+01	 1.773E+01	 1.251E+01	 0.000E+00	 2.277E+04	 3.955E+03	 3.197E+03	 5.000E+03	 4.168E+01
    5.2000	 2.000E+01	 1.773E+01	 1.251E+01	 0.000E+00	 2.278E+04	 3.956E+03	 3.194E+03	 5.000E+03	 4.169E+01
    5.2125	 2.000E+01	 1.773E+01	 1.251E+01	 0.000E+00	 2.280E+04	 3.956E+03	 3.191E+03	 5.000E+03	 4.169E+01
    5.2250	 2.000E+01	 1.773E+01	 1.250E+01	 0.000E+00	 2.281E+04	 3.957E+03	 3.188E+03	 5.000E+03	 4.170E+01
    5.2375	 2.000E+01	 1.773E+01	 1.250E+01	 0.000E+00	 2.282E+04	 3.958E+03	 3.185E+03	 5.000E+03	 4.171E+01
    5.2500	 2.000E+01	 1.773E+01	 1.250E+01	 0.000E+00	 2.284E+04	 3.959E+03	 3.183E+03	 5.000E+03	 4.171E+01
    5.2625	 2.000E+01	 1.773E+01	 1.250E+01	 0.000E+00	 2.285E+04	 3.960E+03	 3.180E+03	 5.000E+03	 4.172E+01
    5.2750	 2.000E+01	 1.773E+01	 1.250E+01	 0.000E+00	 2.286E+04	 3.961E+03	 3.178E+03	 5.000E+03	 4.173E+01
    5.2875	 2.000E+01	 1.773E+01	 1.249E+01	 0.000E+00	 2.288E+04	 3.962E+03	 3.176E+03	 5.000E+03	 4.174E+01
    5.3000	 2.000E+01	 1.773E+01	 1.249E+01	 0.000E+00	 2.289E+04	 3.963E+03	 3.174E+03	 5.000E+03	 4.174E+01
    5.3125	 2.000E+01	 1.773E+01	 1.249E+01	 0.000E+00	 2.291E+04	 3.964E+03	 3.172E+03	 5.000E+03	 4.175E+01
    5.3250	 2.000E+01	 1.773E+01	 1.249E+01	 0.000E+00	 2.292E+04	 3.965E+03	 3.170E+03	 5.000E+03	 4.176E+01
    5.3375	 2.000E+01	 1.773E+01	 1.249E+01	 0.000E+00	 2.293E+04	 3.966E+03	 3.168E+03	 5.000E+03	 4.176E+01
    5.3500	 2.000E+01	 1.773E+01	 1.248E+01	 0.000E+00	 2.295E+04	 3.967E+03	 3.166E+03	 5.000E+03	 4.177E+01
    5.3625	 2.000E+01	 1.773E+01	 1.248E+01	 0.000E+00	 2.296E+04	 3.968E+03	 3.165E+03	 5.000E+03	 4.178E+01
    5.3750	 2.000E+01	 1.773E+01	 1.248E+01	 0.000E+00	 2.298E+04	 3.969E+03	 3.163E+03	 5.000E+03	 4.178E+01
    5.3875	 2.000E+01	 1.773E+01	 1.248E+01	 0.000E+00	 2.299E+04	 3.969E+03	 3.162E+03	 5.000E+03	 4.179E+01
    5.4000	 2.000E+01	 1.773E+01	 1.248E+01	 0.000E+00	 2.301E+04	 3.970E+03	 3.161E+03	 5.000E+03	 4.180E+01
    5.4125	 2.000E+01	 1.773E+01	 1.247E+01	 0.000E+00	 2.302E+04	 3.971E+03	 3.160E+03	 5.000E+03	 4.180E+01
    5.4250	 2.000E+01	 1.773E+01	 1.247E+01	 0.000E+00	 2.303E+04	 3.972E+03	 3.159E+03	 5.000E+03	 4.181E+01
    5.4375	 2.000E+01	 1.773E+01	 1.247E+01	 0.000E+00	 2.305E+04	 3.973E+03	 3.158E+03	 5.000E+03	 4.182E+01
    5.4500	 2.000E+01	 1.773E+01	 1.247E+01	 0.000E+00	 2.306E+04	 3.974E+03	 3.157E+03	 5.000E+03	 4.182E+01
    5.4625	 2.000E+01	 1.773E+01	 1.247E+01	 0.000E+00	 2.308E+04	 3.975E+03	 3.156E+03	 5.000E+03	 4.183E+01
    5.4750	 2.000E+01	 1.773E+01	 1.246E+01	 0.000E+00	 2.309E+04	 3.976E+03	 3.156E+03	 5.000E+03	 4.184E+01
    5.4875	 2.000E+01	 1.773E+01	 1.246E+01	 0.000E+00	 2.311E+04	 3.977E+03	 3.156E+03	 5.000E+03	 4.184E+01
    5.5000	 2.000E+01	 1.773E+01	 1.246E+01	 0.000E+00	 2.312E+04	 3.978E+03	 3.155E+03	 5.000E+03	 4.185E+01
    5.5125	 2.000E+01	 1.773E+01	 1.246E+01	 0.000E+00	 2.313E+04	 3.979E+03	 3.155E+03	 5.000E+03	 4.186E+01
    5.5250	 2.000E+01	 1.773E+01	 1.246E+01	 0.000E+00	 2.315E+04	 3.979E+03	 3.155E+03	 5.000E+03	 4.186E+01
    5.5375	 2.000E+01	 1.773E+01	 1.245E+01	 0.000E+00	 2.316E+04	 3.980E+03	 3.155E+03	 5.000E+03	 4.187E+01
    5.5500	 2.000E+01	 1.773E+01	 1.245E+01	 0.000E+00	 2.318E+04	 3.981E+03	 3.156E+03	 5.000E+03	 4.187E+01
    5.5625	 2.000E+01	 1.773E+01	 1.245E+01	 0.000E+00	 2.319E+04	 3.982E+03	 3.156E+03	 5.000E+03	 4.188E+01
    5.5750	 2.000E+01	 1.773E+01	 1.245E+01	 0.000E+00	 2.321E+04	 3.983E+03	 3.157E+03	 5.000E+03	 4.189E+01
    5.5875	 2.000E+01	 1.773E+01	 1.245E+01	 0.000E+00	 2.322E+04	 3.984E+03	 3.157E+03	 5.000E+03	 4.189E+01
    5.6000	 2.000E+01	 1.773E+01	 1.244E+01	 0.000E+00	 2.324E+04	 3.985E+03	 3.158E+03	 5.000E+03	 4.190E+01
    5.6125	 2.000E+01	 1.773E+01	 1.244E+01	 0.000E+00	 2.325E+04	 3.986E+03	 3.159E+03	 5.000E+03	 4.191E+01
    5.6250	 2.000E+01	 1.773E+01	 1.244E+01	 0.000E+00	 2.327E+04	 3.987E+03	 3.160E+03	 5.000E+03	 4.191E+01
    5.6375	 2.000E+01	 1.773E+01	 1.244E+01	 0.000E+00	 2.328E+04	 3.987E+03	 3.161E+03	 5.000E+03	 4.192E+01
    5.6500	 2.000E+01	 1.773E+01	 1.244E+01	 0.000E+00	 2.330E+04	 3.988E+03	 3.163E+03	 5.000E+03	 4.193E+01
    5.6625	 2.000E+01	 1.773E+01	 1.244E+01	 0.000E+00	 2.331E+04	 3.989E+03	 3.164E+03	 5.000E+03	 4.193E+01
    5.6750	 2.000E+01	 1.773E+01	 1.243E+01	 0.000E+00	 2.333E+04	 3.990E+03	 3.166E+03	 5.000E+03	 4.194E+01
    5.6875	 2.000E+01	 1.773E+01	 1.243E+01	 0.000E+00	 2.334E+04	 3.991E+03	 3.167E+03	 5.000E+03	 4.194E+01
    5.7000	 2.000E+01	 1.773E+01	 1.243E+01	 0.000E+00	 2.336E+04	 3.992E+03	 3.169E+03	 5.000E+03	 4.195E+01
    5.7125	 2.000E+01	 1.773E+01	 1.243E+01	 0.000E+00	 2.337E+04	 3.993E+03	 3.171E+03	 5.000E+03	 4.196E+01
    5.7250	 2.000E+01	 1.773E+01	 1.243E+01	 0.000E+00	 2.339E+04	 3.994E+03	 3.173E+03	 5.000E+03	 4.196E+01
    5.7375	 2.000E+01	 1.773E+01	 1.242E+01	 0.000E+00	 2.340E+04	 3.994E+03	 3.175E+03	 5.000E+03	 4.197E+01
    5.7500	 2.000E+01	 1.773E+01	 1.242E+01	 0.000E+00	 2.342E+04	 3.995E+03	 3.178E+03	 5.000E+03	 4.198E+01
    5.7625	 2.000E+01	 1.773E+01	 1.242E+01	 0.000E+00	 2.343E+04	 3.996E+03	 3.180E+03	 5.000E+03	 4.198E+01
    5.7750	 2.000E+01	 1.772E+01	 1.242E+01	 0.000E+00	 2.345E+04	 3.997E+03	 3.183E+03	 5.000E+03	 4.199E+01
    5.7875	 2.000E+01	 1.772E+01	 1.242E+01	 0.000E+00	 2.347E+04	 3.998E+03	 3.185E+03	 5.000E+03	 4.199E+01
    5.8000	 2.000E+01	 1.772E+01	 1.242E+01	 0.000E+00	 2.348E+04	 3.999E+03	 3.188E+03	 5.000E+03	 4.200E+01
    5.8125	 2.000E+01	 1.772E+01	 1.241E+01	 0.000E+00	 2.350E+04	 4.000E+03	 3.191E+03	 5.000E+03	 4.201E+01
    5.8250	 2.000E+01	 1.772E+01	 1.241E+01	 0.000E+00	 2.351E+04	 4.000E+03	 3.194E+03	 5.000E+03	 4.201E+01
    5.8375	 2.000E+01	 1.772E+01	 1.241E+01	 0.000E+00	 2.353E+04	 4.001E+03	 3.197E+03	 5.000E+03	 4.202E+01
    5.8500	 2.000E+01	 1.772E+01	 1.241E+01	 0.000E+00	 2.354E+04	 4.002E+03	 3.201E+03	 5.000E+03	 4.202E+01
    5.8625	 2.000E+01	 1.772E+01	 1.241E+01	 0.000E+00	 2.356E+04	 4.003E+03	 3.204E+03	 5.000E+03	 4.203E+01
    5.8750	 2.000E+01	 1.772E+01	 1.240E+01	 0.000E+00	 2.357E+04	 4.004E+03	 3.208E+03	 5.000E+03	 4.204E+01
    5.8875	 2.000E+01	 1.772E+01	 1.240E+01	 0.000E+00	 2.359E+04	 4.005E+03	 3.212E+03	 5.000E+03	 4.204E+01
    5.9000	 2.000E+01	 1.772E+01	 1.240E+01	 0.000E+00	 2.360E+04	 4.006E+03	 3.215E+03	 5.000E+03	 4.205E+01
    5.9125	 2.000E+01	 1.772E+01	 1.240E+01	 0.000E+00	 2.362E+04	 4.006E+03	 3.219E+03	 5.000E+03	 4.205E+01
    5.9250	 2.000E+01	 1.772E+01	 1.240E+01	 0.000E+00	 2.363E+04	 4.007E+03	 3.223E+03	 5.000E+03	 4.206E+01
    5.9375	 2.000E+01	 1.772E+01	 1.240E+01	 0.000E+00	 2.365E+04	 4.008E+03	 3.228E+03	 5.000E+03	 4.206E+01
    5.9500	 2.000E+01	 1.772E+01	 1.239E+01	 0.000E+00	 2.366E+04	 4.009E+03	 3.232E+03	 5.000E+03	 4.207E+01
    5.9625	 2.000E+01	 1.772E+01	 1.239E+01	 0.000E+00	 2.368E+04	 4.010E+03	 3.236E+03	 5.000E+03	 4.208E+01
    5.9750	 2.000E+01	 1.772E+01	 1.239E+01	 0.000E+00	 2.370E+04	 4.011E+03	 3.241E+03	 5.000E+03	 4.208E+01
    5.9875	 2.000E+01	 1.772E+01	 1.239E+01	 0.000E+00	 2.371E+04	 4.011E+03	 3.246E+03	 5.000E+03	 4.209E+01
    6.0000	 2.000E+01	 1.772E+01	 1.239E+01	 0.000E+00	 2.373E+04	 4.012E+03	 3.251E+03	 5.000E+03	 4.209E+01
    6.0125	 2.000E+01	 1.772E+01	 1.239E+01	 0.000E+00	 2.374E+04	 4.013E+03	 3.256E+03	 5.000E+03	 4.210E+01
    6.0250	 2.000E+01	 1.772E+01	 1.238E+01	 0.000E+00	 2.376E+04	 4.014E+03	 3.261E+03	 5.000E+03	 4.210E+01
    6.0375	 2.000E+01	 1.772E+01	 1.238E+01	 0.000E+00	 2.377E+04	 4.015E+03	 3.266E+03	 5.000E+03	 4.211E+01
    6.0500	 2.000E+01	 1.772E+01	 1.238E+01	 0.000E+00	 2.379E+04	 4.016E+03	 3.271E+03	 5.000E+03	 4.212E+01
    6.0625	 2.000E+01	 1.772E+01	 1.238E+01	 0.000E+00	 2.380E+04	 4.016E+03	 3.276E+03	 5.000E+03	 4.212E+01
    6.0750	 2.000E+01	 1.772E+01	 1.238E+01	 0.000E+00	 2.382E+04	 4.017E+03	 3.282E+03	 5.000E+03	 4.213E+01
    6.0875	 2.000E+01	 1.772E+01	 1.238E+01	 0.000E+00	 2.383E+04	 4.018E+03	 3.287E+03	 5.000E+03	 4.213E+01
    6.1000	 2.000E+01	 1.772E+01	 1.237E+01	 0.000E+00	 2.385E+04	 4.019E+03	 3.293E+03	 5.000E+03	 4.214E+01
    6.1125	 2.000E+01	 1.771E+01	 1.237E+01	 0.000E+00	 2.386E+04	 4.020E+03	 3.299E+03	 5.000E+03	 4.214E+01
    6.1250	 2.000E+01	 1.771E+01	 1.237E+01	 0.000E+00	 2.388E+04	 4.020E+03	 3.305E+03	 5.000E+03	 4.215E+01
    6.1375	 2.000E+01	 1.771E+01	 1.237E+01	 0.000E+00	 2.389E+04	 4.021E+03	 3.311E+03	 5.000E+03	 4.216E+01
    6.1500	 2.000E+01	 1.771E+01	 1.237E+01	 0.000E+00	 2.391E+04	 4.022E+03	 3.317E+03	 5.000E+03	 4.216E+01
    6.1625	 2.000E+01	 1.771E+01	 1.237E+01	 0.000E+00	 2.392E+04	 4.023E+03	 3.323E+03	 5.000E+03	 4.217E+01
    6.1750	 2.000E+01	 1.771E+01	 1.236E+01	 0.000E+00	 2.394E+04	 4.024E+03	 3.330E+03	 5.000E+03	 4.217E+01
    6.1875	 2.000E+01	 1.771E+01	 1.236E+01	 0.000E+00	 2.395E+04	 4.024E+03	 3.336E+03	 5.000E+03	 4.218E+01
    6.2000	 2.000E+01	 1.771E+01	 1.236E+01	 0.000E+00	 2.397E+04	 4.025E+03	 3.343E+03	 5.000E+03	 4.218E+01
    6.2125	 2.000E+01	 1.771E+01	 1.236E+01	 0.000E+00	 2.398E+04	 4.026E+03	 3.349E+03	 5.000E+03	 4.219E+01
    6.2250	 2.000E+01	 1.771E+01	 1.236E+01	 0.000E+00	 2.400E+04	 4.027E+03	 3.356E+03	 5.000E+03	 4.219E+01
    6.2375	 2.000E+01	 1.771E+01	 1.236E+01	 0.000E+00	 2.401E+04	 4.028E+03	 3.363E+03	 5.000E+03	 4.220E+01
    6.2500	 2.000E+01	 1.771E+01	 1.236E+01	 0.000E+00	 2.403E+04	 4.028E+03	 3.370E+03	 5.000E+03	 4.220E+01
    6.2625	 2.000E+01	 1.771E+01	 1.235E+01	 0.000E+00	 2.404E+04	 4.029E+03	 3.377E+03	 5.000E+03	 4.221E+01
    6.2750	 2.000E+01	 1.771E+01	 1.235E+01	 0.000E+00	 2.406E+04	 4.030E+03	 3.384E+03	 5.000E+03	 4.221E+01
    6.2875	 2.000E+01	 1.771E+01	 1.235E+01	 0.000E+00	 2.407E+04	 4.031E+03	 3.391E+03	 5.000E+03	 4.222E+01
    6.3000	 2.000E+01	 1.771E+01	 1.235E+01	 0.000E+00	 2.409E+04	 4.032E+03	 3.399E+03	 5.000E+03	 4.222E+01
    6.3125	 2.000E+01	 1.771E+01	 1.235E+01	 0.000E+00	 2.410E+04	 4.032E+03	 3.406E+03	 5.000E+03	 4.223E+01
    6.3250	 2.000E+01	 1.771E+01	 1.235E+01	 0.000E+00	 2.411E+04	 4.033E+03	 3.414E+03	 5.000E+03	 4.224E+01
    6.3375	 2.000E+01	 1.771E+01	 1.234E+01	 0.000E+00	 2.413E+04	 4.034E+03	 3.421E+03	 5.000E+03	 4.224E+01
    6.3500	 2.000E+01	 1.770E+01	 1.234E+01	 0.000E+00	 2.414E+04	 4.035E+03	 3.429E+03	 5.000E+03	 4.225E+01
    6.3625	 2.000E+01	 1.770E+01	 1.234E+01	 0.000E+00	 2.416E+04	 4.035E+03	 3.437E+03	 5.000E+03	 4.225E+01
    6.3750	 2.000E+01	 1.770E+01	 1.234E+01	 0.000E+00	 2.417E+04	 4.036E+03	 3.445E+03	 5.000E+03	 4.226E+01
    6.3875	 2.000E+01	 1.770E+01	 1.234E+01	 0.000E+00	 2.419E+04	 4.037E+03	 3.453E+03	 5.000E+03	 4.226E+01
    6.4000	 2.000E+01	 1.770E+01	 1.234E+01	 0.000E+00	 2.420E+04	 4.038E+03	 3.460E+03	 5.000E+03	 4.227E+01
    6.4125	 2.000E+01	 1.770E+01	 1.234E+01	 0.000E+00	 2.421E+04	 4.038E+03	 3.468E+03	 5.000E+03	 4.227E+01
    6.4250	 2.000E+01	 1.770E+01	 1.233E+01	 0.000E+00	 2.423E+04	 4.039E+03	 3.476E+03	 5.000E+03	 4.228E+01
    6.4375	 2.000E+01	 1.770E+01	 1.233E+01	 0.000E+00	 2.424E+04	 4.040E+03	 3.485E+03	 5.000E+03	 4.228E+01
    6.4500	 2.000E+01	 1.770E+01	 1.233E+01	 0.000E+00	 2.426E+04	 4.041E+03	 3.493E+03	 5.000E+03	 4.229E+01
    6.4625	 2.000E+01	 1.770E+01	 1.233E+01	 0.000E+00	 2.427E+04	 4.041E+03	 3.501E+03	 5.000E+03	 4.229E+01
    6.4750	 2.000E+01	 1.770E+01	 1.233E+01	 0.000E+00	 2.428E+04	 4.042E+03	 3.510E+03	 5.000E+03	 4.230E+01
    6.4875	 2.000E+01	 1.770E+01	 1.233E+01	 0.000E+00	 2.430E+04	 4.043E+03	 3.518E+03	 5.000E+03	 4.230E+01
    6.5000	 2.000E+01	 1.770E+01	 1.233E+01	 0.000E+00	 2.431E+04	 4.044E+03	 3.526E+03	 5.000E+03	 4.231E+01
    6.5125	 2.000E+01	 1.770E+01	 1.232E+01	 0.000E+00	 2.433E+04	 4.044E+03	 3.535E+03	 5.000E+03	 4.231E+01
    6.5250	 2.000E+01	 1.770E+01	 1.232E+01	 0.000E+00	 2.434E+04	 4.045E+03	 3.543E+03	 5.000E+03	 4.232E+01
    6.5375	 2.000E+01	 1.770E+01	 1.232E+01	 0.000E+00	 2.435E+04	 4.046E+03	 3.552E+03	 5.000E+03	 4.232E+01
    6.5500	 2.000E+01	 1.770E+01	 1.232E+01	 0.000E+00	 2.437E+04	 4.047E+03	 3.561E+03	 5.000E+03	 4.233E+01
    6.5625	 2.000E+01	 1.769E+01	 1.232E+01	 0.000E+00	 2.438E+04	 4.047E+03	 3.570E+03	 5.000E+03	 4.233E+01
    6.5750	 2.000E+01	 1.769E+01	 1.232E+01	 0.000E+00	 2.439E+04	 4.048E+03	 3.578E+03	 5.000E+03	 4.233E+01
    6.5875	 2.000E+01	 1.769E+01	 1.232E+01	 0.000E+00	 2.441E+04	 4.049E+03	 3.587E+03	 5.000E+03	 4.234E+01
    6.6000	 2.000E+01	 1.769E+01	 1.231E+01	 0.000E+00	 2.442E+04	 4.049E+03	 3.596E+03	 5.000E+03	 4.234E+01
    6.6125	 2.000E+01	 1.769E+01	 1.231E+01	 0.000E+00	 2.443E+04	 4.050E+03	 3.605E+03	 5.000E+03	 4.235E+01
    6.6250	 2.000E+01	 1.769E+01	 1.231E+01	 0.000E+00	 2.445E+04	 4.051E+03	 3.614E+03	 5.000E+03	 4.235E+01
    6.6375	 2.000E+01	 1.769E+01	 1.231E+01	 0.000E+00	 2.446E+04	 4.052E+03	 3.623E+03	 5.000E+03	 4.236E+01
    6.6500	 2.000E+01	 1.769E+01	 1.231E+01	 0.000E+00	 2.447E+04	 4.052E+03	 3.632E+03	 5.000E+03	 4.236E+01
    6.6625	 2.000E+01	 1.769E+01	 1.231E+01	 0.000E+00	 2.449E+04	 4.053E+03	 3.641E+03	 5.000E+03	 4.237E+01
    6.6750	 2.000E+01	 1.769E+01	 1.231E+01	 0.000E+00	 2.450E+04	 4.054E+03	 3.650E+03	 5.000E+03	 4.237E+01
    6.6875	 2.000E+01	 1.769E+01	 1.230E+01	 0.000E+00	 2.451E+04	 4.054E+03	 3.659E+03	 5.000E+03	 4.238E+01
    6.7000	 2.000E+01	 1.769E+01	 1.230E+01	 0.000E+00	 2.453E+04	 4.055E+03	 3.668E+03	 5.000E+03	 4.238E+01
    6.7125	 2.000E+01	 1.769E+01	 1.230E+01	 0.000E+00	 2.454E+04	 4.056E+03	 3.677E+03	 5.000E+03	 4.239E+01
    6.7250	 2.000E+01	 1.769E+01	 1.230E+01	 0.000E+00	 2.455E+04	 4.057E+03	 3.686E+03	 5.000E+03	 4.239E+01
    6.7375	 2.000E+01	 1.769E+01	 1.230E+01	 0.000E+00	 2.456E+04	 4.057E+03	 3.696E+03	 5.000E+03	 4.239E+01
    6.7500	 2.000E+01	 1.768E+01	 1.230E+01	 0.000E+00	 2.458E+04	 4.058E+03	 3.705E+03	 5.000E+03	 4.240E+01
    6.7625	 2.000E+01	 1.768E+01	 1.230E+01	 0.000E+00	 2.459E+04	 4.059E+03	 3.714E+03	 5.000E+03	 4.240E+01
    6.7750	 2.000E+01	 1.768E+01	 1.230E+01	 0.000E+00	 2.460E+04	 4.059E+03	 3.723E+03	 5.000E+03	 4.241E+01
    6.7875	 2.000E+01	 1.768E+01	 1.229E+01	 0.000E+00	 2.462E+04	 4.060E+03	 3.732E+03	 5.000E+03	 4.241E+01
    6.8000	 2.000E+01	 1.768E+01	 1.229E+01	 0.000E+00	 2.463E+04	 4.061E+03	 3.742E+03	 5.000E+03	 4.242E+01
    6.8125	 2.000E+01	 1.768E+01	 1.229E+01	 0.000E+00	 2.464E+04	 4.061E+03	 3.751E+03	 5.000E+03	 4.242E+01
    6.8250	 2.000E+01	 1.768E+01	 1.229E+01	 0.000E+00	 2.466E+04	 4.062E+03	 3.760E+03	 5.000E+03	 4.243E+01
    6.8375	 2.000E+01	 1.768E+01	 1.229E+01	 0.000E+00	 2.467E+04	 4.063E+03	 3.769E+03	 5.000E+03	 4.243E+01
    6.8500	 2.000E+01	 1.768E+01	 1.229E+01	 0.000E+00	 2.468E+04	 4.063E+03	 3.779E+03	 5.000E+03	 4.243E+01
    6.8625	 2.000E+01	 1.768E+01	 1.229E+01	 0.000E+00	 2.470E+04	 4.064E+03	 3.788E+03	 5.000E+03	 4.244E+01
    6.8750	 2.000E+01	 1.768E+01	 1.229E+01	 0.000E+00	 2.471E+04	 4.065E+03	 3.797E+03	 5.000E+03	 4.244E+01
    6.8875	 2.000E+01	 1.768E+01	 1.228E+01	 0.000E+00	 2.472E+04	 4.065E+03	 3.806E+03	 5.000E+03	 4.245E+01
    6.9000	 2.000E+01	 1.768E+01	 1.228E+01	 0.000E+00	 2.474E+04	 4.066E+03	 3.816E+03	 5.000E+03	 4.245E+01
    6.9125	 2.000E+01	 1.768E+01	 1.228E+01	 0.000E+00	 2.475E+04	 4.067E+03	 3.825E+03	 5.000E+03	 4.246E+01
    6.9250	 2.000E+01	 1.767E+01	 1.228E+01	 0.000E+00	 2.476E+04	 4.067E+03	 3.834E+03	 5.000E+03	 4.246E+01
    6.9375	 2.000E+01	 1.767E+01	 1.228E+01	 0.000E+00	 2.478E+04	 4.068E+03	 3.843E+03	 5.000E+03	 4.246E+01
    6.9500	 2.000E+01	 1.767E+01	 1.228E+01	 0.000E+00	 2.479E+04	 4.069E+03	 3.852E+03	 5.000E+03	 4.247E+01
    6.9625	 2.000E+01	 1.767E+01	 1.228E+01	 0.000E+00	 2.480E+04	 4.069E+03	 3.861E+03	 5.000E+03	 4.247E+01
    6.9750	 2.000E+01	 1.767E+01	 1.228E+01	 0.000E+00	 2.481E+04	 4.070E+03	 3.870E+03	 5.000E+03	 4.248E+01
    6.9875	 2.000E+01	 1.767E+01	 1.227E+01	 0.000E+00	 2.483E+04	 4.071E+03	 3.879E+03	 5.000E+03	 4.248E+01
    7.0000	 2.000E+01	 1.767E+01	 1.227E+01	 0.000E+00	 2.484E+04	 4.071E+03	 3.888E+03	 5.000E+03	 4.249E+01
    7.0125	 2.000E+01	 1.767E+01	 1.227E+01	 0.000E+00	 2.485E+04	 4.072E+03	 3.897E+03	 5.000E+03	 4.249E+01
    7.0250	 2.000E+01	 1.767E+01	 1.227E+01	 0.000E+00	 2.487E+04	 4.073E+03	 3.906E+03	 5.000E+03	 4.249E+01
    7.0375	 2.000E+01	 1.767E+01	 1.227E+01	 0.000E+00	 2.488E+04	 4.073E+03	 3.915E+03	 5.000E+03	 4.250E+01
    7.0500	 2.000E+01	 1.767E+01	 1.227E+01	 0.000E+00	 2.489E+04	 4.074E+03	 3.924E+03	 5.000E+03	 4.250E+01
    7.0625	 2.000E+01	 1.767E+01	 1.227E+01	 0.000E+00	 2.490E+04	 4.075E+03	 3.933E+03	 5.000E+03	 4.251E+01
    7.0750	 2.000E+01	 1.767E+01	 1.227E+01	 0.000E+00	 2.492E+04	 4.075E+03	 3.941E+03	 5.000E+03	 4.251E+01
    7.0875	 2.000E+01	 1.767E+01	 1.227E+01	 0.000E+00	 2.493E+04	 4.076E+03	 3.950E+03	 5.000E+03	 4.251E+01
    7.1000	 2.000E+01	 1.766E+01	 1.226E+01	 0.000E+00	 2.494E+04	 4.076E+03	 3.959E+03	 5.000E+03	 4.252E+01
    7.1125	 2.000E+01	 1.766E+01	 1.226E+01	 0.000E+00	 2.495E+04	 4.077E+03	 3.968E+03	 5.000E+03	 4.252E+01
    7.1250	 2.000E+01	 1.766E+01	 1.226E+01	 0.000E+00	 2.497E+04	 4.078E+03	 3.976E+03	 5.000E+03	 4.252E+01
    7.1375	 2.000E+01	 1.766E+01	 1.226E+01	 0.000E+00	 2.498E+04	 4.078E+03	 3.985E+03	 5.000E+03	 4.253E+01
    7.1500	 2.000E+01	 1.766E+01	 1.226E+01	 0.000E+00	 2.499E+04	 4.079E+03	 3.994E+03	 5.000E+03	 4.253E+01
    7.1625	 2.000E+01	 1.766E+01	 1.226E+01	 0.000E+00	 2.501E+04	 4.080E+03	 4.002E+03	 5.000E+03	 4.254E+01
    7.1750	 2.000E+01	 1.766E+01	 1.226E+01	 0.000E+00	 2.502E+04	 4.080E+03	 4.011E+03	 5.000E+03	 4.254E+01
    7.1875	 2.000E+01	 1.766E+01	 1.226E+01	 0.000E+00	 2.503E+04	 4.081E+03	 4.019E+03	 5.000E+03	 4.254E+01
    7.2000	 2.000E+01	 1.766E+01	 1.226E+01	 0.000E+00	 2.505E+04	 4.081E+03	 4.028E+03	 5.000E+03	 4.255E+01
    7.2125	 2.000E+01	 1.766E+01	 1.225E+01	 0.000E+00	 2.506E+04	 4.082E+03	 4.036E+03	 5.000E+03	 4.255E+01
    7.2250	 2.000E+01	 1.766E+01	 1.225E+01	 0.000E+00	 2.507E+04	 4.083E+03	 4.044E+03	 5.000E+03	 4.256E+01
    7.2375	 2.000E+01	 1.766E+01	 1.225E+01	 0.000E+00	 2.508E+04	 4.083E+03	 4.053E+03	 5.000E+03	 4.256E+01
    7.2500	 2.000E+01	 1.766E+01	 1.225E+01	 0.000E+00	 2.510E+04	 4.084E+03	 4.061E+03	 5.000E+03	 4.256E+01
    7.2625	 2.000E+01	 1.766E+01	 1.225E+01	 0.000E+00	 2.511E+04	 4.084E+03	 4.069E+03	 5.000E+03	 4.257E+01
    7.2750	 2.000E+01	 1.765E+01	 1.225E+01	 0.000E+00	 2.512E+04	 4.085E+03	 4.077E+03	 5.000E+03	 4.257E+01
    7.2875	 2.000E+01	 1.765E+01	 1.225E+01	 0.000E+00	 2.514E+04	 4.086E+03	 4.085E+03	 5.000E+03	 4.257E+01
    7.3000	 2.000E+01	 1.765E+01	 1.225E+01	 0.000E+00	 2.515E+04	 4.086E+03	 4.093E+03	 5.000E+03	 4.258E+01
    7.3125	 2.000E+01	 1.765E+01	 1.225E+01	 0.000E+00	 2.516E+04	 4.087E+03	 4.101E+03	 5.000E+03	 4.258E+01
    7.3250	 2.000E+01	 1.765E+01	 1.224E+01	 0.000E+00	 2.517E+04	 4.087E+03	 4.108E+03	 5.000E+03	 4.258E+01
    7.3375	 2.000E+01	 1.765E+01	 1.224E+01	 0.000E+00	 2.519E+04	 4.088E+03	 4.116E+03	 5.000E+03	 4.259E+01
    7.3500	 2.000E+01	 1.765E+01	 1.224E+01	 0.000E+00	 2.520E+04	 4.088E+03	 4.124E+03	 5.000E+03	 4.259E+01
    7.3625	 2.000E+01	 1.765E+01	 1.224E+01	 0.000E+00	 2.521E+04	 4.089E+03	 4.131E+03	 5.000E+03	 4.260E+01
    7.3750	 2.000E+01	 1.765E+01	 1.224E+01	 0.000E+00	 2.522E+04	 4.090E+03	 4.138E+03	 5.000E+03	 4.260E+01
    7.3875	 2.000E+01	 1.765E+01	 1.224E+01	 0.000E+00	 2.524E+04	 4.090E+03	 4.146E+03	 5.000E+03	 4.260E+01
    7.4000	 2.000E+01	 1.765E+01	 1.224E+01	 0.000E+00	 2.525E+04	 4.091E+03	 4.153E+03	 5.000E+03	 4.261E+01
    7.4125	 2.000E+01	 1.765E+01	 1.224E+01	 0.000E+00	 2.526E+04	 4.091E+03	 4.160E+03	 5.000E+03	 4.261E+01
    7.4250	 2.000E+01	 1.765E+01	 1.224E+01	 0.000E+00	 2.527E+04	 4.092E+03	 4.167E+03	 5.000E+03	 4.261E+01
    7.4375	 2.000E+01	 1.764E+01	 1.224E+01	 0.000E+00	 2.529E+04	 4.092E+03	 4.174E+03	 5.000E+03	 4.262E+01
    7.4500	 2.000E+01	 1.764E+01	 1.223E+01	 0.000E+00	 2.530E+04	 4.093E+03	 4.181E+03	 5.000E+03	 4.262E+01
    7.4625	 2.000E+01	 1.764E+01	 1.223E+01	 0.000E+00	 2.531E+04	 4.093E+03	 4.188E+03	 5.000E+03	 4.262E+01
    7.4750	 2.000E+01	 1.764E+01	 1.223E+01	 0.000E+00	 2.532E+04	 4.094E+03	 4.195E+03	 5.000E+03	 4.263E+01
    7.4875	 2.000E+01	 1.764E+01	 1.223E+01	 0.000E+00	 2.534E+04	 4.095E+03	 4.202E+03	 5.000E+03	 4.263E+01
    7.5000	 2.000E+01	 1.764E+01	 1.223E+01	 0.000E+00	 2.535E+04	 4.095E+03	 4.208E+03	 5.000E+03	 4.263E+01
    7.5125	 2.000E+01	 1.764E+01	 1.223E+01	 0.000E+00	 2.536E+04	 4.096E+03	 4.215E+03	 5.000E+03	 4.264E+01
    7.5250	 2.000E+01	 1.764E+01	 1.223E+01	 0.000E+00	 2.537E+04	 4.096E+03	 4.221E+03	 5.000E+03	 4.264E+01
    7.5375	 2.000E+01	 1.764E+01	 1.223E+01	 0.000E+00	 2.538E+04	 4.097E+03	 4.227E+03	 5.000E+03	 4.264E+01
    7.5500	 2.000E+01	 1.764E+01	 1.223E+01	 0.000E+00	 2.540E+04	 4.097E+03	 4.234E+03	 5.000E+03	 4.265E+01
    7.5625	 2.000E+01	 1.764E+01	 1.223E+01	 0.000E+00	 2.541E+04	 4.098E+03	 4.240E+03	 5.000E+03	 4.265E+01
    7.5750	 2.000E+01	 1.764E+01	 1.222E+01	 0.000E+00	 2.542E+04	 4.098E+03	 4.246E+03	 5.000E+03	 4.265E+01
    7.5875	 2.000E+01	 1.764E+01	 1.222E+01	 0.000E+00	 2.543E+04	 4.099E+03	 4.252E+03	 5.000E+03	 4.266E+01
    7.6000	 2.000E+01	 1.764E+01	 1.222E+01	 0.000E+00	 2.544E+04	 4.099E+03	 4.258E+03	 5.000E+03	 4.266E+01
    7.6125	 2.000E+01	 1.763E+01	 1.222E+01	 0.000E+00	 2.545E+04	 4.100E+03	 4.263E+03	 5.000E+03	 4.266E+01
    7.6250	 2.000E+01	 1.763E+01	 1.222E+01	 0.000E+00	 2.547E+04	 4.100E+03	 4.269E+03	 5.000E+03	 4.267E+01
    7.6375	 2.000E+01	 1.763E+01	 1.222E+01	 0.000E+00	 2.548E+04	 4.101E+03	 4.275E+03	 5.000E+03	 4.267E+01
    7.6500	 2.000E+01	 1.763E+01	 1.222E+01	 0.000E+00	 2.549E+04	 4.101E+03	 4.280E+03	 5.000E+03	 4.267E+01
    7.6625	 2.000E+01	 1.763E+01	 1.222E+01	 0.000E+00	 2.550E+04	 4.102E+03	 4.285E+03	 5.000E+03	 4.268E+01
    7.6750	 2.000E+01	 1.763E+01	 1.222E+01	 0.000E+00	 2.551E+04	 4.102E+03	 4.291E+03	 5.000E+03	 4.268E+01
    7.6875	 2.000E+01	 1.763E+01	 1.222E+01	 0.000E+00	 2.552E+04	 4.103E+03	 4.296E+03	 5.000E+03	 4.268E+01
    7.7000	 2.000E+01	 1.763E+01	 1.222E+01	 0.000E+00	 2.553E+04	 4.103E+03	 4.301E+03	 5.000E+03	 4.268E+01
    7.7125	 2.000E+01	 1.763E+01	 1.222E+01	 0.000E+00	 2.554E+04	 4.104E+03	 4.306E+03	 5.000E+03	 4.269E+01
    7.7250	 2.000E+01	 1.763E+01	 1.221E+01	 0.000E+00	 2.556E+04	 4.104E+03	 4.311E+03	 5.000E+03	 4.269E+01
    7.7375	 2.000E+01	 1.763E+01	 1.221E+01	 0.000E+00	 2.557E+04	 4.105E+03	 4.315E+03	 5.000E+03	 4.269E+01
    7.7500	 2.000E+01	 1.763E+01	 1.221E+01	 0.000E+00	 2.558E+04	 4.105E+03	 4.320E+03	 5.000E+03	 4.270E+01
    7.7625	 2.000E+01	 1.763E+01	 1.221E+01	 0.000E+00	 2.559E+04	 4.106E+03	 4.324E+03	 5.000E+03	 4.270E+01
    7.7750	 2.000E+01	 1.762E+01	 1.221E+01	 0.000E+00	 2.560E+04	 4.106E+03	 4.329E+03	 5.000E+03	 4.270E+01
    7.7875	 2.000E+01	 1.762E+01	 1.221E+01	 0.000E+00	 2.561E+04	 4.107E+03	 4.333E+03	 5.000E+03	 4.271E+01
    7.8000	 2.000E+01	 1.762E+01	 1.221E+01	 0.000E+00	 2.562E+04	 4.107E+03	 4.337E+03	 5.000E+03	 4.271E+01
    7.8125	 2.000E+01	 1.762E+01	 1.221E+01	 0.000E+00	 2.563E+04	 4.108E+03	 4.341E+03	 5.000E+03	 4.271E+01
    7.8250	 2.000E+01	 1.762E+01	 1.221E+01	 0.000E+00	 2.564E+04	 4.108E+03	 4.345E+03	 5.000E+03	 4.271E+01
    7.8375	 2.000E+01	 1.762E+01	 1.221E+01	 0.000E+00	 2.565E+04	 4.109E+03	 4.349E+03	 5.000E+03	 4.272E+01
    7.8500	 2.000E+01	 1.762E+01	 1.221E+01	 0.000E+00	 2.566E+04	 4.109E+03	 4.353E+03	 5.000E+03	 4.272E+01
    7.8625	 2.000E+01	 1.762E+01	 1.220E+01	 0.000E+00	 2.567E+04	 4.110E+03	 4.357E+03	 5.000E+03	 4.272E+01
    7.8750	 2.000E+01	 1.762E+01	 1.220E+01	 0.000E+00	 2.568E+04	 4.110E+03	 4.360E+03	 5.000E+03	 4.273E+01
    7.8875	 2.000E+01	 1.762E+01	 1.220E+01	 0.000E+00	 2.569E+04	 4.111E+03	 4.364E+03	 5.000E+03	 4.273E+01
    7.9000	 2.000E+01	 1.762E+01	 1.220E+01	 0.000E+00	 2.570E+04	 4.111E+03	 4.367E+03	 5.000E+03	 4.273E+01
    7.9125	 2.000E+01	 1.762E+01	 1.220E+01	 0.000E+00	 2.571E+04	 4.112E+03	 4.370E+03	 5.000E+03	 4.273E+01
    7.9250	 2.000E+01	 1.762E+01	 1.220E+01	 0.000E+00	 2.572E+04	 4.112E+03	 4.373E+03	 5.000E+03	 4.274E+01
    7.9375	 2.000E+01	 1.762E+01	 1.220E+01	 0.000E+00	 2.573E+04	 4.113E+03	 4.376E+03	 5.000E+03	 4.274E+01
    7.9500	 2.000E+01	 1.761E+01	 1.220E+01	 0.000E+00	 2.574E+04	 4.113E+03	 4.379E+03	 5.000E+03	 4.274E+01
    7.9625	 2.000E+01	 1.761E+01	 1.220E+01	 0.000E+00	 2.575E+04	 4.113E+03	 4.381E+03	 5.000E+03	 4.275E+01
    7.9750	 2.000E+01	 1.761E+01	 1.220E+01	 0.000E+00	 2.576E+04	 4.114E+03	 4.384E+03	 5.000E+03	 4.275E+01
    7.9875	 2.000E+01	 1.761E+01	 1.220E+01	 0.000E+00	 2.577E+04	 4.114E+03	 4.386E+03	 5.000E+03	 4.275E+01
    8.0000	 2.000E+01	 1.761E+01	 1.220E+01	 0.000E+00	 2.578E+04	 4.115E+03	 4.389E+03	 5.000E+03	 4.275E+01
    8.0125	 2.000E+01	 1.761E+01	 1.220E+01	 0.000E+00	 2.579E+04	 4.115E+03	 4.391E+03	 5.000E+03	 4.276E+01
    8.0250	 2.000E+01	 1.761E+01	 1.219E+01	 0.000E+00	 2.580E+04	 4.116E+03	 4.393E+03	 5.000E+03	 4.276E+01
    8.0375	 2.000E+01	 1.761E+01	 1.219E+01	 0.000E+00	 2.581E+04	 4.116E+03	 4.395E+03	 5.000E+03	 4.276E+01
    8.0500	 2.000E+01	 1.761E+01	 1.219E+01	 0.000E+00	 2.582E+04	 4.117E+03	 4.397E+03	 5.000E+03	 4.276E+01
    8.0625	 2.000E+01	 1.761E+01	 1.219E+01	 0.000E+00	 2.583E+04	 4.117E+03	 4.399E+03	 5.000E+03	 4.277E+01
    8.0750	 2.000E+01	 1.761E+01	 1.219E+01	 0.000E+00	 2.584E+04	 4.117E+03	 4.401E+03	 5.000E+03	 4.277E+01
    8.0875	 2.000E+01	 1.761E+01	 1.219E+01	 0.000E+00	 2.585E+04	 4.118E+03	 4.403E+03	 5.000E+03	 4.277E+01
    8.1000	 2.000E+01	 1.761E+01	 1.219E+01	 0.000E+00	 2.586E+04	 4.118E+03	 4.404E+03	 5.000E+03	 4.277E+01
    8.1125	 2.000E+01	 1.761E+01	 1.219E+01	 0.000E+00	 2.587E+04	 4.119E+03	 4.406E+03	 5.000E+03	 4.278E+01
    8.1250	 2.000E+01	 1.760E+01	 1.219E+01	 0.000E+00	 2.588E+04	 4.119E+03	 4.407E+03	 5.000E+03	 4.278E+01
    8.1375	 2.000E+01	 1.760E+01	 1.219E+01	 0.000E+00	 2.589E+04	 4.120E+03	 4.408E+03	 5.000E+03	 4.278E+01
    8.1500	 2.000E+01	 1.760E+01	 1.219E+01	 0.000E+00	 2.590E+04	 4.120E+03	 4.409E+03	 5.000E+03	 4.278E+01
    8.1625	 2.000E+01	 1.760E+01	 1.219E+01	 0.000E+00	 2.591E+04	 4.120E+03	 4.410E+03	 5.000E+03	 4.279E+01
    8.1750	 2.000E+01	 1.760E+01	 1.219E+01	 0.000E+00	 2.592E+04	 4.121E+03	 4.411E+03	 5.000E+03	 4.279E+01
    8.1875	 2.000E+01	 1.760E+01	 1.219E+01	 0.000E+00	 2.592E+04	 4.121E+03	 4.412E+03	 5.000E+03	 4.279E+01
    8.2000	 2.000E+01	 1.760E+01	 1.218E+01	 0.000E+00	 2.593E+04	 4.122E+03	 4.413E+03	 5.000E+03	 4.279E+01
    8.2125	 2.000E+01	 1.760E+01	 1.218E+01	 0.000E+00	 2.594E+04	 4.122E+03	 4.413E+03	 5.000E+03	 4.280E+01
    8.2250	 2.000E+01	 1.760E+01	 1.218E+01	 0.000E+00	 2.595E+04	 4.123E+03	 4.414E+03	 5.000E+03	 4.280E+01
    8.2375	 2.000E+01	 1.760E+01	 1.218E+01	 0.000E+00	 2.596E+04	 4.123E+03	 4.414E+03	 5.000E+03	 4.280E+01
    8.2500	 2.000E+01	 1.760E+01	 1.218E+01	 0.000E+00	 2.597E+04	 4.123E+03	 4.414E+03	 5.000E+03	 4.280E+01
    8.2625	 2.000E+01	 1.760E+01	 1.218E+01	 0.000E+00	 2.598E+04	 4.124E+03	 4.414E+03	 5.000E+03	 4.281E+01
    8.2750	 2.000E+01	 1.760E+01	 1.218E+01	 0.000E+00	 2.598E+04	 4.124E+03	 4.414E+03	 5.000E+03	 4.281E+01
    8.2875	 2.000E+01	 1.760E+01	 1.218E+01	 0.000E+00	 2.599E+04	 4.125E+03	 4.414E+03	 5.000E+03	 4.281E+01
    8.3000	 2.000E+01	 1.759E+01	 1.218E+01	 0.000E+00	 2.600E+04	 4.125E+03	 4.414E+03	 5.000E+03	 4.281E+01
    8.3125	 2.000E+01	 1.759E+01	 1.218E+01	 0.000E+00	 2.601E+04	 4.125E+03	 4.414E+03	 5.000E+03	 4.282E+01
    8.3250	 2.000E+01	 1.759E+01	 1.218E+01	 0.000E+00	 2.602E+04	 4.126E+03	 4.414E+03	 5.000E+03	 4.282E+01
    8.3375	 2.000E+01	 1.759E+01	 1.218E+01	 0.000E+00	 2.603E+04	 4.126E+03	 4.413E+03	 5.000E+03	 4.282E+01
    8.3500	 2.000E+01	 1.759E+01	 1.218E+01	 0.000E+00	 2.603E+04	 4.127E+03	 4.412E+03	 5.000E+03	 4.282E+01
    8.3625	 2.000E+01	 1.759E+01	 1.218E+01	 0.000E+00	 2.604E+04	 4.127E+03	 4.412E+03	 5.000E+03	 4.283E+01
    8.3750	 2.000E+01	 1.759E+01	 1.218E+01	 0.000E+00	 2.605E+04	 4.127E+03	 4.411E+03	 5.000E+03	 4.283E+01
    8.3875	 2.000E+01	 1.759E+01	 1.217E+01	 0.000E+00	 2.606E+04	 4.128E+03	 4.410E+03	 5.000E+03	 4.283E+01
    8.4000	 2.000E+01	 1.759E+01	 1.217E+01	 0.000E+00	 2.607E+04	 4.128E+03	 4.409E+03	 5.000E+03	 4.283E+01
    8.4125	 2.000E+01	 1.759E+01	 1.217E+01	 0.000E+00	 2.608E+04	 4.128E+03	 4.408E+03	 5.000E+03	 4.283E+01
    8.4250	 2.000E+01	 1.759E+01	 1.217E+01	 0.000E+00	 2.608E+04	 4.129E+03	 4.407E+03	 5.000E+03	 4.284E+01
    8.4375	 2.000E+01	 1.759E+01	 1.217E+01	 0.000E+00	 2.609E+04	 4.129E+03	 4.406E+03	 5.000E+03	 4.284E+01
    8.4500	 2.000E+01	 1.759E+01	 1.217E+01	 0.000E+00	 2.610E+04	 4.130E+03	 4.404E+03	 5.000E+03	 4.284E+01
    8.4625	 2.000E+01	 1.759E+01	 1.217E+01	 0.000E+00	 2.611E+04	 4.130E+03	 4.403E+03	 5.000E+03	 4.284E+01
    8.4750	 2.000E+01	 1.759E+01	 1.217E+01	 0.000E+00	 2.612E+04	 4.130E+03	 4.401E+03	 5.000E+03	 4.285E+01
    8.4875	 2.000E+01	 1.758E+01	 1.217E+01	 0.000E+00	 2.612E+04	 4.131E+03	 4.400E+03	 5.000E+03	 4.285E+01
    8.5000	 2.000E+01	 1.758E+01	 1.217E+01	 0.000E+00	 2.613E+04	 4.131E+03	 4.398E+03	 5.000E+03	 4.285E+01
    8.5125	 2.000E+01	 1.758E+01	 1.217E+01	 0.000E+00	 2.614E+04	 4.131E+03	 4.396E+03	 5.000E+03	 4.285E+01
    8.5250	 2.000E+01	 1.758E+01	 1.217E+01	 0.000E+00	 2.615E+04	 4.132E+03	 4.394E+03	 5.000E+03	 4.285E+01
    8.5375	 2.000E+01	 1.758E+01	 1.217E+01	 0.000E+00	 2.616E+04	 4.132E+03	 4.392E+03	 5.000E+03	 4.286E+01
    8.5500	 2.000E+01	 1.758E+01	 1.217E+01	 0.000E+00	 2.616E+04	 4.133E+03	 4.390E+03	 5.000E+03	 4.286E+01
    8.5625	 2.000E+01	 1.758E+01	 1.217E+01	 0.000E+00	 2.617E+04	 4.133E+03	 4.388E+03	 5.000E+03	 4.286E+01
    8.5750	 2.000E+01	 1.758E+01	 1.217E+01	 0.000E+00	 2.618E+04	 4.133E+03	 4.385E+03	 5.000E+03	 4.286E+01
    8.5875	 2.000E+01	 1.758E+01	 1.216E+01	 0.000E+00	 2.619E+04	 4.134E+03	 4.383E+03	 5.000E+03	 4.286E+01
    8.6000	 2.000E+01	 1.758E+01	 1.216E+01	 0.000E+00	 2.620E+04	 4.134E+03	 4.380E+03	 5.000E+03	 4.287E+01
    8.6125	 2.000E+01	 1.758E+01	 1.216E+01	 0.000E+00	 2.620E+04	 4.134E+03	 4.378E+03	 5.000E+03	 4.287E+01
    8.6250	 2.000E+01	 1.758E+01	 1.216E+01	 0.000E+00	 2.621E+04	 4.135E+03	 4.375E+03	 5.000E+03	 4.287E+01
    8.6375	 2.000E+01	 1.758E+01	 1.216E+01	 0.000E+00	 2.622E+04	 4.135E+03	 4.373E+03	 5.000E+03	 4.287E+01
    8.6500	 2.000E+01	 1.758E+01	 1.216E+01	 0.000E+00	 2.623E+04	 4.135E+03	 4.370E+03	 5.000E+03	 4.287E+01
    8.6625	 2.000E+01	 1.758E+01	 1.216E+01	 0.000E+00	 2.624E+04	 4.136E+03	 4.367E+03	 5.000E+03	 4.288E+01
    8.6750	 2.000E+01	 1.757E+01	 1.216E+01	 0.000E+00	 2.624E+04	 4.136E+03	 4.364E+03	 5.000E+03	 4.288E+01
    8.6875	 2.000E+01	 1.757E+01	 1.216E+01	 0.000E+00	 2.625E+04	 4.136E+03	 4.361E+03	 5.000E+03	 4.288E+01
    8.7000	 2.000E+01	 1.757E+01	 1.216E+01	 0.000E+00	 2.626E+04	 4.137E+03	 4.358E+03	 5.000E+03	 4.288E+01
    8.7125	 2.000E+01	 1.757E+01	 1.216E+01	 0.000E+00	 2.627E+04	 4.137E+03	 4.355E+03	 5.000E+03	 4.288E+01
    8.7250	 2.000E+01	 1.757E+01	 1.216E+01	 0.000E+00	 2.628E+04	 4.137E+03	 4.351E+03	 5.000E+03	 4.289E+01
    8.7375	 2.000E+01	 1.757E+01	 1.216E+01	 0.000E+00	 2.628E+04	 4.138E+03	 4.348E+03	 5.000E+03	 4.289E+01
    8.7500	 2.000E+01	 1.757E+01	 1.216E+01	 0.000E+00	 2.629E+04	 4.138E+03	 4.345E+03	 5.000E+03	 4.289E+01
    8.7625	 2.000E+01	 1.757E+01	 1.216E+01	 0.000E+00	 2.630E+04	 4.138E+03	 4.341E+03	 5.000E+03	 4.289E+01
    8.7750	 2.000E+01	 1.757E+01	 1.216E+01	 0.000E+00	 2.631E+04	 4.139E+03	 4.337E+03	 5.000E+03	 4.289E+01
    8.7875	 2.000E+01	 1.757E+01	 1.216E+01	 0.000E+00	 2.632E+04	 4.139E+03	 4.334E+03	 5.000E+03	 4.289E+01
    8.8000	 2.000E+01	 1.757E+01	 1.216E+01	 0.000E+00	 2.632E+04	 4.139E+03	 4.330E+03	 5.000E+03	 4.290E+01
    8.8125	 2.000E+01	 1.757E+01	 1.216E+01	 0.000E+00	 2.633E+04	 4.140E+03	 4.326E+03	 5.000E+03	 4.290E+01
    8.8250	 2.000E+01	 1.757E+01	 1.215E+01	 0.000E+00	 2.634E+04	 4.140E+03	 4.322E+03	 5.000E+03	 4.290E+01
    8.8375	 2.000E+01	 1.757E+01	 1.215E+01	 0.000E+00	 2.635E+04	 4.140E+03	 4.319E+03	 5.000E+03	 4.290E+01
    8.8500	 2.000E+01	 1.757E+01	 1.215E+01	 0.000E+00	 2.636E+04	 4.141E+03	 4.315E+03	 5.000E+03	 4.290E+01
    8.8625	 2.000E+01	 1.757E+01	 1.215E+01	 0.000E+00	 2.637E+04	 4.141E+03	 4.311E+03	 5.000E+03	 4.291E+01
    8.8750	 2.000E+01	 1.756E+01	 1.215E+01	 0.000E+00	 2.637E+04	 4.141E+03	 4.306E+03	 5.000E+03	 4.291E+01
    8.8875	 2.000E+01	 1.756E+01	 1.215E+01	 0.000E+00	 2.638E+04	 4.142E+03	 4.302E+03	 5.000E+03	 4.291E+01
    8.9000	 2.000E+01	 1.756E+01	 1.215E+01	 0.000E+00	 2.639E+04	 4.142E+03	 4.298E+03	 5.000E+03	 4.291E+01
    8.9125	 2.000E+01	 1.756E+01	 1.215E+01	 0.000E+00	 2.640E+04	 4.142E+03	 4.294E+03	 5.000E+03	 4.291E+01
    8.9250	 2.000E+01	 1.756E+01	 1.215E+01	 0.000E+00	 2.640E+04	 4.143E+03	 4.289E+03	 5.000E+03	 4.291E+01
    8.9375	 2.000E+01	 1.756E+01	 1.215E+01	 0.000E+00	 2.641E+04	 4.143E+03	 4.285E+03	 5.000E+03	 4.292E+01
    8.9500	 2.000E+01	 1.756E+01	 1.215E+01	 0.000E+00	 2.642E+04	 4.143E+03	 4.280E+03	 5.000E+03	 4.292E+01
    8.9625	 2.000E+01	 1.756E+01	 1.215E+01	 0.000E+00	 2.643E+04	 4.143E+03	 4.276E+03	 5.000E+03	 4.292E+01
    8.9750	 2.000E+01	 1.756E+01	 1.215E+01	 0.000E+00	 2.644E+04	 4.144E+03	 4.271E+03	 5.000E+03	 4.292E+01
    8.9875	 2.000E+01	 1.756E+01	 1.215E+01	 0.000E+00	 2.644E+04	 4.144E+03	 4.266E+03	 5.000E+03	 4.292E+01
    9.0000	 2.000E+01	 1.756E+01	 1.215E+01	 0.000E+00	 2.645E+04	 4.144E+03	 4.262E+03	 5.000E+03	 4.292E+01
    9.0125	 2.000E+01	 1.756E+01	 1.215E+01	 0.000E+00	 2.646E+04	 4.145E+03	 4.257E+03	 5.000E+03	 4.293E+01
    9.0250	 2.000E+01	 1.756E+01	 1.215E+01	 0.000E+00	 2.647E+04	 4.145E+03	 4.252E+03	 5.000E+03	 4.293E+01
    9.0375	 2.000E+01	 1.756E+01	 1.215E+01	 0.000E+00	 2.647E+04	 4.145E+03	 4.247E+03	 5.000E+03	 4.293E+01
    9.0500	 2.000E+01	 1.756E+01	 1.215E+01	 0.000E+00	 2.648E+04	 4.146E+03	 4.242E+03	 5.000E+03	 4.293E+01
    9.0625	 2.000E+01	 1.756E+01	 1.215E+01	 0.000E+00	 2.649E+04	 4.146E+03	 4.237E+03	 5.000E+03	 4.293E+01
    9.0750	 2.000E+01	 1.756E+01	 1.215E+01	 0.000E+00	 2.650E+04	 4.146E+03	 4.232E+03	 5.000E+03	 4.293E+01
    9.0875	 2.000E+01	 1.755E+01	 1.214E+01	 0.000E+00	 2.650E+04	 4.146E+03	 4.227E+03	 5.000E+03	 4.294E+01
    9.1000	 2.000E+01	 1.755E+01	 1.214E+01	 0.000E+00	 2.651E+04	 4.147E+03	 4.222E+03	 5.000E+03	 4.294E+01
    9.1125	 2.000E+01	 1.755E+01	 1.214E+01	 0.000E+00	 2.652E+04	 4.147E+03	 4.217E+03	 5.000E+03	 4.294E+01
    9.1250	 2.000E+01	 1.755E+01	 1.214E+01	 0.000E+00	 2.653E+04	 4.147E+03	 4.212E+03	 5.000E+03	 4.294E+01
    9.1375	 2.000E+01	 1.755E+01	 1.214E+01	 0.000E+00	 2.653E+04	 4.147E+03	 4.206E+03	 5.000E+03	 4.294E+01
    9.1500	 2.000E+01	 1.755E+01	 1.214E+01	 0.000E+00	 2.654E+04	 4.148E+03	 4.201E+03	 5.000E+03	 4.294E+01
    9.1625	 2.000E+01	 1.755E+01	 1.214E+01	 0.000E+00	 2.655E+04	 4.148E+03	 4.196E+03	 5.000E+03	 4.294E+01
    9.1750	 2.000E+01	 1.755E+01	 1.214E+01	 0.000E+00	 2.655E+04	 4.148E+03	 4.190E+03	 5.000E+03	 4.295E+01
    9.1875	 2.000E+01	 1.755E+01	 1.214E+01	 0.000E+00	 2.656E+04	 4.149E+03	 4.185E+03	 5.000E+03	 4.295E+01
    9.2000	 2.000E+01	 1.755E+01	 1.214E+01	 0.000E+00	 2.657E+04	 4.149E+03	 4.180E+03	 5.000E+03	 4.295E+01
    9.2125	 2.000E+01	 1.755E+01	 1.214E+01	 0.000E+00	 2.657E+04	 4.149E+03	 4.174E+03	 5.000E+03	 4.295E+01
    9.2250	 2.000E+01	 1.755E+01	 1.214E+01	 0.000E+00	 2.658E+04	 4.149E+03	 4.169E+03	 5.000E+03	 4.295E+01
    9.2375	 2.000E+01	 1.755E+01	 1.214E+01	 0.000E+00	 2.659E+04	 4.150E+03	 4.163E+03	 5.000E+03	 4.295E+01
    9.2500	 2.000E+01	 1.755E+01	 1.214E+01	 0.000E+00	 2.659E+04	 4.150E+03	 4.158E+03	 5.000E+03	 4.295E+01
    9.2625	 2.000E+01	 1.755E+01	 1.214E+01	 0.000E+00	 2.660E+04	 4.150E+03	 4.152E+03	 5.000E+03	 4.296E+01
    9.2750	 2.000E+01	 1.755E+01	 1.214E+01	 0.000E+00	 2.661E+04	 4.150E+03	 4.146E+03	 5.000E+03	 4.296E+01
    9.2875	 2.000E+01	 1.755E+01	 1.214E+01	 0.000E+00	 2.661E+04	 4.151E+03	 4.141E+03	 5.000E+03	 4.296E+01
    9.3000	 2.000E+01	 1.755E+01	 1.214E+01	 0.000E+00	 2.662E+04	 4.151E+03	 4.135E+03	 5.000E+03	 4.296E+01
    9.3125	 2.000E+01	 1.754E+01	 1.214E+01	 0.000E+00	 2.663E+04	 4.151E+03	 4.130E+03	 5.000E+03	 4.296E+01
    9.3250	 2.000E+01	 1.754E+01	 1.214E+01	 0.000E+00	 2.664E+04	 4.151E+03	 4.124E+03	 5.000E+03	 4.296E+01
    9.3375	 2.000E+01	 1.754E+01	 1.214E+01	 0.000E+00	 2.664E+04	 4.152E+03	 4.118E+03	 5.000E+03	 4.296E+01
    9.3500	 2.000E+01	 1.754E+01	 1.214E+01	 0.000E+00	 2.665E+04	 4.152E+03	 4.113E+03	 5.000E+03	 4.297E+01
    9.3625	 2.000E+01	 1.754E+01	 1.214E+01	 0.000E+00	 2.665E+04	 4.152E+03	 4.107E+03	 5.000E+03	 4.297E+01
    9.3750	 2.000E+01	 1.754E+01	 1.214E+01	 0.000E+00	 2.666E+04	 4.152E+03	 4.102E+03	 5.000E+03	 4.297E+01
    9.3875	 2.000E+01	 1.754E+01	 1.214E+01	 0.000E+00	 2.667E+04	 4.153E+03	 4.096E+03	 5.000E+03	 4.297E+01
    9.4000	 2.000E+01	 1.754E+01	 1.213E+01	 0.000E+00	 2.667E+04	 4.153E+03	 4.090E+03	 5.000E+03	 4.297E+01
    9.4125	 2.000E+01	 1.754E+01	 1.213E+01	 0.000E+00	 2.668E+04	 4.153E+03	 4.084E+03	 5.000E+03	 4.297E+01
    9.4250	 2.000E+01	 1.754E+01	 1.213E+01	 0.000E+00	 2.668E+04	 4.153E+03	 4.079E+03	 5.000E+03	 4.297E+01
    9.4375	 2.000E+01	 1.754E+01	 1.213E+01	 0.000E+00	 2.669E+04	 4.153E+03	 4.073E+03	 5.000E+03	 4.297E+01
    9.4500	 2.000E+01	 1.754E+01	 1.213E+01	 0.000E+00	 2.670E+04	 4.154E+03	 4.067E+03	 5.000E+03	 4.298E+01
    9.4625	 2.000E+01	 1.754E+01	 1.213E+01	 0.000E+00	 2.670E+04	 4.154E+03	 4.061E+03	 5.000E+03	 4.298E+01
    9.4750	 2.000E+01	 1.754E+01	 1.213E+01	 0.000E+00	 2.671E+04	 4.154E+03	 4.056E+03	 5.000E+03	 4.298E+01
    9.4875	 2.000E+01	 1.754E+01	 1.213E+01	 0.000E+00	 2.671E+04	 4.154E+03	 4.050E+03	 5.000E+03	 4.298E+01
    9.5000	 2.000E+01	 1.754E+01	 1.213E+01	 0.000E+00	 2.672E+04	 4.155E+03	 4.044E+03	 5.000E+03	 4.298E+01
    9.5125	 2.000E+01	 1.754E+01	 1.213E+01	 0.000E+00	 2.672E+04	 4.155E+03	 4.039E+03	 5.000E+03	 4.298E+01
    9.5250	 2.000E+01	 1.754E+01	 1.213E+01	 0.000E+00	 2.673E+04	 4.155E+03	 4.033E+03	 5.000E+03	 4.298E+01
    9.5375	 2.000E+01	 1.754E+01	 1.213E+01	 0.000E+00	 2.673E+04	 4.155E+03	 4.027E+03	 5.000E+03	 4.298E+01
    9.5500	 2.000E+01	 1.753E+01	 1.213E+01	 0.000E+00	 2.674E+04	 4.155E+03	 4.022E+03	 5.000E+03	 4.299E+01
    9.5625	 2.000E+01	 1.753E+01	 1.213E+01	 0.000E+00	 2.674E+04	 4.156E+03	 4.016E+03	 5.000E+03	 4.299E+01
    9.5750	 2.000E+01	 1.753E+01	 1.213E+01	 0.000E+00	 2.675E+04	 4.156E+03	 4.010E+03	 5.000E+03	 4.299E+01
    9.5875	 2.000E+01	 1.753E+01	 1.213E+01	 0.000E+00	 2.675E+04	 4.156E+03	 4.005E+03	 5.000E+03	 4.299E+01
    9.6000	 2.000E+01	 1.753E+01	 1.213E+01	 0.000E+00	 2.676E+04	 4.156E+03	 3.999E+03	 5.000E+03	 4.299E+01
    9.6125	 2.000E+01	 1.753E+01	 1.213E+01	 0.000E+00	 2.676E+04	 4.156E+03	 3.993E+03	 5.000E+03	 4.299E+01
    9.6250	 2.000E+01	 1.753E+01	 1.213E+01	 0.000E+00	 2.677E+04	 4.157E+03	 3.988E+03	 5.000E+03	 4.299E+01
    9.6375	 2.000E+01	 1.753E+01	 1.213E+01	 0.000E+00	 2.677E+04	 4.157E+03	 3.982E+03	 5.000E+03	 4.299E+01
    9.6500	 2.000E+01	 1.753E+01	 1.213E+01	 0.000E+00	 2.678E+04	 4.157E+03	 3.977E+03	 5.000E+03	 4.299E+01
    9.6625	 2.000E+01	 1.753E+01	 1.213E+01	 0.000E+00	 2.678E+04	 4.157E+03	 3.971E+03	 5.000E+03	 4.300E+01
    9.6750	 2.000E+01	 1.753E+01	 1.213E+01	 0.000E+00	 2.679E+04	 4.157E+03	 3.966E+03	 5.000E+03	 4.300E+01
    9.6875	 2.000E+01	 1.753E+01	 1.213E+01	 0.000E+00	 2.679E+04	 4.158E+03	 3.960E+03	 5.000E+03	 4.300E+01
    9.7000	 2.000E+01	 1.753E+01	 1.213E+01	 0.000E+00	 2.680E+04	 4.158E+03	 3.955E+03	 5.000E+03	 4.300E+01
    9.7125	 2.000E+01	 1.753E+01	 1.213E+01	 0.000E+00	 2.680E+04	 4.158E+03	 3.949E+03	 5.000E+03	 4.300E+01
    9.7250	 2.000E+01	 1.753E+01	 1.213E+01	 0.000E+00	 2.681E+04	 4.158E+03	 3.944E+03	 5.000E+03	 4.300E+01
    9.7375	 2.000E+01	 1.753E+01	 1.213E+01	 0.000E+00	 2.681E+04	 4.158E+03	 3.939E+03	 5.000E+03	 4.300E+01
    9.7500	 2.000E+01	 1.753E+01	 1.213E+01	 0.000E+00	 2.682E+04	 4.159E+03	 3.934E+03	 5.000E+03	 4.300E+01
    9.7625	 2.000E+01	 1.753E+01	 1.213E+01	 0.000E+00	 2.682E+04	 4.159E+03	 3.928E+03	 5.000E+03	 4.300E+01
    9.7750	 2.000E+01	 1.753E+01	 1.212E+01	 0.000E+00	 2.683E+04	 4.159E+03	 3.923E+03	 5.000E+03	 4.301E+01
    9.7875	 2.000E+01	 1.753E+01	 1.212E+01	 0.000E+00	 2.683E+04	 4.159E+03	 3.918E+03	 5.000E+03	 4.301E+01
    9.8000	 2.000E+01	 1.752E+01	 1.212E+01	 0.000E+00	 2.684E+04	 4.159E+03	 3.913E+03	 5.000E+03	 4.301E+01
    9.8125	 2.000E+01	 1.752E+01	 1.212E+01	 0.000E+00	 2.684E+04	 4.160E+03	 3.908E+03	 5.000E+03	 4.301E+01
    9.8250	 2.000E+01	 1.752E+01	 1.212E+01	 0.000E+00	 2.684E+04	 4.160E+03	 3.903E+03	 5.000E+03	 4.301E+01
    9.8375	 2.000E+01	 1.752E+01	 1.212E+01	 0.000E+00	 2.685E+04	 4.160E+03	 3.898E+03	 5.000E+03	 4.301E+01
    9.8500	 2.000E+01	 1.752E+01	 1.212E+01	 0.000E+00	 2.685E+04	 4.160E+03	 3.893E+03	 5.000E+03	 4.301E+01
    9.8625	 2.000E+01	 1.752E+01	 1.212E+01	 0.000E+00	 2.686E+04	 4.160E+03	 3.888E+03	 5.000E+03	 4.301E+01
    9.8750	 2.000E+01	 1.752E+01	 1.212E+01	 0.000E+00	 2.686E+04	 4.161E+03	 3.884E+03	 5.000E+03	 4.301E+01
    9.8875	 2.000E+01	 1.752E+01	 1.212E+01	 0.000E+00	 2.687E+04	 4.161E+03	 3.879E+03	 5.000E+03	 4.301E+01
    9.9000	 2.000E+01	 1.752E+01	 1.212E+01	 0.000E+00	 2.687E+04	 4.161E+03	 3.874E+03	 5.000E+03	 4.302E+01
    9.9125	 2.000E+01	 1.752E+01	 1.212E+01	 0.000E+00	 2.687E+04	 4.161E+03	 3.870E+03	 5.000E+03	 4.302E+01
    9.9250	 2.000E+01	 1.752E+01	 1.212E+01	 0.000E+00	 2.688E+04	 4.161E+03	 3.865E+03	 5.000E+03	 4.302E+01
    9.9375	 2.000E+01	 1.752E+01	 1.212E+01	 0.000E+00	 2.688E+04	 4.162E+03	 3.861E+03	 5.000E+03	 4.302E+01
    9.9500	 2.000E+01	 1.752E+01	 1.212E+01	 0.000E+00	 2.689E+04	 4.162E+03	 3.856E+03	 5.000E+03	 4.302E+01
    9.9625	 2.000E+01	 1.752E+01	 1.212E+01	 0.000E+00	 2.689E+04	 4.162E+03	 3.852E+03	 5.000E+03	 4.302E+01
    9.9750	 2.000E+01	 1.752E+01	 1.212E+01	 0.000E+00	 2.690E+04	 4.162E+03	 3.848E+03	 5.000E+03	 4.302E+01
    9.9875	 2.000E+01	 1.752E+01	 1.212E+01	 0.000E+00	 2.690E+04	 4.162E+03	 3.844E+03	 5.000E+03	 4.302E+01
   10.0000	 2.000E+01	 1.752E+01	 1.212E+01	 0.000E+00	 2.690E+04	 4.162E+03	 3.839E+03	 5.000E+03	 4.302E+01
   10.0125	 2.000E+01	 1.752E+01	 1.212E+01	 0.000E+00	 2.691E+04	 4.163E+03	 3.835E+03	 5.000E+03	 4.302E+01
   10.0250	 2.000E+01	 1.752E+01	 1.212E+01	 0.000E+00	 2.691E+04	 4.163E+03	 3.831E+03	 5.000E+03	 4.303E+01
   10.0375	 2.000E+01	 1.752E+01	 1.212E+01	 0.000E+00	 2.692E+04	 4.163E+03	 3.827E+03	 5.000E+03	 4.303E+01
   10.0500	 2.000E+01	 1.752E+01	 1.212E+01	 0.000E+00	 2.692E+04	 4.163E+03	 3.823E+03	 5.000E+03	 4.303E+01
   10.0625	 2.000E+01	 1.752E+01	 1.212E+01	 0.000E+00	 2.692E+04	 4.163E+03	 3.820E+03	 5.000E+03	 4.303E+01
   10.0750	 2.000E+01	 1.752E+01	 1.212E+01	 0.000E+00	 2.693E+04	 4.163E+03	 3.816E+03	 5.000E+03	 4.303E+01
   10.0875	 2.000E+01	 1.751E+01	 1.212E+01	 0.000E+00	 2.693E+04	 4.164E+03	 3.812E+03	 5.000E+03	 4.303E+01
   10.1000	 2.000E+01	 1.751E+01	 1.212E+01	 0.000E+00	 2.693E+04	 4.164E+03	 3.809E+03	 5.000E+03	 4.303E+01
   10.1125	 2.000E+01	 1.751E+01	 1.212E+01	 0.000E+00	 2.694E+04	 4.164E+03	 3.805E+03	 5.000E+03	 4.303E+01
   10.1250	 2.000E+01	 1.751E+01	 1.212E+01	 0.000E+00	 2.694E+04	 4.164E+03	 3.802E+03	 5.000E+03	 4.303E+01
   10.1375	 2.000E+01	 1.751E+01	 1.212E+01	 0.000E+00	 2.694E+04	 4.164E+03	 3.798E+03	 5.000E+03	 4.303E+01
   10.1500	 2.000E+01	 1.751E+01	 1.212E+01	 0.000E+00	 2.695E+04	 4.164E+03	 3.795E+03	 5.000E+03	 4.303E+01
   10.1625	 2.000E+01	 1.751E+01	 1.212E+01	 0.000E+00	 2.695E+04	 4.165E+03	 3.792E+03	 5.000E+03	 4.303E+01
   10.1750	 2.000E+01	 1.751E+01	 1.212E+01	 0.000E+00	 2.696E+04	 4.165E+03	 3.789E+03	 5.000E+03	 4.304E+01
   10.1875	 2.000E+01	 1.751E+01	 1.212E+01	 0.000E+00	 2.696E+04	 4.165E+03	 3.786E+03	 5.000E+03	 4.304E+01
   10.2000	 2.000E+01	 1.751E+01	 1.212E+01	 0.000E+00	 2.696E+04	 4.165E+03	 3.783E+03	 5.000E+03	 4.304E+01
   10.2125	 2.000E+01	 1.751E+01	 1.212E+01	 0.000E+00	 2.697E+04	 4.165E+03	 3.780E+03	 5.000E+03	 4.304E+01
   10.2250	 2.000E+01	 1.751E+01	 1.212E+01	 0.000E+00	 2.697E+04	 4.165E+03	 3.778E+03	 5.000E+03	 4.304E+01
   10.2375	 2.000E+01	 1.751E+01	 1.212E+01	 0.000E+00	 2.698E+04	 4.166E+03	 3.775E+03	 5.000E+03	 4.304E+01
   10.2500	 2.000E+01	 1.751E+01	 1.212E+01	 0.000E+00	 2.698E+04	 4.166E+03	 3.772E+03	 5.000E+03	 4.304E+01
   10.2625	 2.000E+01	 1.751E+01	 1.211E+01	 0.000E+00	 2.698E+04	 4.166E+03	 3.770E+03	 5.000E+03	 4.304E+01
   10.2750	 2.000E+01	 1.751E+01	 1.211E+01	 0.000E+00	 2.699E+04	 4.166E+03	 3.767E+03	 5.000E+03	 4.304E+01
   10.2875	 2.000E+01	 1.751E+01	 1.211E+01	 0.000E+00	 2.699E+04	 4.166E+03	 3.765E+03	 5.000E+03	 4.304E+01
   10.3000	 2.000E+01	 1.751E+01	 1.211E+01	 0.000E+00	 2.700E+04	 4.166E+03	 3.763E+03	 5.000E+03	 4.304E+01
   10.3125	 2.000E+01	 1.751E+01	 1.211E+01	 0.000E+00	 2.700E+04	 4.167E+03	 3.761E+03	 5.000E+03	 4.304E+01
   10.3250	 2.000E+01	 1.751E+01	 1.211E+01	 0.000E+00	 2.700E+04	 4.167E+03	 3.759E+03	 5.000E+03	 4.304E+01
   10.3375	 2.000E+01	 1.751E+01	 1.211E+01	 0.000E+00	 2.701E+04	 4.167E+03	 3.757E+03	 5.000E+03	 4.305E+01
   10.3500	 2.000E+01	 1.751E+01	 1.211E+01	 0.000E+00	 2.701E+04	 4.167E+03	 3.755E+03	 5.000E+03	 4.305E+01
   10.3625	 2.000E+01	 1.751E+01	 1.211E+01	 0.000E+00	 2.702E+04	 4.167E+03	 3.754E+03	 5.000E+03	 4.305E+01
   10.3750	 2.000E+01	 1.751E+01	 1.211E+01	 0.000E+00	 2.702E+04	 4.167E+03	 3.752E+03	 5.000E+03	 4.305E+01
   10.3875	 2.000E+01	 1.750E+01	 1.211E+01	 0.000E+00	 2.702E+04	 4.167E+03	 3.750E+03	 5.000E+03	 4.305E+01
   10.4000	 2.000E+01	 1.750E+01	 1.211E+01	 0.000E+00	 2.703E+04	 4.168E+03	 3.749E+03	 5.000E+03	 4.305E+01
   10.4125	 2.000E+01	 1.750E+01	 1.211E+01	 0.000E+00	 2.703E+04	 4.168E+03	 3.748E+03	 5.000E+03	 4.305E+01
   10.4250	 2.000E+01	 1.750E+01	 1.211E+01	 0.000E+00	 2.704E+04	 4.168E+03	 3.747E+03	 5.000E+03	 4.305E+01
   10.4375	 2.000E+01	 1.750E+01	 1.211E+01	 0.000E+00	 2.704E+04	 4.168E+03	 3.745E+03	 5.000E+03	 4.305E+01
   10.4500	 2.000E+01	 1.750E+01	 1.211E+01	 0.000E+00	 2.704E+04	 4.168E+03	 3.744E+03	 5.000E+03	 4.305E+01
   10.4625	 2.000E+01	 1.750E+01	 1.211E+01	 0.000E+00	 2.705E+04	 4.168E+03	 3.743E+03	 5.000E+03	 4.305E+01
   10.4750	 2.000E+01	 1.750E+01	 1.211E+01	 0.000E+00	 2.705E+04	 4.168E+03	 3.743E+03	 5.000E+03	 4.305E+01
   10.4875	 2.000E+01	 1.750E+01	 1.211E+01	 0.000E+00	 2.706E+04	 4.169E+03	 3.742E+03	 5.000E+03	 4.305E+01
   10.5000	 2.000E+01	 1.750E+01	 1.211E+01	 0.000E+00	 2.706E+04	 4.169E+03	 3.741E+03	 5.000E+03	 4.305E+01
   10.5125	 2.000E+01	 1.750E+01	 1.211E+01	 0.000E+00	 2.706E+04	 4.169E+03	 3.741E+03	 5.000E+03	 4.305E+01
   10.5250	 2.000E+01	 1.750E+01	 1.211E+01	 0.000E+00	 2.707E+04	 4.169E+03	 3.740E+03	 5.000E+03	 4.306E+01
   10.5375	 2.000E+01	 1.750E+01	 1.211E+01	 0.000E+00	 2.707E+04	 4.169E+03	 3.740E+03	 5.000E+03	 4.306E+01
   10.5500	 2.000E+01	 1.750E+01	 1.211E+01	 0.000E+00	 2.708E+04	 4.169E+03	 3.740E+03	 5.000E+03	 4.306E+01
   10.5625	 2.000E+01	 1.750E+01	 1.211E+01	 0.000E+00	 2.708E+04	 4.169E+03	 3.740E+03	 5.000E+03	 4.306E+01
   10.5750	 2.000E+01	 1.750E+01	 1.211E+01	 0.000E+00	 2.708E+04	 4.170E+03	 3.740E+03	 5.000E+03	 4.306E+01
   10.5875	 2.000E+01	 1.750E+01	 1.211E+01	 0.000E+00	 2.709E+04	 4.170E+03	 3.740E+03	 5.000E+03	 4.306E+01
   10.6000	 2.000E+01	 1.750E+01	 1.211E+01	 0.000E+00	 2.709E+04	 4.170E+03	 3.740E+03	 5.000E+03	 4.306E+01
   10.6125	 2.000E+01	 1.750E+01	 1.211E+01	 0.000E+00	 2.710E+04	 4.170E+03	 3.741E+03	 5.000E+03	 4.306E+01
   10.6250	 2.000E+01	 1.750E+01	 1.211E+01	 0.000E+00	 2.710E+04	 4.170E+03	 3.741E+03	 5.000E+03	 4.306E+01
   10.6375	 2.000E+01	 1.750E+01	 1.211E+01	 0.000E+00	 2.711E+04	 4.170E+03	 3.742E+03	 5.000E+03	 4.306E+01
   10.6500	 2.000E+01	 1.750E+01	 1.211E+01	 0.000E+00	 2.711E+04	 4.170E+03	 3.742E+03	 5.000E+03	 4.306E+01
   10.6625	 2.000E+01	 1.750E+01	 1.211E+01	 0.000E+00	 2.711E+04	 4.170E+03	 3.743E+03	 5.000E+03	 4.306E+01
   10.6750	 2.000E+01	 1.750E+01	 1.211E+01	 0.000E+00	 2.712E+04	 4.170E+03	 3.744E+03	 5.000E+03	 4.306E+01
   10.6875	 2.000E+01	 1.750E+01	 1.211E+01	 0.000E+00	 2.712E+04	 4.171E+03	 3.745E+03	 5.000E+03	 4.306E+01
   10.7000	 2.000E+01	 1.750E+01	 1.211E+01	 0.000E+00	 2.712E+04	 4.171E+03	 3.746E+03	 5.000E+03	 4.306E+01
   10.7125	 2.000E+01	 1.750E+01	 1.211E+01	 0.000E+00	 2.713E+04	 4.171E+03	 3.748E+03	 5.000E+03	 4.306E+01
   10.7250	 2.000E+01	 1.750E+01	 1.211E+01	 0.000E+00	 2.713E+04	 4.171E+03	 3.749E+03	 5.000E+03	 4.306E+01
   10.7375	 2.000E+01	 1.750E+01	 1.211E+01	 0.000E+00	 2.714E+04	 4.171E+03	 3.750E+03	 5.000E+03	 4.307E+01
   10.7500	 2.000E+01	 1.750E+01	 1.211E+01	 0.000E+00	 2.714E+04	 4.171E+03	 3.752E+03	 5.000E+03	 4.307E+01
   10.7625	 2.000E+01	 1.749E+01	 1.211E+01	 0.000E+00	 2.714E+04	 4.171E+03	 3.754E+03	 5.000E+03	 4.307E+01
   10.7750	 2.000E+01	 1.749E+01	 1.211E+01	 0.000E+00	 2.715E+04	 4.171E+03	 3.755E+03	 5.000E+03	 4.307E+01
   10.7875	 2.000E+01	 1.749E+01	 1.211E+01	 0.000E+00	 2.715E+04	 4.171E+03	 3.757E+03	 5.000E+03	 4.307E+01
   10.8000	 2.000E+01	 1.749E+01	 1.211E+01	 0.000E+00	 2.715E+04	 4.172E+03	 3.759E+03	 5.000E+03	 4.307E+01
   10.8125	 2.000E+01	 1.749E+01	 1.211E+01	 0.000E+00	 2.716E+04	 4.172E+03	 3.761E+03	 5.000E+03	 4.307E+01
   10.8250	 2.000E+01	 1.749E+01	 1.211E+01	 0.000E+00	 2.716E+04	 4.172E+03	 3.763E+03	 5.000E+03	 4.307E+01
   10.8375	 2.000E+01	 1.749E+01	 1.211E+01	 0.000E+00	 2.717E+04	 4.172E+03	 3.766E+03	 5.000E+03	 4.307E+01
   10.8500	 2.000E+01	 1.749E+01	 1.211E+01	 0.000E+00	 2.717E+04	 4.172E+03	 3.768E+03	 5.000E+03	 4.307E+01
   10.8625	 2.000E+01	 1.749E+01	 1.211E+01	 0.000E+00	 2.717E+04	 4.172E+03	 3.771E+03	 5.000E+03	 4.307E+01
   10.8750	 2.000E+01	 1.749E+01	 1.211E+01	 0.000E+00	 2.718E+04	 4.172E+03	 3.773E+03	 5.000E+03	 4.307E+01
   10.8875	 2.000E+01	 1.749E+01	 1.211E+01	 0.000E+00	 2.718E+04	 4.172E+03	 3.776E+03	 5.000E+03	 4.307E+01
   10.9000	 2.000E+01	 1.749E+01	 1.211E+01	 0.000E+00	 2.718E+04	 4.172E+03	 3.779E+03	 5.000E+03	 4.307E+01
   10.9125	 2.000E+01	 1.749E+01	 1.211E+01	 0.000E+00	 2.719E+04	 4.173E+03	 3.782E+03	 5.000E+03	 4.307E+01
   10.9250	 2.000E+01	 1.749E+01	 1.211E+01	 0.000E+00	 2.719E+04	 4.173E+03	 3.785E+03	 5.000E+03	 4.307E+01
   10.9375	 2.000E+01	 1.749E+01	 1.211E+01	 0.000E+00	 2.719E+04	 4.173E+03	 3.788E+03	 5.000E+03	 4.307E+01
   10.9500	 2.000E+01	 1.749E+01	 1.211E+01	 0.000E+00	 2.720E+04	 4.173E+03	 3.791E+03	 5.000E+03	 4.307E+01
   10.9625	 2.000E+01	 1.749E+01	 1.211E+01	 0.000E+00	 2.720E+04	 4.173E+03	 3.795E+03	 5.000E+03	 4.307E+01
   10.9750	 2.000E+01	 1.749E+01	 1.211E+01	 0.000E+00	 2.720E+04	 4.173E+03	 3.798E+03	 5.000E+03	 4.307E+01
   10.9875	 2.000E+01	 1.749E+01	 1.211E+01	 0.000E+00	 2.721E+04	 4.173E+03	 3.802E+03	 5.000E+03	 4.308E+01
   11.0000	 2.000E+01	 1.749E+01	 1.211E+01	 0.000E+00	 2.721E+04	 4.173E+03	 3.805E+03	 5.000E+03	 4.308E+01
   11.0125	 2.000E+01	 1.749E+01	 1.210E+01	 0.000E+00	 2.721E+04	 4.173E+03	 3.809E+03	 5.000E+03	 4.308E+01
   11.0250	 2.000E+01	 1.749E+01	 1.210E+01	 0.000E+00	 2.721E+04	 4.173E+03	 3.813E+03	 5.000E+03	 4.308E+01
   11.0375	 2.000E+01	 1.749E+01	 1.210E+01	 0.000E+00	 2.722E+04	 4.173E+03	 3.817E+03	 5.000E+03	 4.308E+01
   11.0500	 2.000E+01	 1.749E+01	 1.210E+01	 0.000E+00	 2.722E+04	 4.173E+03	 3.821E+03	 5.000E+03	 4.308E+01
   11.0625	 2.000E+01	 1.749E+01	 1.210E+01	 0.000E+00	 2.722E+04	 4.174E+03	 3.825E+03	 5.000E+03	 4.308E+01
   11.0750	 2.000E+01	 1.749E+01	 1.210E+01	 0.000E+00	 2.722E+04	 4.174E+03	 3.829E+03	 5.000E+03	 4.308E+01
   11.0875	 2.000E+01	 1.749E+01	 1.210E+01	 0.000E+00	 2.723E+04	 4.174E+03	 3.833E+03	 5.000E+03	 4.308E+01
   11.1000	 2.000E+01	 1.749E+01	 1.210E+01	 0.000E+00	 2.723E+04	 4.174E+03	 3.838E+03	 5.000E+03	 4.308E+01
   11.1125	 2.000E+01	 1.749E+01	 1.210E+01	 0.000E+00	 2.723E+04	 4.174E+03	 3.842E+03	 5.000E+03	 4.308E+01
   11.1250	 2.000E+01	 1.749E+01	 1.210E+01	 0.000E+00	 2.723E+04	 4.174E+03	 3.847E+03	 5.000E+03	 4.308E+01
   11.1375	 2.000E+01	 1.749E+01	 1.210E+01	 0.000E+00	 2.724E+04	 4.174E+03	 3.852E+03	 5.000E+03	 4.308E+01
   11.1500	 2.000E+01	 1.749E+01	 1.210E+01	 0.000E+00	 2.724E+04	 4.174E+03	 3.856E+03	 5.000E+03	 4.308E+01
   11.1625	 2.000E+01	 1.749E+01	 1.210E+01	 0.000E+00	 2.724E+04	 4.174E+03	 3.861E+03	 5.000E+03	 4.308E+01
   11.1750	 2.000E+01	 1.749E+01	 1.210E+01	 0.000E+00	 2.724E+04	 4.174E+03	 3.866E+03	 5.000E+03	 4.308E+01
   11.1875	 2.000E+01	 1.749E+01	 1.210E+01	 0.000E+00	 2.725E+04	 4.174E+03	 3.871E+03	 5.000E+03	 4.308E+01
   11.2000	 2.000E+01	 1.748E+01	 1.210E+01	 0.000E+00	 2.725E+04	 4.174E+03	 3.876E+03	 5.000E+03	 4.308E+01
   11.2125	 2.000E+01	 1.748E+01	 1.210E+01	 0.000E+00	 2.725E+04	 4.174E+03	 3.882E+03	 5.000E+03	 4.308E+01
   11.2250	 2.000E+01	 1.748E+01	 1.210E+01	 0.000E+00	 2.725E+04	 4.175E+03	 3.887E+03	 5.000E+03	 4.308E+01
   11.2375	 2.000E+01	 1.748E+01	 1.210E+01	 0.000E+00	 2.725E+04	 4.175E+03	 3.892E+03	 5.000E+03	 4.308E+01
   11.2500	 2.000E+01	 1.748E+01	 1.210E+01	 0.000E+00	 2.726E+04	 4.175E+03	 3.898E+03	 5.000E+03	 4.308E+01
   11.2625	 2.000E+01	 1.748E+01	 1.210E+01	 0.000E+00	 2.726E+04	 4.175E+03	 3.903E+03	 5.000E+03	 4.308E+01
   11.2750	 2.000E+01	 1.748E+01	 1.210E+01	 0.000E+00	 2.726E+04	 4.175E+03	 3.909E+03	 5.000E+03	 4.308E+01
   11.2875	 2.000E+01	 1.748E+01	 1.210E+01	 0.000E+00	 2.726E+04	 4.175E+03	 3.914E+03	 5.000E+03	 4.308E+01
   11.3000	 2.000E+01	 1.748E+01	 1.210E+01	 0.000E+00	 2.726E+04	 4.175E+03	 3.920E+03	 5.000E+03	 4.309E+01
   11.3125	 2.000E+01	 1.748E+01	 1.210E+01	 0.000E+00	 2.726E+04	 4.175E+03	 3.926E+03	 5.000E+03	 4.309E+01
   11.3250	 2.000E+01	 1.748E+01	 1.210E+01	 0.000E+00	 2.727E+04	 4.175E+03	 3.932E+03	 5.000E+03	 4.309E+01
   11.3375	 2.000E+01	 1.748E+01	 1.210E+01	 0.000E+00	 2.727E+04	 4.175E+03	 3.937E+03	 5.000E+03	 4.309E+01
   11.3500	 2.000E+01	 1.748E+01	 1.210E+01	 0.000E+00	 2.727E+04	 4.175E+03	 3.943E+03	 5.000E+03	 4.309E+01
   11.3625	 2.000E+01	 1.748E+01	 1.210E+01	 0.000E+00	 2.727E+04	 4.175E+03	 3.949E+03	 5.000E+03	 4.309E+01
   11.3750	 2.000E+01	 1.748E+01	 1.210E+01	 0.000E+00	 2.727E+04	 4.175E+03	 3.956E+03	 5.000E+03	 4.309E+01
   11.3875	 2.000E+01	 1.748E+01	 1.210E+01	 0.000E+00	 2.727E+04	 4.175E+03	 3.962E+03	 5.000E+03	 4.309E+01
   11.4000	 2.000E+01	 1.748E+01	 1.210E+01	 0.000E+00	 2.728E+04	 4.176E+03	 3.968E+03	 5.000E+03	 4.309E+01
   11.4125	 2.000E+01	 1.748E+01	 1.210E+01	 0.000E+00	 2.728E+04	 4.176E+03	 3.974E+03	 5.000E+03	 4.309E+01
   11.4250	 2.000E+01	 1.748E+01	 1.210E+01	 0.000E+00	 2.728E+04	 4.176E+03	 3.980E+03	 5.000E+03	 4.309E+01
   11.4375	 2.000E+01	 1.748E+01	 1.210E+01	 0.000E+00	 2.728E+04	 4.176E+03	 3.987E+03	 5.000E+03	 4.309E+01
   11.4500	 2.000E+01	 1.748E+01	 1.210E+01	 0.000E+00	 2.728E+04	 4.176E+03	 3.993E+03	 5.000E+03	 4.309E+01
   11.4625	 2.000E+01	 1.748E+01	 1.210E+01	 0.000E+00	 2.728E+04	 4.176E+03	 4.000E+03	 5.000E+03	 4.309E+01
   11.4750	 2.000E+01	 1.748E+01	 1.210E+01	 0.000E+00	 2.729E+04	 4.176E+03	 4.006E+03	 5.000E+03	 4.309E+01
   11.4875	 2.000E+01	 1.748E+01	 1.210E+01	 0.000E+00	 2.729E+04	 4.176E+03	 4.013E+03	 5.000E+03	 4.309E+01
   11.5000	 2.000E+01	 1.748E+01	 1.210E+01	 0.000E+00	 2.729E+04	 4.176E+03	 4.019E+03	 5.000E+03	 4.309E+01
   11.5125	 2.000E+01	 1.748E+01	 1.210E+01	 0.000E+00	 2.729E+04	 4.176E+03	 4.026E+03	 5.000E+03	 4.309E+01
   11.5250	 2.000E+01	 1.748E+01	 1.210E+01	 0.000E+00	 2.729E+04	 4.176E+03	 4.033E+03	 5.000E+03	 4.309E+01
   11.5375	 2.000E+01	 1.748E+01	 1.210E+01	 0.000E+00	 2.729E+04	 4.176E+03	 4.040E+03	 5.000E+03	 4.309E+01
   11.5500	 2.000E+01	 1.748E+01	 1.210E+01	 0.000E+00	 2.730E+04	 4.176E+03	 4.046E+03	 5.000E+03	 4.309E+01
   11.5625	 2.000E+01	 1.748E+01	 1.210E+01	 0.000E+00	 2.730E+04	 4.176E+03	 4.053E+03	 5.000E+03	 4.309E+01
   11.5750	 2.000E+01	 1.748E+01	 1.210E+01	 0.000E+00	 2.730E+04	 4.177E+03	 4.060E+03	 5.000E+03	 4.309E+01
   11.5875	 2.000E+01	 1.748E+01	 1.210E+01	 0.000E+00	 2.730E+04	 4.177E+03	 4.067E+03	 5.000E+03	 4.309E+01
   11.6000	 2.000E+01	 1.748E+01	 1.210E+01	 0.000E+00	 2.730E+04	 4.177E+03	 4.074E+03	 5.000E+03	 4.309E+01
   11.6125	 2.000E+01	 1.748E+01	 1.210E+01	 0.000E+00	 2.730E+04	 4.177E+03	 4.081E+03	 5.000E+03	 4.309E+01
   11.6250	 2.000E+01	 1.748E+01	 1.210E+01	 0.000E+00	 2.730E+04	 4.177E+03	 4.088E+03	 5.000E+03	 4.309E+01
   11.6375	 2.000E+01	 1.748E+01	 1.210E+01	 0.000E+00	 2.731E+04	 4.177E+03	 4.095E+03	 5.000E+03	 4.309E+01
   11.6500	 2.000E+01	 1.748E+01	 1.210E+01	 0.000E+00	 2.731E+04	 4.177E+03	 4.102E+03	 5.000E+03	 4.309E+01
   11.6625	 2.000E+01	 1.748E+01	 1.210E+01	 0.000E+00	 2.731E+04	 4.177E+03	 4.109E+03	 5.000E+03	 4.309E+01
   11.6750	 2.000E+01	 1.748E+01	 1.210E+01	 0.000E+00	 2.731E+04	 4.177E+03	 4.116E+03	 5.000E+03	 4.309E+01
   11.6875	 2.000E+01	 1.748E+01	 1.210E+01	 0.000E+00	 2.731E+04	 4.177E+03	 4.123E+03	 5.000E+03	 4.309E+01
   11.7000	 2.000E+01	 1.748E+01	 1.210E+01	 0.000E+00	 2.731E+04	 4.177E+03	 4.130E+03	 5.000E+03	 4.309E+01
   11.7125	 2.000E+01	 1.747E+01	 1.210E+01	 0.000E+00	 2.731E+04	 4.177E+03	 4.137E+03	 5.000E+03	 4.310E+01
   11.7250	 2.000E+01	 1.747E+01	 1.210E+01	 0.000E+00	 2.731E+04	 4.177E+03	 4.144E+03	 5.000E+03	 4.310E+01
   11.7375	 2.000E+01	 1.747E+01	 1.210E+01	 0.000E+00	 2.731E+04	 4.177E+03	 4.151E+03	 5.000E+03	 4.310E+01
   11.7500	 2.000E+01	 1.747E+01	 1.210E+01	 0.000E+00	 2.731E+04	 4.177E+03	 4.158E+03	 5.000E+03	 4.310E+01
   11.7625	 2.000E+01	 1.747E+01	 1.210E+01	 0.000E+00	 2.732E+04	 4.177E+03	 4.165E+03	 5.000E+03	 4.310E+01
   11.7750	 2.000E+01	 1.747E+01	 1.210E+01	 0.000E+00	 2.732E+04	 4.177E+03	 4.172E+03	 5.000E+03	 4.310E+01
   11.7875	 2.000E+01	 1.747E+01	 1.210E+01	 0.000E+00	 2.732E+04	 4.178E+03	 4.179E+03	 5.000E+03	 4.310E+01
   11.8000	 2.000E+01	 1.747E+01	 1.210E+01	 0.000E+00	 2.732E+04	 4.178E+03	 4.186E+03	 5.000E+03	 4.310E+01
   11.8125	 2.000E+01	 1.747E+01	 1.210E+01	 0.000E+00	 2.732E+04	 4.178E+03	 4.193E+03	 5.000E+03	 4.310E+01
   11.8250	 2.000E+01	 1.747E+01	 1.210E+01	 0.000E+00	 2.732E+04	 4.178E+03	 4.201E+03	 5.000E+03	 4.310E+01
   11.8375	 2.000E+01	 1.747E+01	 1.210E+01	 0.000E+00	 2.732E+04	 4.178E+03	 4.208E+03	 5.000E+03	 4.310E+01
   11.8500	 2.000E+01	 1.747E+01	 1.210E+01	 0.000E+00	 2.733E+04	 4.178E+03	 4.215E+03	 5.000E+03	 4.310E+01
   11.8625	 2.000E+01	 1.747E+01	 1.210E+01	 0.000E+00	 2.733E+04	 4.178E+03	 4.222E+03	 5.000E+03	 4.310E+01
   11.8750	 2.000E+01	 1.747E+01	 1.210E+01	 0.000E+00	 2.733E+04	 4.178E+03	 4.229E+03	 5.000E+03	 4.310E+01
   11.8875	 2.000E+01	 1.747E+01	 1.210E+01	 0.000E+00	 2.733E+04	 4.178E+03	 4.236E+03	 5.000E+03	 4.310E+01
   11.9000	 2.000E+01	 1.747E+01	 1.210E+01	 0.000E+00	 2.733E+04	 4.178E+03	 4.243E+03	 5.000E+03	 4.310E+01
   11.9125	 2.000E+01	 1.747E+01	 1.210E+01	 0.000E+00	 2.733E+04	 4.178E+03	 4.250E+03	 5.000E+03	 4.310E+01
   11.9250	 2.000E+01	 1.747E+01	 1.210E+01	 0.000E+00	 2.733E+04	 4.178E+03	 4.257E+03	 5.000E+03	 4.310E+01
   11.9375	 2.000E+01	 1.747E+01	 1.210E+01	 0.000E+00	 2.734E+04	 4.178E+03	 4.264E+03	 5.000E+03	 4.310E+01
   11.9500	 2.000E+01	 1.747E+01	 1.210E+01	 0.000E+00	 2.734E+04	 4.178E+03	 4.271E+03	 5.000E+03	 4.310E+01
   11.9625	 2.000E+01	 1.747E+01	 1.210E+01	 0.000E+00	 2.734E+04	 4.178E+03	 4.279E+03	 5.000E+03	 4.310E+01
   11.9750	 2.000E+01	 1.747E+01	 1.210E+01	 0.000E+00	 2.734E+04	 4.178E+03	 4.285E+03	 5.000E+03	 4.310E+01
   11.9875	 2.000E+01	 1.747E+01	 1.210E+01	 0.000E+00	 2.734E+04	 4.178E+03	 4.292E+03	 5.000E+03	 4.310E+01
   12.0000	 2.000E+01	 1.747E+01	 1.210E+01	 0.000E+00	 2.734E+04	 4.179E+03	 4.299E+03	 5.000E+03	 4.310E+01
   12.0125	 2.000E+01	 1.747E+01	 1.210E+01	 0.000E+00	 2.735E+04	 4.179E+03	 4.306E+03	 5.000E+03	 4.310E+01
   12.0250	 2.000E+01	 1.747E+01	 1.210E+01	 0.000E+00	 2.735E+04	 4.179E+03	 4.313E+03	 5.000E+03	 4.310E+01
   12.0375	 2.000E+01	 1.747E+01	 1.210E+01	 0.000E+00	 2.735E+04	 4.179E+03	 4.320E+03	 5.000E+03	 4.310E+01
   12.0500	 2.000E+01	 1.747E+01	 1.210E+01	 0.000E+00	 2.735E+04	 4.179E+03	 4.327E+03	 5.000E+03	 4.310E+01
   12.0625	 2.000E+01	 1.747E+01	 1.210E+01	 0.000E+00	 2.735E+04	 4.179E+03	 4.333E+03	 5.000E+03	 4.310E+01
   12.0750	 2.000E+01	 1.747E+01	 1.210E+01	 0.000E+00	 2.736E+04	 4.179E+03	 4.340E+03	 5.000E+03	 4.310E+01
   12.0875	 2.000E+01	 1.747E+01	 1.210E+01	 0.000E+00	 2.736E+04	 4.179E+03	 4.347E+03	 5.000E+03	 4.310E+01
   12.1000	 2.000E+01	 1.747E+01	 1.210E+01	 0.000E+00	 2.736E+04	 4.179E+03	 4.353E+03	 5.000E+03	 4.310E+01
   12.1125	 2.000E+01	 1.747E+01	 1.210E+01	 0.000E+00	 2.736E+04	 4.179E+03	 4.360E+03	 5.000E+03	 4.310E+01
   12.1250	 2.000E+01	 1.747E+01	 1.210E+01	 0.000E+00	 2.736E+04	 4.179E+03	 4.366E+03	 5.000E+03	 4.310E+01
   12.1375	 2.000E+01	 1.747E+01	 1.210E+01	 0.000E+00	 2.736E+04	 4.179E+03	 4.373E+03	 5.000E+03	 4.310E+01
   12.1500	 2.000E+01	 1.747E+01	 1.210E+01	 0.000E+00	 2.737E+04	 4.179E+03	 4.379E+03	 5.000E+03	 4.310E+01
   12.1625	 2.000E+01	 1.747E+01	 1.210E+01	 0.000E+00	 2.737E+04	 4.179E+03	 4.385E+03	 5.000E+03	 4.310E+01
   12.1750	 2.000E+01	 1.747E+01	 1.210E+01	 0.000E+00	 2.737E+04	 4.179E+03	 4.392E+03	 5.000E+03	 4.310E+01
   12.1875	 2.000E+01	 1.747E+01	 1.210E+01	 0.000E+00	 2.737E+04	 4.179E+03	 4.398E+03	 5.000E+03	 4.310E+01
   12.2000	 2.000E+01	 1.747E+01	 1.210E+01	 0.000E+00	 2.737E+04	 4.179E+03	 4.404E+03	 5.000E+03	 4.310E+01
   12.2125	 2.000E+01	 1.747E+01	 1.210E+01	 0.000E+00	 2.738E+04	 4.179E+03	 4.410E+03	 5.000E+03	 4.310E+01
   12.2250	 2.000E+01	 1.747E+01	 1.210E+01	 0.000E+00	 2.738E+04	 4.179E+03	 4.416E+03	 5.000E+03	 4.310E+01
   12.2375	 2.000E+01	 1.747E+01	 1.210E+01	 0.000E+00	 2.738E+04	 4.179E+03	 4.422E+03	 5.000E+03	 4.310E+01
   12.2500	 2.000E+01	 1.747E+01	 1.210E+01	 0.000E+00	 2.738E+04	 4.180E+03	 4.428E+03	 5.000E+03	 4.310E+01
   12.2625	 2.000E+01	 1.747E+01	 1.210E+01	 0.000E+00	 2.738E+04	 4.180E+03	 4.434E+03	 5.000E+03	 4.310E+01
   12.2750	 2.000E+01	 1.747E+01	 1.210E+01	 0.000E+00	 2.739E+04	 4.180E+03	 4.440E+03	 5.000E+03	 4.310E+01
   12.2875	 2.000E+01	 1.747E+01	 1.210E+01	 0.000E+00	 2.739E+04	 4.180E+03	 4.445E+03	 5.000E+03	 4.310E+01
   12.3000	 2.000E+01	 1.747E+01	 1.210E+01	 0.000E+00	 2.739E+04	 4.180E+03	 4.451E+03	 5.000E+03	 4.310E+01
   12.3125	 2.000E+01	 1.747E+01	 1.210E+01	 0.000E+00	 2.739E+04	 4.180E+03	 4.457E+03	 5.000E+03	 4.310E+01
   12.3250	 2.000E+01	 1.747E+01	 1.210E+01	 0.000E+00	 2.739E+04	 4.180E+03	 4.462E+03	 5.000E+03	 4.310E+01
   12.3375	 2.000E+01	 1.747E+01	 1.210E+01	 0.000E+00	 2.740E+04	 4.180E+03	 4.468E+03	 5.000E+03	 4.310E+01
   12.3500	 2.000E+01	 1.747E+01	 1.210E+01	 0.000E+00	 2.740E+04	 4.180E+03	 4.473E+03	 5.000E+03	 4.310E+01
   12.3625	 2.000E+01	 1.747E+01	 1.210E+01	 0.000E+00	 2.740E+04	 4.180E+03	 4.478E+03	 5.000E+03	 4.310E+01
   12.3750	 2.000E+01	 1.747E+01	 1.210E+01	 0.000E+00	 2.740E+04	 4.180E+03	 4.484E+03	 5.000E+03	 4.310E+01
   12.3875	 2.000E+01	 1.747E+01	 1.210E+01	 0.000E+00	 2.740E+04	 4.180E+03	 4.489E+03	 5.000E+03	 4.310E+01
   12.4000	 2.000E+01	 1.747E+01	 1.210E+01	 0.000E+00	 2.740E+04	 4.180E+03	 4.494E+03	 5.000E+03	 4.310E+01
   12.4125	 2.000E+01	 1.747E+01	 1.210E+01	 0.000E+00	 2.741E+04	 4.180E+03	 4.499E+03	 5.000E+03	 4.310E+01
   12.4250	 2.000E+01	 1.747E+01	 1.210E+01	 0.000E+00	 2.741E+04	 4.180E+03	 4.504E+03	 5.000E+03	 4.310E+01
   12.4375	 2.000E+01	 1.747E+01	 1.210E+01	 0.000E+00	 2.741E+04	 4.180E+03	 4.509E+03	 5.000E+03	 4.310E+01
   12.4500	 2.000E+01	 1.746E+01	 1.210E+01	 0.000E+00	 2.741E+04	 4.180E+03	 4.513E+03	 5.000E+03	 4.311E+01
   12.4625	 2.000E+01	 1.746E+01	 1.210E+01	 0.000E+00	 2.741E+04	 4.180E+03	 4.518E+03	 5.000E+03	 4.311E+01
   12.4750	 2.000E+01	 1.746E+01	 1.210E+01	 0.000E+00	 2.742E+04	 4.180E+03	 4.522E+03	 5.000E+03	 4.311E+01
   12.4875	 2.000E+01	 1.746E+01	 1.210E+01	 0.000E+00	 2.742E+04	 4.180E+03	 4.527E+03	 5.000E+03	 4.311E+01
   12.5000	 2.000E+01	 1.746E+01	 1.210E+01	 0.000E+00	 2.742E+04	 4.180E+03	 4.531E+03	 5.000E+03	 4.311E+01
   12.5125	 2.000E+01	 1.746E+01	 1.210E+01	 0.000E+00	 2.742E+04	 4.180E+03	 4.535E+03	 5.000E+03	 4.311E+01
   12.5250	 2.000E+01	 1.746E+01	 1.210E+01	 0.000E+00	 2.742E+04	 4.180E+03	 4.540E+03	 5.000E+03	 4.311E+01
   12.5375	 2.000E+01	 1.746E+01	 1.210E+01	 0.000E+00	 2.742E+04	 4.180E+03	 4.544E+03	 5.000E+03	 4.311E+01
   12.5500	 2.000E+01	 1.746E+01	 1.210E+01	 0.000E+00	 2.743E+04	 4.180E+03	 4.548E+03	 5.000E+03	 4.311E+01
   12.5625	 2.000E+01	 1.746E+01	 1.210E+01	 0.000E+00	 2.743E+04	 4.180E+03	 4.552E+03	 5.000E+03	 4.311E+01
   12.5750	 2.000E+01	 1.746E+01	 1.210E+01	 0.000E+00	 2.743E+04	 4.180E+03	 4.555E+03	 5.000E+03	 4.311E+01
   12.5875	 2.000E+01	 1.746E+01	 1.210E+01	 0.000E+00	 2.743E+04	 4.180E+03	 4.559E+03	 5.000E+03	 4.311E+01
   12.6000	 2.000E+01	 1.746E+01	 1.210E+01	 0.000E+00	 2.743E+04	 4.180E+03	 4.563E+03	 5.000E+03	 4.311E+01
   12.6125	 2.000E+01	 1.746E+01	 1.210E+01	 0.000E+00	 2.743E+04	 4.180E+03	 4.566E+03	 5.000E+03	 4.311E+01
   12.6250	 2.000E+01	 1.746E+01	 1.210E+01	 0.000E+00	 2.744E+04	 4.180E+03	 4.570E+03	 5.000E+03	 4.311E+01
   12.6375	 2.000E+01	 1.746E+01	 1.210E+01	 0.000E+00	 2.744E+04	 4.180E+03	 4.573E+03	 5.000E+03	 4.311E+01
   12.6500	 2.000E+01	 1.746E+01	 1.210E+01	 0.000E+00	 2.744E+04	 4.180E+03	 4.576E+03	 5.000E+03	 4.311E+01
   12.6625	 2.000E+01	 1.746E+01	 1.210E+01	 0.000E+00	 2.744E+04	 4.181E+03	 4.580E+03	 5.000E+03	 4.311E+01
   12.6750	 2.000E+01	 1.746E+01	 1.210E+01	 0.000E+00	 2.744E+04	 4.181E+03	 4.583E+03	 5.000E+03	 4.311E+01
   12.6875	 2.000E+01	 1.746E+01	 1.210E+01	 0.000E+00	 2.744E+04	 4.181E+03	 4.586E+03	 5.000E+03	 4.311E+01
   12.7000	 2.000E+01	 1.746E+01	 1.210E+01	 0.000E+00	 2.744E+04	 4.181E+03	 4.589E+03	 5.000E+03	 4.311E+01
   12.7125	 2.000E+01	 1.746E+01	 1.210E+01	 0.000E+00	 2.744E+04	 4.181E+03	 4.591E+03	 5.000E+03	 4.311E+01
   12.7250	 2.000E+01	 1.746E+01	 1.210E+01	 0.000E+00	 2.744E+04	 4.181E+03	 4.594E+03	 5.000E+03	 4.311E+01
   12.7375	 2.000E+01	 1.746E+01	 1.210E+01	 0.000E+00	 2.744E+04	 4.181E+03	 4.597E+03	 5.000E+03	 4.311E+01
   12.7500	 2.000E+01	 1.746E+01	 1.210E+01	 0.000E+00	 2.744E+04	 4.181E+03	 4.599E+03	 5.000E+03	 4.311E+01
   12.7625	 2.000E+01	 1.746E+01	 1.210E+01	 0.000E+00	 2.745E+04	 4.181E+03	 4.602E+03	 5.000E+03	 4.311E+01
   12.7750	 2.000E+01	 1.746E+01	 1.210E+01	 0.000E+00	 2.745E+04	 4.181E+03	 4.604E+03	 5.000E+03	 4.311E+01
   12.7875	 2.000E+01	 1.746E+01	 1.210E+01	 0.000E+00	 2.745E+04	 4.181E+03	 4.606E+03	 5.000E+03	 4.311E+01
   12.8000	 2.000E+01	 1.746E+01	 1.210E+01	 0.000E+00	 2.745E+04	 4.181E+03	 4.608E+03	 5.000E+03	 4.311E+01
   12.8125	 2.000E+01	 1.746E+01	 1.210E+01	 0.000E+00	 2.745E+04	 4.181E+03	 4.610E+03	 5.000E+03	 4.311E+01
   12.8250	 2.000E+01	 1.746E+01	 1.210E+01	 0.000E+00	 2.745E+04	 4.181E+03	 4.612E+03	 5.000E+03	 4.311E+01
   12.8375	 2.000E+01	 1.746E+01	 1.210E+01	 0.000E+00	 2.745E+04	 4.181E+03	 4.614E+03	 5.000E+03	 4.311E+01
   12.8500	 2.000E+01	 1.746E+01	 1.210E+01	 0.000E+00	 2.745E+04	 4.181E+03	 4.616E+03	 5.000E+03	 4.311E+01
   12.8625	 2.000E+01	 1.746E+01	 1.210E+01	 0.000E+00	 2.745E+04	 4.181E+03	 4.618E+03	 5.000E+03	 4.311E+01
   12.8750	 2.000E+01	 1.746E+01	 1.210E+01	 0.000E+00	 2.745E+04	 4.181E+03	 4.619E+03	 5.000E+03	 4.311E+01
   12.8875	 2.000E+01	 1.746E+01	 1.210E+01	 0.000E+00	 2.745E+04	 4.181E+03	 4.621E+03	 5.000E+03	 4.311E+01
   12.9000	 2.000E+01	 1.746E+01	 1.210E+01	 0.000E+00	 2.745E+04	 4.181E+03	 4.622E+03	 5.000E+03	 4.311E+01
   12.9125	 2.000E+01	 1.746E+01	 1.210E+01	 0.000E+00	 2.745E+04	 4.181E+03	 4.623E+03	 5.000E+03	 4.311E+01
   12.9250	 2.000E+01	 1.746E+01	 1.210E+01	 0.000E+00	 2.745E+04	 4.181E+03	 4.624E+03	 5.000E+03	 4.311E+01
   12.9375	 2.000E+01	 1.746E+01	 1.210E+01	 0.000E+00	 2.745E+04	 4.181E+03	 4.625E+03	 5.000E+03	 4.311E+01
   12.9500	 2.000E+01	 1.746E+01	 1.210E+01	 0.000E+00	 2.745E+04	 4.181E+03	 4.626E+03	 5.000E+03	 4.311E+01
   12.9625	 2.000E+01	 1.746E+01	 1.210E+01	 0.000E+00	 2.745E+04	 4.181E+03	 4.627E+03	 5.000E+03	 4.311E+01
   12.9750	 2.000E+01	 1.746E+01	 1.210E+01	 0.000E+00	 2.745E+04	 4.181E+03	 4.628E+03	 5.000E+03	 4.311E+01
   12.9875	 2.000E+01	 1.746E+01	 1.210E+01	 0.000E+00	 2.745E+04	 4.181E+03	 4.628E+03	 5.000E+03	 4.311E+01
   13.0000	 2.000E+01	 1.746E+01	 1.210E+01	 0.000E+00	 2.745E+04	 4.181E+03	 4.629E+03	 5.000E+03	 4.311E+01
   13.0125	 2.000E+01	 1.746E+01	 1.210E+01	 0.000E+00	 2.745E+04	 4.181E+03	 4.629E+03	 5.000E+03	 4.311E+01
   13.0250	 2.000E+01	 1.746E+01	 1.210E+01	 0.000E+00	 2.745E+04	 4.181E+03	 4.630E+03	 5.000E+03	 4.311E+01
   13.0375	 2.000E+01	 1.746E+01	 1.210E+01	 0.000E+00	 2.745E+04	 4.181E+03	 4.630E+03	 5.000E+03	 4.311E+01
   13.0500	 2.000E+01	 1.746E+01	 1.210E+01	 0.000E+00	 2.745E+04	 4.181E+03	 4.630E+03	 5.000E+03	 4.311E+01
   13.0625	 2.000E+01	 1.746E+01	 1.210E+01	 0.000E+00	 2.745E+04	 4.181E+03	 4.630E+03	 5.000E+03	 4.311E+01
   13.0750	 2.000E+01	 1.746E+01	 1.210E+01	 0.000E+00	 2.745E+04	 4.181E+03	 4.630E+03	 5.000E+03	 4.311E+01
   13.0875	 2.000E+01	 1.746E+01	 1.210E+01	 0.000E+00	 2.745E+04	 4.181E+03	 4.630E+03	 5.000E+03	 4.311E+01
   13.1000	 2.000E+01	 1.746E+01	 1.210E+01	 0.000E+00	 2.745E+04	 4.181E+03	 4.630E+03	 5.000E+03	 4.311E+01
   13.1125	 2.000E+01	 1.746E+01	 1.210E+01	 0.000E+00	 2.745E+04	 4.181E+03	 4.630E+03	 5.000E+03	 4.311E+01
   13.1250	 2.000E+01	 1.746E+01	 1.210E+01	 0.000E+00	 2.745E+04	 4.181E+03	 4.629E+03	 5.000E+03	 4.311E+01
   13.1375	 2.000E+01	 1.746E+01	 1.210E+01	 0.000E+00	 2.745E+04	 4.181E+03	 4.629E+03	 5.000E+03	 4.311E+01
   13.1500	 2.000E+01	 1.746E+01	 1.210E+01	 0.000E+00	 2.745E+04	 4.181E+03	 4.628E+03	 5.000E+03	 4.311E+01
   13.1625	 2.000E+01	 1.746E+01	 1.210E+01	 0.000E+00	 2.746E+04	 4.181E+03	 4.627E+03	 5.000E+03	 4.311E+01
   13.1750	 2.000E+01	 1.746E+01	 1.210E+01	 0.000E+00	 2.746E+04	 4.181E+03	 4.627E+03	 5.000E+03	 4.311E+01
   13.1875	 2.000E+01	 1.746E+01	 1.210E+01	 0.000E+00	 2.746E+04	 4.181E+03	 4.626E+03	 5.000E+03	 4.311E+01
   13.2000	 2.000E+01	 1.746E+01	 1.210E+01	 0.000E+00	 2.746E+04	 4.181E+03	 4.625E+03	 5.000E+03	 4.311E+01
   13.2125	 2.000E+01	 1.746E+01	 1.210E+01	 0.000E+00	 2.746E+04	 4.181E+03	 4.624E+03	 5.000E+03	 4.311E+01
   13.2250	 2.000E+01	 1.746E+01	 1.210E+01	 0.000E+00	 2.746E+04	 4.181E+03	 4.622E+03	 5.000E+03	 4.311E+01
   13.2375	 2.000E+01	 1.746E+01	 1.210E+01	 0.000E+00	 2.746E+04	 4.181E+03	 4.621E+03	 5.000E+03	 4.311E+01
   13.2500	 2.000E+01	 1.746E+01	 1.210E+01	 0.000E+00	 2.746E+04	 4.181E+03	 4.620E+03	 5.000E+03	 4.311E+01
   13.2625	 2.000E+01	 1.746E+01	 1.210E+01	 0.000E+00	 2.746E+04	 4.181E+03	 4.618E+03	 5.000E+03	 4.311E+01
   13.2750	 2.000E+01	 1.746E+01	 1.210E+01	 0.000E+00	 2.746E+04	 4.181E+03	 4.617E+03	 5.000E+03	 4.311E+01
   13.2875	 2.000E+01	 1.746E+01	 1.210E+01	 0.000E+00	 2.746E+04	 4.181E+03	 4.615E+03	 5.000E+03	 4.311E+01
   13.3000	 2.000E+01	 1.746E+01	 1.210E+01	 0.000E+00	 2.746E+04	 4.181E+03	 4.613E+03	 5.000E+03	 4.311E+01
   13.3125	 2.000E+01	 1.746E+01	 1.210E+01	 0.000E+00	 2.746E+04	 4.181E+03	 4.611E+03	 5.000E+03	 4.311E+01
   13.3250	 2.000E+01	 1.746E+01	 1.210E+01	 0.000E+00	 2.746E+04	 4.181E+03	 4.610E+03	 5.000E+03	 4.311E+01
   13.3375	 2.000E+01	 1.746E+01	 1.210E+01	 0.000E+00	 2.746E+04	 4.181E+03	 4.608E+03	 5.000E+03	 4.311E+01
   13.3500	 2.000E+01	 1.746E+01	 1.210E+01	 0.000E+00	 2.745E+04	 4.181E+03	 4.605E+03	 5.000E+03	 4.311E+01
   13.3625	 2.000E+01	 1.746E+01	 1.210E+01	 0.000E+00	 2.745E+04	 4.181E+03	 4.603E+03	 5.000E+03	 4.311E+01
   13.3750	 2.000E+01	 1.746E+01	 1.210E+01	 0.000E+00	 2.745E+04	 4.181E+03	 4.601E+03	 5.000E+03	 4.311E+01
   13.3875	 2.000E+01	 1.746E+01	 1.210E+01	 0.000E+00	 2.745E+04	 4.181E+03	 4.599E+03	 5.000E+03	 4.311E+01
   13.4000	 2.000E+01	 1.746E+01	 1.210E+01	 0.000E+00	 2.745E+04	 4.181E+03	 4.596E+03	 5.000E+03	 4.311E+01
   13.4125	 2.000E+01	 1.746E+01	 1.210E+01	 0.000E+00	 2.745E+04	 4.181E+03	 4.594E+03	 5.000E+03	 4.311E+01
   13.4250	 2.000E+01	 1.746E+01	 1.210E+01	 0.000E+00	 2.745E+04	 4.181E+03	 4.591E+03	 5.000E+03	 4.311E+01
   13.4375	 2.000E+01	 1.746E+01	 1.210E+01	 0.000E+00	 2.745E+04	 4.181E+03	 4.588E+03	 5.000E+03	 4.311E+01
   13.4500	 2.000E+01	 1.746E+01	 1.210E+01	 0.000E+00	 2.745E+04	 4.181E+03	 4.585E+03	 5.000E+03	 4.311E+01
   13.4625	 2.000E+01	 1.746E+01	 1.210E+01	 0.000E+00	 2.745E+04	 4.181E+03	 4.582E+03	 5.000E+03	 4.311E+01
   13.4750	 2.000E+01	 1.746E+01	 1.210E+01	 0.000E+00	 2.745E+04	 4.181E+03	 4.579E+03	 5.000E+03	 4.311E+01
   13.4875	 2.000E+01	 1.746E+01	 1.210E+01	 0.000E+00	 2.745E+04	 4.181E+03	 4.576E+03	 5.000E+03	 4.311E+01
   13.5000	 2.000E+01	 1.746E+01	 1.210E+01	 0.000E+00	 2.745E+04	 4.181E+03	 4.573E+03	 5.000E+03	 4.311E+01
   13.5125	 2.000E+01	 1.746E+01	 1.210E+01	 0.000E+00	 2.746E+04	 4.181E+03	 4.570E+03	 5.000E+03	 4.311E+01
   13.5250	 2.000E+01	 1.746E+01	 1.210E+01	 0.000E+00	 2.746E+04	 4.181E+03	 4.567E+03	 5.000E+03	 4.311E+01
   13.5375	 2.000E+01	 1.746E+01	 1.210E+01	 0.000E+00	 2.746E+04	 4.181E+03	 4.563E+03	 5.000E+03	 4.311E+01
   13.5500	 2.000E+01	 1.746E+01	 1.210E+01	 0.000E+00	 2.746E+04	 4.182E+03	 4.560E+03	 5.000E+03	 4.311E+01
   13.5625	 2.000E+01	 1.746E+01	 1.210E+01	 0.000E+00	 2.746E+04	 4.182E+03	 4.556E+03	 5.000E+03	 4.311E+01
   13.5750	 2.000E+01	 1.746E+01	 1.210E+01	 0.000E+00	 2.746E+04	 4.182E+03	 4.553E+03	 5.000E+03	 4.311E+01
   13.5875	 2.000E+01	 1.746E+01	 1.210E+01	 0.000E+00	 2.746E+04	 4.182E+03	 4.549E+03	 5.000E+03	 4.311E+01
   13.6000	 2.000E+01	 1.746E+01	 1.210E+01	 0.000E+00	 2.746E+04	 4.182E+03	 4.545E+03	 5.000E+03	 4.311E+01
   13.6125	 2.000E+01	 1.746E+01	 1.210E+01	 0.000E+00	 2.746E+04	 4.182E+03	 4.541E+03	 5.000E+03	 4.311E+01
   13.6250	 2.000E+01	 1.746E+01	 1.210E+01	 0.000E+00	 2.746E+04	 4.182E+03	 4.538E+03	 5.000E+03	 4.311E+01
   13.6375	 2.000E+01	 1.746E+01	 1.210E+01	 0.000E+00	 2.746E+04	 4.182E+03	 4.534E+03	 5.000E+03	 4.311E+01
   13.6500	 2.000E+01	 1.746E+01	 1.210E+01	 0.000E+00	 2.746E+04	 4.182E+03	 4.529E+03	 5.000E+03	 4.311E+01
   13.6625	 2.000E+01	 1.746E+01	 1.210E+01	 0.000E+00	 2.746E+04	 4.182E+03	 4.525E+03	 5.000E+03	 4.311E+01
   13.6750	 2.000E+01	 1.746E+01	 1.210E+01	 0.000E+00	 2.746E+04	 4.182E+03	 4.521E+03	 5.000E+03	 4.311E+01
   13.6875	 2.000E+01	 1.745E+01	 1.210E+01	 0.000E+00	 2.746E+04	 4.182E+03	 4.517E+03	 5.000E+03	 4.311E+01
   13.7000	 2.000E+01	 1.745E+01	 1.210E+01	 0.000E+00	 2.746E+04	 4.182E+03	 4.513E+03	 5.000E+03	 4.311E+01
   13.7125	 2.000E+01	 1.745E+01	 1.210E+01	 0.000E+00	 2.747E+04	 4.182E+03	 4.508E+03	 5.000E+03	 4.311E+01
   13.7250	 2.000E+01	 1.745E+01	 1.210E+01	 0.000E+00	 2.747E+04	 4.182E+03	 4.504E+03	 5.000E+03	 4.311E+01
   13.7375	 2.000E+01	 1.745E+01	 1.210E+01	 0.000E+00	 2.747E+04	 4.182E+03	 4.499E+03	 5.000E+03	 4.311E+01
   13.7500	 2.000E+01	 1.745E+01	 1.210E+01	 0.000E+00	 2.747E+04	 4.182E+03	 4.494E+03	 5.000E+03	 4.311E+01
   13.7625	 2.000E+01	 1.745E+01	 1.210E+01	 0.000E+00	 2.747E+04	 4.182E+03	 4.490E+03	 5.000E+03	 4.311E+01
   13.7750	 2.000E+01	 1.745E+01	 1.210E+01	 0.000E+00	 2.747E+04	 4.182E+03	 4.485E+03	 5.000E+03	 4.311E+01
   13.7875	 2.000E+01	 1.745E+01	 1.210E+01	 0.000E+00	 2.747E+04	 4.182E+03	 4.480E+03	 5.000E+03	 4.311E+01
   13.8000	 2.000E+01	 1.745E+01	 1.210E+01	 0.000E+00	 2.747E+04	 4.182E+03	 4.475E+03	 5.000E+03	 4.311E+01
   13.8125	 2.000E+01	 1.745E+01	 1.210E+01	 0.000E+00	 2.747E+04	 4.182E+03	 4.470E+03	 5.000E+03	 4.311E+01
   13.8250	 2.000E+01	 1.745E+01	 1.210E+01	 0.000E+00	 2.747E+04	 4.182E+03	 4.465E+03	 5.000E+03	 4.311E+01
   13.8375	 2.000E+01	 1.745E+01	 1.210E+01	 0.000E+00	 2.747E+04	 4.182E+03	 4.460E+03	 5.000E+03	 4.311E+01
   13.8500	 2.000E+01	 1.745E+01	 1.210E+01	 0.000E+00	 2.747E+04	 4.182E+03	 4.455E+03	 5.000E+03	 4.311E+01
   13.8625	 2.000E+01	 1.745E+01	 1.210E+01	 0.000E+00	 2.747E+04	 4.182E+03	 4.450E+03	 5.000E+03	 4.311E+01
   13.8750	 2.000E+01	 1.745E+01	 1.210E+01	 0.000E+00	 2.748E+04	 4.182E+03	 4.445E+03	 5.000E+03	 4.311E+01
   13.8875	 2.000E+01	 1.745E+01	 1.210E+01	 0.000E+00	 2.748E+04	 4.182E+03	 4.440E+03	 5.000E+03	 4.311E+01
   13.9000	 2.000E+01	 1.745E+01	 1.210E+01	 0.000E+00	 2.748E+04	 4.182E+03	 4.434E+03	 5.000E+03	 4.311E+01
   13.9125	 2.000E+01	 1.745E+01	 1.210E+01	 0.000E+00	 2.748E+04	 4.182E+03	 4.429E+03	 5.000E+03	 4.311E+01
   13.9250	 2.000E+01	 1.745E+01	 1.210E+01	 0.000E+00	 2.748E+04	 4.182E+03	 4.424E+03	 5.000E+03	 4.311E+01
   13.9375	 2.000E+01	 1.745E+01	 1.210E+01	 0.000E+00	 2.748E+04	 4.182E+03	 4.418E+03	 5.000E+03	 4.311E+01
   13.9500	 2.000E+01	 1.745E+01	 1.210E+01	 0.000E+00	 2.748E+04	 4.182E+03	 4.413E+03	 5.000E+03	 4.311E+01
   13.9625	 2.000E+01	 1.745E+01	 1.210E+01	 0.000E+00	 2.748E+04	 4.182E+03	 4.407E+03	 5.000E+03	 4.311E+01
   13.9750	 2.000E+01	 1.745E+01	 1.210E+01	 0.000E+00	 2.748E+04	 4.182E+03	 4.402E+03	 5.000E+03	 4.311E+01
   13.9875	 2.000E+01	 1.745E+01	 1.210E+01	 0.000E+00	 2.749E+04	 4.182E+03	 4.396E+03	 5.000E+03	 4.311E+01
   14.0000	 2.000E+01	 1.745E+01	 1.210E+01	 0.000E+00	 2.749E+04	 4.182E+03	 4.390E+03	 5.000E+03	 4.311E+01
   14.0125	 2.000E+01	 1.745E+01	 1.210E+01	 0.000E+00	 2.749E+04	 4.182E+03	 4.384E+03	 5.000E+03	 4.311E+01
   14.0250	 2.000E+01	 1.745E+01	 1.210E+01	 0.000E+00	 2.749E+04	 4.182E+03	 4.379E+03	 5.000E+03	 4.311E+01
   14.0375	 2.000E+01	 1.745E+01	 1.210E+01	 0.000E+00	 2.749E+04	 4.182E+03	 4.373E+03	 5.000E+03	 4.311E+01
   14.0500	 2.000E+01	 1.745E+01	 1.210E+01	 0.000E+00	 2.749E+04	 4.182E+03	 4.367E+03	 5.000E+03	 4.311E+01
   14.0625	 2.000E+01	 1.745E+01	 1.210E+01	 0.000E+00	 2.749E+04	 4.182E+03	 4.361E+03	 5.000E+03	 4.311E+01
   14.0750	 2.000E+01	 1.745E+01	 1.210E+01	 0.000E+00	 2.749E+04	 4.182E+03	 4.355E+03	 5.000E+03	 4.311E+01
   14.0875	 2.000E+01	 1.745E+01	 1.210E+01	 0.000E+00	 2.749E+04	 4.182E+03	 4.349E+03	 5.000E+03	 4.311E+01
   14.1000	 2.000E+01	 1.745E+01	 1.210E+01	 0.000E+00	 2.749E+04	 4.182E+03	 4.343E+03	 5.000E+03	 4.311E+01
   14.1125	 2.000E+01	 1.745E+01	 1.210E+01	 0.000E+00	 2.750E+04	 4.182E+03	 4.337E+03	 5.000E+03	 4.311E+01
   14.1250	 2.000E+01	 1.745E+01	 1.210E+01	 0.000E+00	 2.750E+04	 4.182E+03	 4.331E+03	 5.000E+03	 4.311E+01
   14.1375	 2.000E+01	 1.745E+01	 1.210E+01	 0.000E+00	 2.750E+04	 4.182E+03	 4.325E+03	 5.000E+03	 4.311E+01
   14.1500	 2.000E+01	 1.745E+01	 1.210E+01	 0.000E+00	 2.750E+04	 4.182E+03	 4.319E+03	 5.000E+03	 4.311E+01
   14.1625	 2.000E+01	 1.745E+01	 1.210E+01	 0.000E+00	 2.750E+04	 4.182E+03	 4.313E+03	 5.000E+03	 4.311E+01
   14.1750	 2.000E+01	 1.745E+01	 1.210E+01	 0.000E+00	 2.750E+04	 4.182E+03	 4.307E+03	 5.000E+03	 4.311E+01
   14.1875	 2.000E+01	 1.745E+01	 1.210E+01	 0.000E+00	 2.750E+04	 4.182E+03	 4.300E+03	 5.000E+03	 4.311E+01
   14.2000	 2.000E+01	 1.745E+01	 1.210E+01	 0.000E+00	 2.750E+04	 4.182E+03	 4.294E+03	 5.000E+03	 4.311E+01
   14.2125	 2.000E+01	 1.745E+01	 1.210E+01	 0.000E+00	 2.750E+04	 4.182E+03	 4.288E+03	 5.000E+03	 4.311E+01
   14.2250	 2.000E+01	 1.745E+01	 1.210E+01	 0.000E+00	 2.750E+04	 4.182E+03	 4.282E+03	 5.000E+03	 4.311E+01
   14.2375	 2.000E+01	 1.745E+01	 1.210E+01	 0.000E+00	 2.750E+04	 4.182E+03	 4.275E+03	 5.000E+03	 4.311E+01
   14.2500	 2.000E+01	 1.745E+01	 1.210E+01	 0.000E+00	 2.750E+04	 4.182E+03	 4.269E+03	 5.000E+03	 4.311E+01
   14.2625	 2.000E+01	 1.745E+01	 1.210E+01	 0.000E+00	 2.751E+04	 4.182E+03	 4.263E+03	 5.000E+03	 4.311E+01
   14.2750	 2.000E+01	 1.745E+01	 1.210E+01	 0.000E+00	 2.751E+04	 4.182E+03	 4.257E+03	 5.000E+03	 4.311E+01
   14.2875	 2.000E+01	 1.745E+01	 1.210E+01	 0.000E+00	 2.751E+04	 4.182E+03	 4.250E+03	 5.000E+03	 4.311E+01
   14.3000	 2.000E+01	 1.745E+01	 1.210E+01	 0.000E+00	 2.751E+04	 4.182E+03	 4.244E+03	 5.000E+03	 4.311E+01
   14.3125	 2.000E+01	 1.745E+01	 1.210E+01	 0.000E+00	 2.751E+04	 4.182E+03	 4.238E+03	 5.000E+03	 4.311E+01
   14.3250	 2.000E+01	 1.745E+01	 1.210E+01	 0.000E+00	 2.751E+04	 4.182E+03	 4.231E+03	 5.000E+03	 4.311E+01
   14.3375	 2.000E+01	 1.745E+01	 1.210E+01	 0.000E+00	 2.751E+04	 4.182E+03	 4.225E+03	 5.000E+03	 4.311E+01
   14.3500	 2.000E+01	 1.745E+01	 1.210E+01	 0.000E+00	 2.751E+04	 4.182E+03	 4.218E+03	 5.000E+03	 4.311E+01
   14.3625	 2.000E+01	 1.745E+01	 1.210E+01	 0.000E+00	 2.751E+04	 4.182E+03	 4.212E+03	 5.000E+03	 4.311E+01
   14.3750	 2.000E+01	 1.745E+01	 1.210E+01	 0.000E+00	 2.751E+04	 4.182E+03	 4.205E+03	 5.000E+03	 4.311E+01
   14.3875	 2.000E+01	 1.745E+01	 1.210E+01	 0.000E+00	 2.751E+04	 4.182E+03	 4.199E+03	 5.000E+03	 4.311E+01
   14.4000	 2.000E+01	 1.745E+01	 1.210E+01	 0.000E+00	 2.751E+04	 4.182E+03	 4.192E+03	 5.000E+03	 4.311E+01
   14.4125	 2.000E+01	 1.745E+01	 1.210E+01	 0.000E+00	 2.751E+04	 4.182E+03	 4.186E+03	 5.000E+03	 4.311E+01
   14.4250	 2.000E+01	 1.745E+01	 1.210E+01	 0.000E+00	 2.751E+04	 4.182E+03	 4.179E+03	 5.000E+03	 4.311E+01
   14.4375	 2.000E+01	 1.745E+01	 1.210E+01	 0.000E+00	 2.751E+04	 4.182E+03	 4.173E+03	 5.000E+03	 4.311E+01
   14.4500	 2.000E+01	 1.745E+01	 1.210E+01	 0.000E+00	 2.751E+04	 4.182E+03	 4.167E+03	 5.000E+03	 4.311E+01
   14.4625	 2.000E+01	 1.745E+01	 1.210E+01	 0.000E+00	 2.751E+04	 4.182E+03	 4.160E+03	 5.000E+03	 4.311E+01
   14.4750	 2.000E+01	 1.745E+01	 1.210E+01	 0.000E+00	 2.751E+04	 4.182E+03	 4.154E+03	 5.000E+03	 4.311E+01
   14.4875	 2.000E+01	 1.745E+01	 1.210E+01	 0.000E+00	 2.751E+04	 4.182E+03	 4.147E+03	 5.000E+03	 4.311E+01
   14.5000	 2.000E+01	 1.745E+01	 1.210E+01	 0.000E+00	 2.751E+04	 4.182E+03	 4.141E+03	 5.000E+03	 4.311E+01
   14.5125	 2.000E+01	 1.745E+01	 1.210E+01	 0.000E+00	 2.751E+04	 4.182E+03	 4.135E+03	 5.000E+03	 4.311E+01
   14.5250	 2.000E+01	 1.745E+01	 1.210E+01	 0.000E+00	 2.751E+04	 4.182E+03	 4.128E+03	 5.000E+03	 4.311E+01
   14.5375	 2.000E+01	 1.745E+01	 1.210E+01	 0.000E+00	 2.751E+04	 4.182E+03	 4.122E+03	 5.000E+03	 4.311E+01
   14.5500	 2.000E+01	 1.745E+01	 1.210E+01	 0.000E+00	 2.751E+04	 4.182E+03	 4.115E+03	 5.000E+03	 4.311E+01
   14.5625	 2.000E+01	 1.745E+01	 1.210E+01	 0.000E+00	 2.751E+04	 4.182E+03	 4.109E+03	 5.000E+03	 4.311E+01
   14.5750	 2.000E+01	 1.745E+01	 1.210E+01	 0.000E+00	 2.751E+04	 4.182E+03	 4.103E+03	 5.000E+03	 4.311E+01
   14.5875	 2.000E+01	 1.745E+01	 1.210E+01	 0.000E+00	 2.751E+04	 4.182E+03	 4.096E+03	 5.000E+03	 4.311E+01
   14.6000	 2.000E+01	 1.745E+01	 1.210E+01	 0.000E+00	 2.751E+04	 4.182E+03	 4.090E+03	 5.000E+03	 4.311E+01
   14.6125	 2.000E+01	 1.745E+01	 1.210E+01	 0.000E+00	 2.750E+04	 4.182E+03	 4.084E+03	 5.000E+03	 4.311E+01
   14.6250	 2.000E+01	 1.745E+01	 1.210E+01	 0.000E+00	 2.750E+04	 4.182E+03	 4.078E+03	 5.000E+03	 4.311E+01
   14.6375	 2.000E+01	 1.745E+01	 1.210E+01	 0.000E+00	 2.750E+04	 4.182E+03	 4.072E+03	 5.000E+03	 4.311E+01
   14.6500	 2.000E+01	 1.745E+01	 1.210E+01	 0.000E+00	 2.750E+04	 4.182E+03	 4.066E+03	 5.000E+03	 4.311E+01
   14.6625	 2.000E+01	 1.745E+01	 1.210E+01	 0.000E+00	 2.750E+04	 4.182E+03	 4.060E+03	 5.000E+03	 4.311E+01
   14.6750	 2.000E+01	 1.745E+01	 1.210E+01	 0.000E+00	 2.750E+04	 4.182E+03	 4.054E+03	 5.000E+03	 4.311E+01
   14.6875	 2.000E+01	 1.745E+01	 1.210E+01	 0.000E+00	 2.750E+04	 4.182E+03	 4.048E+03	 5.000E+03	 4.311E+01
   14.7000	 2.000E+01	 1.745E+01	 1.210E+01	 0.000E+00	 2.750E+04	 4.182E+03	 4.042E+03	 5.000E+03	 4.311E+01
   14.7125	 2.000E+01	 1.745E+01	 1.210E+01	 0.000E+00	 2.750E+04	 4.182E+03	 4.036E+03	 5.000E+03	 4.311E+01
   14.7250	 2.000E+01	 1.745E+01	 1.210E+01	 0.000E+00	 2.750E+04	 4.182E+03	 4.030E+03	 5.000E+03	 4.311E+01
   14.7375	 2.000E+01	 1.745E+01	 1.210E+01	 0.000E+00	 2.750E+04	 4.182E+03	 4.024E+03	 5.000E+03	 4.311E+01
   14.7500	 2.000E+01	 1.745E+01	 1.210E+01	 0.000E+00	 2.750E+04	 4.182E+03	 4.019E+03	 5.000E+03	 4.311E+01
   14.7625	 2.000E+01	 1.745E+01	 1.210E+01	 0.000E+00	 2.750E+04	 4.182E+03	 4.013E+03	 5.000E+03	 4.311E+01
   14.7750	 2.000E+01	 1.745E+01	 1.210E+01	 0.000E+00	 2.750E+04	 4.182E+03	 4.007E+03	 5.000E+03	 4.311E+01
   14.7875	 2.000E+01	 1.745E+01	 1.210E+01	 0.000E+00	 2.750E+04	 4.182E+03	 4.002E+03	 5.000E+03	 4.311E+01
   14.8000	 2.000E+01	 1.745E+01	 1.210E+01	 0.000E+00	 2.750E+04	 4.182E+03	 3.996E+03	 5.000E+03	 4.311E+01
   14.8125	 2.000E+01	 1.745E+01	 1.210E+01	 0.000E+00	 2.750E+04	 4.182E+03	 3.991E+03	 5.000E+03	 4.311E+01
   14.8250	 2.000E+01	 1.745E+01	 1.210E+01	 0.000E+00	 2.750E+04	 4.182E+03	 3.985E+03	 5.000E+03	 4.311E+01
   14.8375	 2.000E+01	 1.745E+01	 1.210E+01	 0.000E+00	 2.750E+04	 4.182E+03	 3.980E+03	 5.000E+03	 4.311E+01
   14.8500	 2.000E+01	 1.745E+01	 1.210E+01	 0.000E+00	 2.750E+04	 4.182E+03	 3.974E+03	 5.000E+03	 4.311E+01
   14.8625	 2.000E+01	 1.745E+01	 1.210E+01	 0.000E+00	 2.750E+04	 4.182E+03	 3.969E+03	 5.000E+03	 4.311E+01
   14.8750	 2.000E+01	 1.745E+01	 1.210E+01	 0.000E+00	 2.750E+04	 4.182E+03	 3.964E+03	 5.000E+03	 4.311E+01
   14.8875	 2.000E+01	 1.745E+01	 1.210E+01	 0.000E+00	 2.750E+04	 4.182E+03	 3.959E+03	 5.000E+03	 4.311E+01
   14.9000	 2.000E+01	 1.745E+01	 1.210E+01	 0.000E+00	 2.750E+04	 4.182E+03	 3.954E+03	 5.000E+03	 4.311E+01
   14.9125	 2.000E+01	 1.745E+01	 1.210E+01	 0.000E+00	 2.750E+04	 4.182E+03	 3.949E+03	 5.000E+03	 4.311E+01
   14.9250	 2.000E+01	 1.745E+01	 1.210E+01	 0.000E+00	 2.750E+04	 4.182E+03	 3.944E+03	 5.000E+03	 4.311E+01
   14.9375	 2.000E+01	 1.745E+01	 1.210E+01	 0.000E+00	 2.750E+04	 4.182E+03	 3.939E+03	 5.000E+03	 4.311E+01
   14.9500	 2.000E+01	 1.745E+01	 1.210E+01	 0.000E+00	 2.749E+04	 4.182E+03	 3.934E+03	 5.000E+03	 4.311E+01
   14.9625	 2.000E+01	 1.745E+01	 1.210E+01	 0.000E+00	 2.749E+04	 4.182E+03	 3.929E+03	 5.000E+03	 4.311E+01
   14.9750	 2.000E+01	 1.745E+01	 1.210E+01	 0.000E+00	 2.749E+04	 4.182E+03	 3.924E+03	 5.000E+03	 4.311E+01
   14.9875	 2.000E+01	 1.745E+01	 1.210E+01	 0.000E+00	 2.749E+04	 4.182E+03	 3.920E+03	 5.000E+03	 4.311E+01
   15.0000	 2.000E+01	 1.745E+01	 1.210E+01	 0.000E+00	 2.749E+04	 4.182E+03	 3.915E+03	 5.000E+03	 4.311E+01
   15.0125	 2.000E+01	 1.745E+01	 1.210E+01	 0.000E+00	 2.749E+04	 4.182E+03	 3.911E+03	 5.000E+03	 4.311E+01
   15.0250	 2.000E+01	 1.745E+01	 1.210E+01	 0.000E+00	 2.749E+04	 4.182E+03	 3.906E+03	 5.000E+03	 4.311E+01
   15.0375	 2.000E+01	 1.745E+01	 1.210E+01	 0.000E+00	 2.749E+04	 4.182E+03	 3.902E+03	 5.000E+03	 4.311E+01
   15.0500	 2.000E+01	 1.745E+01	 1.210E+01	 0.000E+00	 2.749E+04	 4.182E+03	 3.898E+03	 5.000E+03	 4.311E+01
   15.0625	 2.000E+01	 1.745E+01	 1.210E+01	 0.000E+00	 2.749E+04	 4.182E+03	 3.893E+03	 5.000E+03	 4.311E+01
   15.0750	 2.000E+01	 1.745E+01	 1.210E+01	 0.000E+00	 2.749E+04	 4.182E+03	 3.889E+03	 5.000E+03	 4.311E+01
   15.0875	 2.000E+01	 1.745E+01	 1.210E+01	 0.000E+00	 2.749E+04	 4.182E+03	 3.885E+03	 5.000E+03	 4.311E+01
   15.1000	 2.000E+01	 1.745E+01	 1.210E+01	 0.000E+00	 2.749E+04	 4.182E+03	 3.882E+03	 5.000E+03	 4.311E+01
   15.1125	 2.000E+01	 1.745E+01	 1.210E+01	 0.000E+00	 2.749E+04	 4.182E+03	 3.878E+03	 5.000E+03	 4.311E+01
   15.1250	 2.000E+01	 1.745E+01	 1.210E+01	 0.000E+00	 2.749E+04	 4.182E+03	 3.874E+03	 5.000E+03	 4.311E+01
   15.1375	 2.000E+01	 1.745E+01	 1.210E+01	 0.000E+00	 2.748E+04	 4.182E+03	 3.870E+03	 5.000E+03	 4.311E+01
   15.1500	 2.000E+01	 1.745E+01	 1.210E+01	 0.000E+00	 2.748E+04	 4.182E+03	 3.867E+03	 5.000E+03	 4.311E+01
   15.1625	 2.000E+01	 1.745E+01	 1.210E+01	 0.000E+00	 2.748E+04	 4.182E+03	 3.863E+03	 5.000E+03	 4.311E+01
   15.1750	 2.000E+01	 1.745E+01	 1.210E+01	 0.000E+00	 2.748E+04	 4.182E+03	 3.860E+03	 5.000E+03	 4.311E+01
   15.1875	 2.000E+01	 1.745E+01	 1.210E+01	 0.000E+00	 2.748E+04	 4.182E+03	 3.857E+03	 5.000E+03	 4.311E+01
   15.2000	 2.000E+01	 1.745E+01	 1.210E+01	 0.000E+00	 2.748E+04	 4.182E+03	 3.854E+03	 5.000E+03	 4.311E+01
   15.2125	 2.000E+01	 1.745E+01	 1.210E+01	 0.000E+00	 2.748E+04	 4.182E+03	 3.851E+03	 5.000E+03	 4.311E+01
   15.2250	 2.000E+01	 1.745E+01	 1.210E+01	 0.000E+00	 2.748E+04	 4.182E+03	 3.848E+03	 5.000E+03	 4.311E+01
   15.2375	 2.000E+01	 1.745E+01	 1.210E+01	 0.000E+00	 2.748E+04	 4.182E+03	 3.845E+03	 5.000E+03	 4.311E+01
   15.2500	 2.000E+01	 1.745E+01	 1.210E+01	 0.000E+00	 2.748E+04	 4.182E+03	 3.842E+03	 5.000E+03	 4.311E+01
   15.2625	 2.000E+01	 1.745E+01	 1.210E+01	 0.000E+00	 2.748E+04	 4.182E+03	 3.839E+03	 5.000E+03	 4.311E+01
   15.2750	 2.000E+01	 1.745E+01	 1.210E+01	 0.000E+00	 2.748E+04	 4.182E+03	 3.837E+03	 5.000E+03	 4.311E+01
   15.2875	 2.000E+01	 1.745E+01	 1.210E+01	 0.000E+00	 2.749E+04	 4.182E+03	 3.834E+03	 5.000E+03	 4.311E+01
   15.3000	 2.000E+01	 1.745E+01	 1.210E+01	 0.000E+00	 2.749E+04	 4.182E+03	 3.832E+03	 5.000E+03	 4.311E+01
   15.3125	 2.000E+01	 1.745E+01	 1.210E+01	 0.000E+00	 2.749E+04	 4.182E+03	 3.829E+03	 5.000E+03	 4.311E+01
   15.3250	 2.000E+01	 1.745E+01	 1.210E+01	 0.000E+00	 2.749E+04	 4.182E+03	 3.827E+03	 5.000E+03	 4.311E+01
   15.3375	 2.000E+01	 1.745E+01	 1.210E+01	 0.000E+00	 2.749E+04	 4.182E+03	 3.825E+03	 5.000E+03	 4.311E+01
   15.3500	 2.000E+01	 1.745E+01	 1.210E+01	 0.000E+00	 2.749E+04	 4.182E+03	 3.823E+03	 5.000E+03	 4.311E+01
   15.3625	 2.000E+01	 1.745E+01	 1.210E+01	 0.000E+00	 2.749E+04	 4.182E+03	 3.821E+03	 5.000E+03	 4.311E+01
   15.3750	 2.000E+01	 1.745E+01	 1.210E+01	 0.000E+00	 2.749E+04	 4.182E+03	 3.819E+03	 5.000E+03	 4.311E+01
   15.3875	 2.000E+01	 1.745E+01	 1.210E+01	 0.000E+00	 2.749E+04	 4.182E+03	 3.818E+03	 5.000E+03	 4.311E+01
   15.4000	 2.000E+01	 1.745E+01	 1.210E+01	 0.000E+00	 2.749E+04	 4.182E+03	 3.816E+03	 5.000E+03	 4.311E+01
   15.4125	 2.000E+01	 1.745E+01	 1.210E+01	 0.000E+00	 2.749E+04	 4.182E+03	 3.814E+03	 5.000E+03	 4.311E+01
   15.4250	 2.000E+01	 1.745E+01	 1.210E+01	 0.000E+00	 2.749E+04	 4.182E+03	 3.813E+03	 5.000E+03	 4.311E+01
   15.4375	 2.000E+01	 1.745E+01	 1.210E+01	 0.000E+00	 2.749E+04	 4.182E+03	 3.812E+03	 5.000E+03	 4.311E+01
   15.4500	 2.000E+01	 1.745E+01	 1.210E+01	 0.000E+00	 2.749E+04	 4.182E+03	 3.811E+03	 5.000E+03	 4.311E+01
   15.4625	 2.000E+01	 1.745E+01	 1.210E+01	 0.000E+00	 2.749E+04	 4.182E+03	 3.810E+03	 5.000E+03	 4.311E+01
   15.4750	 2.000E+01	 1.745E+01	 1.210E+01	 0.000E+00	 2.749E+04	 4.182E+03	 3.809E+03	 5.000E+03	 4.311E+01
   15.4875	 2.000E+01	 1.745E+01	 1.210E+01	 0.000E+00	 2.749E+04	 4.182E+03	 3.808E+03	 5.000E+03	 4.310E+01
   15.5000	 2.000E+01	 1.745E+01	 1.210E+01	 0.000E+00	 2.749E+04	 4.182E+03	 3.807E+03	 5.000E+03	 4.310E+01
   15.5125	 2.000E+01	 1.745E+01	 1.210E+01	 0.000E+00	 2.749E+04	 4.182E+03	 3.806E+03	 5.000E+03	 4.310E+01
   15.5250	 2.000E+01	 1.745E+01	 1.210E+01	 0.000E+00	 2.749E+04	 4.182E+03	 3.806E+03	 5.000E+03	 4.310E+01
   15.5375	 2.000E+01	 1.745E+01	 1.210E+01	 0.000E+00	 2.749E+04	 4.182E+03	 3.805E+03	 5.000E+03	 4.310E+01
   15.5500	 2.000E+01	 1.745E+01	 1.210E+01	 0.000E+00	 2.750E+04	 4.182E+03	 3.805E+03	 5.000E+03	 4.310E+01
   15.5625	 2.000E+01	 1.745E+01	 1.210E+01	 0.000E+00	 2.750E+04	 4.182E+03	 3.805E+03	 5.000E+03	 4.310E+01
   15.5750	 2.000E+01	 1.745E+01	 1.210E+01	 0.000E+00	 2.750E+04	 4.182E+03	 3.805E+03	 5.000E+03	 4.310E+01
   15.5875	 2.000E+01	 1.745E+01	 1.210E+01	 0.000E+00	 2.750E+04	 4.182E+03	 3.805E+03	 5.000E+03	 4.310E+01
   15.6000	 2.000E+01	 1.745E+01	 1.210E+01	 0.000E+00	 2.750E+04	 4.182E+03	 3.805E+03	 5.000E+03	 4.310E+01
   15.6125	 2.000E+01	 1.745E+01	 1.210E+01	 0.000E+00	 2.750E+04	 4.182E+03	 3.805E+03	 5.000E+03	 4.310E+01
   15.6250	 2.000E+01	 1.745E+01	 1.210E+01	 0.000E+00	 2.750E+04	 4.182E+03	 3.805E+03	 5.000E+03	 4.310E+01
   15.6375	 2.000E+01	 1.745E+01	 1.210E+01	 0.000E+00	 2.750E+04	 4.182E+03	 3.806E+03	 5.000E+03	 4.310E+01
   15.6500	 2.000E+01	 1.745E+01	 1.210E+01	 0.000E+00	 2.750E+04	 4.182E+03	 3.806E+03	 5.000E+03	 4.310E+01
   15.6625	 2.000E+01	 1.745E+01	 1.210E+01	 0.000E+00	 2.750E+04	 4.182E+03	 3.807E+03	 5.000E+03	 4.310E+01
   15.6750	 2.000E+01	 1.745E+01	 1.210E+01	 0.000E+00	 2.750E+04	 4.182E+03	 3.808E+03	 5.000E+03	 4.310E+01
   15.6875	 2.000E+01	 1.745E+01	 1.210E+01	 0.000E+00	 2.750E+04	 4.182E+03	 3.809E+03	 5.000E+03	 4.310E+01
   15.7000	 2.000E+01	 1.745E+01	 1.210E+01	 0.000E+00	 2.750E+04	 4.182E+03	 3.810E+03	 5.000E+03	 4.310E+01
   15.7125	 2.000E+01	 1.745E+01	 1.210E+01	 0.000E+00	 2.750E+04	 4.182E+03	 3.811E+03	 5.000E+03	 4.310E+01
   15.7250	 2.000E+01	 1.745E+01	 1.210E+01	 0.000E+00	 2.751E+04	 4.182E+03	 3.812E+03	 5.000E+03	 4.310E+01
   15.7375	 2.000E+01	 1.745E+01	 1.210E+01	 0.000E+00	 2.751E+04	 4.182E+03	 3.813E+03	 5.000E+03	 4.310E+01
   15.7500	 2.000E+01	 1.745E+01	 1.210E+01	 0.000E+00	 2.751E+04	 4.182E+03	 3.815E+03	 5.000E+03	 4.310E+01
   15.7625	 2.000E+01	 1.745E+01	 1.210E+01	 0.000E+00	 2.751E+04	 4.182E+03	 3.816E+03	 5.000E+03	 4.310E+01
   15.7750	 2.000E+01	 1.745E+01	 1.210E+01	 0.000E+00	 2.751E+04	 4.182E+03	 3.818E+03	 5.000E+03	 4.310E+01
   15.7875	 2.000E+01	 1.745E+01	 1.210E+01	 0.000E+00	 2.751E+04	 4.182E+03	 3.820E+03	 5.000E+03	 4.310E+01
   15.8000	 2.000E+01	 1.745E+01	 1.210E+01	 0.000E+00	 2.751E+04	 4.182E+03	 3.822E+03	 5.000E+03	 4.310E+01
   15.8125	 2.000E+01	 1.745E+01	 1.210E+01	 0.000E+00	 2.751E+04	 4.182E+03	 3.824E+03	 5.000E+03	 4.310E+01
   15.8250	 2.000E+01	 1.745E+01	 1.210E+01	 0.000E+00	 2.751E+04	 4.182E+03	 3.826E+03	 5.000E+03	 4.310E+01
   15.8375	 2.000E+01	 1.745E+01	 1.210E+01	 0.000E+00	 2.751E+04	 4.182E+03	 3.828E+03	 5.000E+03	 4.310E+01
   15.8500	 2.000E+01	 1.745E+01	 1.210E+01	 0.000E+00	 2.751E+04	 4.182E+03	 3.830E+03	 5.000E+03	 4.310E+01
   15.8625	 2.000E+01	 1.745E+01	 1.210E+01	 0.000E+00	 2.751E+04	 4.182E+03	 3.833E+03	 5.000E+03	 4.310E+01
   15.8750	 2.000E+01	 1.745E+01	 1.210E+01	 0.000E+00	 2.751E+04	 4.182E+03	 3.835E+03	 5.000E+03	 4.310E+01
   15.8875	 2.000E+01	 1.745E+01	 1.210E+01	 0.000E+00	 2.751E+04	 4.182E+03	 3.838E+03	 5.000E+03	 4.310E+01
   15.9000	 2.000E+01	 1.745E+01	 1.210E+01	 0.000E+00	 2.751E+04	 4.182E+03	 3.840E+03	 5.000E+03	 4.310E+01
   15.9125	 2.000E+01	 1.745E+01	 1.210E+01	 0.000E+00	 2.751E+04	 4.182E+03	 3.843E+03	 5.000E+03	 4.310E+01
   15.9250	 2.000E+01	 1.745E+01	 1.210E+01	 0.000E+00	 2.752E+04	 4.182E+03	 3.846E+03	 5.000E+03	 4.310E+01
   15.9375	 2.000E+01	 1.745E+01	 1.210E+01	 0.000E+00	 2.752E+04	 4.182E+03	 3.849E+03	 5.000E+03	 4.310E+01
   15.9500	 2.000E+01	 1.745E+01	 1.210E+01	 0.000E+00	 2.752E+04	 4.182E+03	 3.852E+03	 5.000E+03	 4.310E+01
   15.9625	 2.000E+01	 1.745E+01	 1.210E+01	 0.000E+00	 2.752E+04	 4.182E+03	 3.855E+03	 5.000E+03	 4.310E+01
   15.9750	 2.000E+01	 1.745E+01	 1.210E+01	 0.000E+00	 2.752E+04	 4.182E+03	 3.859E+03	 5.000E+03	 4.310E+01
   15.9875	 2.000E+01	 1.745E+01	 1.210E+01	 0.000E+00	 2.752E+04	 4.182E+03	 3.862E+03	 5.000E+03	 4.310E+01
   16.0000	 2.000E+01	 1.745E+01	 1.210E+01	 0.000E+00	 2.752E+04	 4.182E+03	 3.866E+03	 5.000E+03	 4.310E+01
   16.0125	 2.000E+01	 1.745E+01	 1.210E+01	 0.000E+00	 2.752E+04	 4.182E+03	 3.869E+03	 5.000E+03	 4.310E+01
   16.0250	 2.000E+01	 1.745E+01	 1.210E+01	 0.000E+00	 2.752E+04	 4.182E+03	 3.873E+03	 5.000E+03	 4.310E+01
   16.0375	 2.000E+01	 1.745E+01	 1.210E+01	 0.000E+00	 2.752E+04	 4.182E+03	 3.877E+03	 5.000E+03	 4.310E+01
   16.0500	 2.000E+01	 1.745E+01	 1.210E+01	 0.000E+00	 2.752E+04	 4.181E+03	 3.881E+03	 5.000E+03	 4.310E+01
   16.0625	 2.000E+01	 1.745E+01	 1.210E+01	 0.000E+00	 2.751E+04	 4.181E+03	 3.885E+03	 5.000E+03	 4.310E+01
   16.0750	 2.000E+01	 1.745E+01	 1.210E+01	 0.000E+00	 2.751E+04	 4.181E+03	 3.889E+03	 5.000E+03	 4.310E+01
   16.0875	 2.000E+01	 1.745E+01	 1.210E+01	 0.000E+00	 2.751E+04	 4.181E+03	 3.893E+03	 5.000E+03	 4.310E+01
   16.1000	 2.000E+01	 1.745E+01	 1.210E+01	 0.000E+00	 2.751E+04	 4.181E+03	 3.897E+03	 5.000E+03	 4.310E+01
   16.1125	 2.000E+01	 1.745E+01	 1.210E+01	 0.000E+00	 2.751E+04	 4.181E+03	 3.902E+03	 5.000E+03	 4.310E+01
   16.1250	 2.000E+01	 1.745E+01	 1.210E+01	 0.000E+00	 2.751E+04	 4.181E+03	 3.906E+03	 5.000E+03	 4.310E+01
   16.1375	 2.000E+01	 1.745E+01	 1.210E+01	 0.000E+00	 2.751E+04	 4.181E+03	 3.911E+03	 5.000E+03	 4.310E+01
   16.1500	 2.000E+01	 1.745E+01	 1.210E+01	 0.000E+00	 2.751E+04	 4.181E+03	 3.915E+03	 5.000E+03	 4.310E+01
   16.1625	 2.000E+01	 1.745E+01	 1.210E+01	 0.000E+00	 2.751E+04	 4.181E+03	 3.920E+03	 5.000E+03	 4.310E+01
   16.1750	 2.000E+01	 1.745E+01	 1.210E+01	 0.000E+00	 2.751E+04	 4.181E+03	 3.925E+03	 5.000E+03	 4.310E+01
   16.1875	 2.000E+01	 1.745E+01	 1.210E+01	 0.000E+00	 2.751E+04	 4.181E+03	 3.930E+03	 5.000E+03	 4.310E+01
   16.2000	 2.000E+01	 1.745E+01	 1.210E+01	 0.000E+00	 2.751E+04	 4.181E+03	 3.934E+03	 5.000E+03	 4.310E+01
   16.2125	 2.000E+01	 1.745E+01	 1.210E+01	 0.000E+00	 2.751E+04	 4.181E+03	 3.939E+03	 5.000E+03	 4.310E+01
   16.2250	 2.000E+01	 1.745E+01	 1.210E+01	 0.000E+00	 2.751E+04	 4.181E+03	 3.945E+03	 5.000E+03	 4.310E+01
   16.2375	 2.000E+01	 1.745E+01	 1.210E+01	 0.000E+00	 2.751E+04	 4.181E+03	 3.950E+03	 5.000E+03	 4.310E+01
   16.2500	 2.000E+01	 1.745E+01	 1.210E+01	 0.000E+00	 2.751E+04	 4.181E+03	 3.955E+03	 5.000E+03	 4.310E+01
   16.2625	 2.000E+01	 1.745E+01	 1.210E+01	 0.000E+00	 2.751E+04	 4.181E+03	 3.960E+03	 5.000E+03	 4.310E+01
   16.2750	 2.000E+01	 1.745E+01	 1.210E+01	 0.000E+00	 2.751E+04	 4.181E+03	 3.966E+03	 5.000E+03	 4.310E+01
   16.2875	 2.000E+01	 1.745E+01	 1.210E+01	 0.000E+00	 2.751E+04	 4.181E+03	 3.971E+03	 5.000E+03	 4.310E+01
   16.3000	 2.000E+01	 1.745E+01	 1.210E+01	 0.000E+00	 2.751E+04	 4.181E+03	 3.977E+03	 5.000E+03	 4.310E+01
   16.3125	 2.000E+01	 1.745E+01	 1.210E+01	 0.000E+00	 2.751E+04	 4.181E+03	 3.982E+03	 5.000E+03	 4.310E+01
   16.3250	 2.000E+01	 1.745E+01	 1.210E+01	 0.000E+00	 2.751E+04	 4.181E+03	 3.988E+03	 5.000E+03	 4.310E+01
   16.3375	 2.000E+01	 1.745E+01	 1.210E+01	 0.000E+00	 2.750E+04	 4.181E+03	 3.994E+03	 5.000E+03	 4.310E+01
   16.3500	 2.000E+01	 1.745E+01	 1.210E+01	 0.000E+00	 2.750E+04	 4.181E+03	 4.000E+03	 5.000E+03	 4.310E+01
   16.3625	 2.000E+01	 1.745E+01	 1.210E+01	 0.000E+00	 2.750E+04	 4.181E+03	 4.005E+03	 5.000E+03	 4.310E+01
   16.3750	 2.000E+01	 1.745E+01	 1.210E+01	 0.000E+00	 2.750E+04	 4.181E+03	 4.011E+03	 5.000E+03	 4.310E+01
   16.3875	 2.000E+01	 1.745E+01	 1.210E+01	 0.000E+00	 2.750E+04	 4.181E+03	 4.017E+03	 5.000E+03	 4.310E+01
   16.4000	 2.000E+01	 1.745E+01	 1.210E+01	 0.000E+00	 2.750E+04	 4.181E+03	 4.023E+03	 5.000E+03	 4.310E+01
   16.4125	 2.000E+01	 1.745E+01	 1.210E+01	 0.000E+00	 2.750E+04	 4.181E+03	 4.029E+03	 5.000E+03	 4.310E+01
   16.4250	 2.000E+01	 1.745E+01	 1.210E+01	 0.000E+00	 2.750E+04	 4.181E+03	 4.035E+03	 5.000E+03	 4.310E+01
   16.4375	 2.000E+01	 1.745E+01	 1.210E+01	 0.000E+00	 2.750E+04	 4.181E+03	 4.042E+03	 5.000E+03	 4.310E+01
   16.4500	 2.000E+01	 1.745E+01	 1.210E+01	 0.000E+00	 2.750E+04	 4.181E+03	 4.048E+03	 5.000E+03	 4.310E+01
   16.4625	 2.000E+01	 1.745E+01	 1.210E+01	 0.000E+00	 2.750E+04	 4.181E+03	 4.054E+03	 5.000E+03	 4.310E+01
   16.4750	 2.000E+01	 1.745E+01	 1.210E+01	 0.000E+00	 2.750E+04	 4.181E+03	 4.060E+03	 5.000E+03	 4.310E+01
   16.4875	 2.000E+01	 1.745E+01	 1.210E+01	 0.000E+00	 2.750E+04	 4.181E+03	 4.067E+03	 5.000E+03	 4.310E+01
   16.5000	 2.000E+01	 1.745E+01	 1.210E+01	 0.000E+00	 2.750E+04	 4.181E+03	 4.073E+03	 5.000E+03	 4.310E+01
   16.5125	 2.000E+01	 1.745E+01	 1.210E+01	 0.000E+00	 2.750E+04	 4.181E+03	 4.080E+03	 5.000E+03	 4.310E+01
   16.5250	 2.000E+01	 1.745E+01	 1.210E+01	 0.000E+00	 2.750E+04	 4.181E+03	 4.086E+03	 5.000E+03	 4.310E+01
   16.5375	 2.000E+01	 1.745E+01	 1.210E+01	 0.000E+00	 2.750E+04	 4.181E+03	 4.093E+03	 5.000E+03	 4.310E+01
   16.5500	 2.000E+01	 1.745E+01	 1.210E+01	 0.000E+00	 2.750E+04	 4.181E+03	 4.099E+03	 5.000E+03	 4.310E+01
   16.5625	 2.000E+01	 1.745E+01	 1.210E+01	 0.000E+00	 2.750E+04	 4.181E+03	 4.106E+03	 5.000E+03	 4.310E+01
   16.5750	 2.000E+01	 1.745E+01	 1.210E+01	 0.000E+00	 2.749E+04	 4.181E+03	 4.112E+03	 5.000E+03	 4.310E+01
   16.5875	 2.000E+01	 1.745E+01	 1.210E+01	 0.000E+00	 2.749E+04	 4.181E+03	 4.119E+03	 5.000E+03	 4.310E+01
   16.6000	 2.000E+01	 1.745E+01	 1.210E+01	 0.000E+00	 2.749E+04	 4.181E+03	 4.126E+03	 5.000E+03	 4.310E+01
   16.6125	 2.000E+01	 1.745E+01	 1.210E+01	 0.000E+00	 2.749E+04	 4.181E+03	 4.132E+03	 5.000E+03	 4.310E+01
   16.6250	 2.000E+01	 1.745E+01	 1.210E+01	 0.000E+00	 2.749E+04	 4.181E+03	 4.139E+03	 5.000E+03	 4.310E+01
   16.6375	 2.000E+01	 1.745E+01	 1.210E+01	 0.000E+00	 2.749E+04	 4.181E+03	 4.146E+03	 5.000E+03	 4.310E+01
   16.6500	 2.000E+01	 1.745E+01	 1.210E+01	 0.000E+00	 2.749E+04	 4.181E+03	 4.152E+03	 5.000E+03	 4.310E+01
   16.6625	 2.000E+01	 1.745E+01	 1.210E+01	 0.000E+00	 2.749E+04	 4.181E+03	 4.159E+03	 5.000E+03	 4.310E+01
   16.6750	 2.000E+01	 1.745E+01	 1.210E+01	 0.000E+00	 2.749E+04	 4.181E+03	 4.166E+03	 5.000E+03	 4.310E+01
   16.6875	 2.000E+01	 1.745E+01	 1.210E+01	 0.000E+00	 2.749E+04	 4.181E+03	 4.173E+03	 5.000E+03	 4.310E+01
   16.7000	 2.000E+01	 1.745E+01	 1.210E+01	 0.000E+00	 2.749E+04	 4.181E+03	 4.180E+03	 5.000E+03	 4.310E+01
   16.7125	 2.000E+01	 1.745E+01	 1.210E+01	 0.000E+00	 2.748E+04	 4.181E+03	 4.186E+03	 5.000E+03	 4.310E+01
   16.7250	 2.000E+01	 1.745E+01	 1.210E+01	 0.000E+00	 2.748E+04	 4.181E+03	 4.193E+03	 5.000E+03	 4.310E+01
   16.7375	 2.000E+01	 1.745E+01	 1.210E+01	 0.000E+00	 2.748E+04	 4.181E+03	 4.200E+03	 5.000E+03	 4.310E+01
   16.7500	 2.000E+01	 1.745E+01	 1.210E+01	 0.000E+00	 2.748E+04	 4.181E+03	 4.207E+03	 5.000E+03	 4.310E+01
   16.7625	 2.000E+01	 1.745E+01	 1.210E+01	 0.000E+00	 2.748E+04	 4.181E+03	 4.214E+03	 5.000E+03	 4.310E+01
   16.7750	 2.000E+01	 1.745E+01	 1.210E+01	 0.000E+00	 2.748E+04	 4.181E+03	 4.221E+03	 5.000E+03	 4.310E+01
   16.7875	 2.000E+01	 1.745E+01	 1.210E+01	 0.000E+00	 2.748E+04	 4.181E+03	 4.227E+03	 5.000E+03	 4.310E+01
   16.8000	 2.000E+01	 1.745E+01	 1.210E+01	 0.000E+00	 2.748E+04	 4.181E+03	 4.234E+03	 5.000E+03	 4.310E+01
   16.8125	 2.000E+01	 1.745E+01	 1.210E+01	 0.000E+00	 2.748E+04	 4.181E+03	 4.241E+03	 5.000E+03	 4.310E+01
   16.8250	 2.000E+01	 1.745E+01	 1.210E+01	 0.000E+00	 2.748E+04	 4.181E+03	 4.248E+03	 5.000E+03	 4.310E+01
   16.8375	 2.000E+01	 1.745E+01	 1.210E+01	 0.000E+00	 2.748E+04	 4.181E+03	 4.255E+03	 5.000E+03	 4.310E+01
   16.8500	 2.000E+01	 1.745E+01	 1.210E+01	 0.000E+00	 2.748E+04	 4.181E+03	 4.262E+03	 5.000E+03	 4.310E+01
   16.8625	 2.000E+01	 1.745E+01	 1.210E+01	 0.000E+00	 2.748E+04	 4.181E+03	 4.269E+03	 5.000E+03	 4.310E+01
   16.8750	 2.000E+01	 1.745E+01	 1.210E+01	 0.000E+00	 2.748E+04	 4.181E+03	 4.275E+03	 5.000E+03	 4.310E+01
   16.8875	 2.000E+01	 1.745E+01	 1.210E+01	 0.000E+00	 2.748E+04	 4.181E+03	 4.282E+03	 5.000E+03	 4.310E+01
   16.9000	 2.000E+01	 1.745E+01	 1.210E+01	 0.000E+00	 2.748E+04	 4.181E+03	 4.289E+03	 5.000E+03	 4.310E+01
   16.9125	 2.000E+01	 1.745E+01	 1.210E+01	 0.000E+00	 2.748E+04	 4.181E+03	 4.296E+03	 5.000E+03	 4.310E+01
   16.9250	 2.000E+01	 1.745E+01	 1.210E+01	 0.000E+00	 2.748E+04	 4.181E+03	 4.302E+03	 5.000E+03	 4.310E+01
   16.9375	 2.000E+01	 1.745E+01	 1.210E+01	 0.000E+00	 2.748E+04	 4.181E+03	 4.309E+03	 5.000E+03	 4.310E+01
   16.9500	 2.000E+01	 1.745E+01	 1.210E+01	 0.000E+00	 2.748E+04	 4.181E+03	 4.316E+03	 5.000E+03	 4.310E+01
   16.9625	 2.000E+01	 1.745E+01	 1.210E+01	 0.000E+00	 2.748E+04	 4.181E+03	 4.322E+03	 5.000E+03	 4.310E+01
   16.9750	 2.000E+01	 1.745E+01	 1.210E+01	 0.000E+00	 2.748E+04	 4.181E+03	 4.329E+03	 5.000E+03	 4.310E+01
   16.9875	 2.000E+01	 1.745E+01	 1.210E+01	 0.000E+00	 2.748E+04	 4.181E+03	 4.336E+03	 5.000E+03	 4.310E+01
   17.0000	 2.000E+01	 1.745E+01	 1.210E+01	 0.000E+00	 2.748E+04	 4.181E+03	 4.342E+03	 5.000E+03	 4.310E+01
   17.0125	 2.000E+01	 1.745E+01	 1.210E+01	 0.000E+00	 2.748E+04	 4.181E+03	 4.349E+03	 5.000E+03	 4.310E+01
   17.0250	 2.000E+01	 1.745E+01	 1.210E+01	 0.000E+00	 2.748E+04	 4.181E+03	 4.355E+03	 5.000E+03	 4.310E+01
   17.0375	 2.000E+01	 1.745E+01	 1.210E+01	 0.000E+00	 2.748E+04	 4.181E+03	 4.362E+03	 5.000E+03	 4.310E+01
   17.0500	 2.000E+01	 1.745E+01	 1.210E+01	 0.000E+00	 2.748E+04	 4.181E+03	 4.368E+03	 5.000E+03	 4.310E+01
   17.0625	 2.000E+01	 1.745E+01	 1.210E+01	 0.000E+00	 2.748E+04	 4.181E+03	 4.374E+03	 5.000E+03	 4.310E+01
   17.0750	 2.000E+01	 1.745E+01	 1.210E+01	 0.000E+00	 2.748E+04	 4.181E+03	 4.380E+03	 5.000E+03	 4.310E+01
   17.0875	 2.000E+01	 1.745E+01	 1.210E+01	 0.000E+00	 2.748E+04	 4.181E+03	 4.387E+03	 5.000E+03	 4.310E+01
   17.1000	 2.000E+01	 1.745E+01	 1.210E+01	 0.000E+00	 2.748E+04	 4.181E+03	 4.393E+03	 5.000E+03	 4.310E+01
   17.1125	 2.000E+01	 1.745E+01	 1.210E+01	 0.000E+00	 2.749E+04	 4.181E+03	 4.399E+03	 5.000E+03	 4.310E+01
   17.1250	 2.000E+01	 1.745E+01	 1.210E+01	 0.000E+00	 2.749E+04	 4.181E+03	 4.405E+03	 5.000E+03	 4.310E+01
   17.1375	 2.000E+01	 1.745E+01	 1.210E+01	 0.000E+00	 2.749E+04	 4.181E+03	 4.411E+03	 5.000E+03	 4.310E+01
   17.1500	 2.000E+01	 1.745E+01	 1.210E+01	 0.000E+00	 2.749E+04	 4.181E+03	 4.417E+03	 5.000E+03	 4.310E+01
   17.1625	 2.000E+01	 1.745E+01	 1.210E+01	 0.000E+00	 2.749E+04	 4.181E+03	 4.423E+03	 5.000E+03	 4.310E+01
   17.1750	 2.000E+01	 1.745E+01	 1.210E+01	 0.000E+00	 2.749E+04	 4.181E+03	 4.429E+03	 5.000E+03	 4.310E+01
   17.1875	 2.000E+01	 1.745E+01	 1.210E+01	 0.000E+00	 2.749E+04	 4.181E+03	 4.435E+03	 5.000E+03	 4.310E+01
   17.2000	 2.000E+01	 1.745E+01	 1.210E+01	 0.000E+00	 2.749E+04	 4.181E+03	 4.440E+03	 5.000E+03	 4.310E+01
   17.2125	 2.000E+01	 1.745E+01	 1.210E+01	 0.000E+00	 2.749E+04	 4.181E+03	 4.446E+03	 5.000E+03	 4.310E+01
   17.2250	 2.000E+01	 1.745E+01	 1.210E+01	 0.000E+00	 2.749E+04	 4.181E+03	 4.452E+03	 5.000E+03	 4.310E+01
   17.2375	 2.000E+01	 1.745E+01	 1.210E+01	 0.000E+00	 2.749E+04	 4.181E+03	 4.457E+03	 5.000E+03	 4.310E+01
   17.2500	 2.000E+01	 1.745E+01	 1.210E+01	 0.000E+00	 2.749E+04	 4.181E+03	 4.463E+03	 5.000E+03	 4.310E+01
   17.2625	 2.000E+01	 1.745E+01	 1.210E+01	 0.000E+00	 2.749E+04	 4.181E+03	 4.468E+03	 5.000E+03	 4.310E+01
   17.2750	 2.000E+01	 1.745E+01	 1.210E+01	 0.000E+00	 2.749E+04	 4.181E+03	 4.474E+03	 5.000E+03	 4.310E+01
   17.2875	 2.000E+01	 1.745E+01	 1.210E+01	 0.000E+00	 2.749E+04	 4.181E+03	 4.479E+03	 5.000E+03	 4.310E+01
   17.3000	 2.000E+01	 1.745E+01	 1.210E+01	 0.000E+00	 2.750E+04	 4.181E+03	 4.484E+03	 5.000E+03	 4.310E+01
   17.3125	 2.000E+01	 1.745E+01	 1.210E+01	 0.000E+00	 2.750E+04	 4.181E+03	 4.489E+03	 5.000E+03	 4.310E+01
   17.3250	 2.000E+01	 1.745E+01	 1.210E+01	 0.000E+00	 2.750E+04	 4.181E+03	 4.494E+03	 5.000E+03	 4.310E+01
   17.3375	 2.000E+01	 1.745E+01	 1.210E+01	 0.000E+00	 2.750E+04	 4.181E+03	 4.499E+03	 5.000E+03	 4.310E+01
   17.3500	 2.000E+01	 1.745E+01	 1.210E+01	 0.000E+00	 2.750E+04	 4.181E+03	 4.504E+03	 5.000E+03	 4.310E+01
   17.3625	 2.000E+01	 1.745E+01	 1.210E+01	 0.000E+00	 2.750E+04	 4.181E+03	 4.509E+03	 5.000E+03	 4.310E+01
   17.3750	 2.000E+01	 1.745E+01	 1.210E+01	 0.000E+00	 2.750E+04	 4.181E+03	 4.514E+03	 5.000E+03	 4.310E+01
   17.3875	 2.000E+01	 1.745E+01	 1.210E+01	 0.000E+00	 2.750E+04	 4.181E+03	 4.519E+03	 5.000E+03	 4.310E+01
   17.4000	 2.000E+01	 1.745E+01	 1.210E+01	 0.000E+00	 2.750E+04	 4.181E+03	 4.523E+03	 5.000E+03	 4.310E+01
   17.4125	 2.000E+01	 1.745E+01	 1.210E+01	 0.000E+00	 2.750E+04	 4.181E+03	 4.528E+03	 5.000E+03	 4.310E+01
   17.4250	 2.000E+01	 1.745E+01	 1.210E+01	 0.000E+00	 2.750E+04	 4.181E+03	 4.532E+03	 5.000E+03	 4.310E+01
   17.4375	 2.000E+01	 1.745E+01	 1.210E+01	 0.000E+00	 2.750E+04	 4.181E+03	 4.536E+03	 5.000E+03	 4.310E+01
   17.4500	 2.000E+01	 1.745E+01	 1.210E+01	 0.000E+00	 2.750E+04	 4.181E+03	 4.541E+03	 5.000E+03	 4.310E+01
   17.4625	 2.000E+01	 1.745E+01	 1.210E+01	 0.000E+00	 2.750E+04	 4.181E+03	 4.545E+03	 5.000E+03	 4.310E+01
   17.4750	 2.000E+01	 1.745E+01	 1.210E+01	 0.000E+00	 2.750E+04	 4.181E+03	 4.549E+03	 5.000E+03	 4.310E+01
   17.4875	 2.000E+01	 1.745E+01	 1.210E+01	 0.000E+00	 2.750E+04	 4.181E+03	 4.553E+03	 5.000E+03	 4.310E+01
   17.5000	 2.000E+01	 1.745E+01	 1.210E+01	 0.000E+00	 2.750E+04	 4.181E+03	 4.557E+03	 5.000E+03	 4.310E+01
   17.5125	 2.000E+01	 1.745E+01	 1.210E+01	 0.000E+00	 2.750E+04	 4.181E+03	 4.561E+03	 5.000E+03	 4.310E+01
   17.5250	 2.000E+01	 1.745E+01	 1.210E+01	 0.000E+00	 2.751E+04	 4.181E+03	 4.564E+03	 5.000E+03	 4.310E+01
   17.5375	 2.000E+01	 1.745E+01	 1.210E+01	 0.000E+00	 2.751E+04	 4.181E+03	 4.568E+03	 5.000E+03	 4.310E+01
   17.5500	 2.000E+01	 1.745E+01	 1.210E+01	 0.000E+00	 2.751E+04	 4.181E+03	 4.572E+03	 5.000E+03	 4.310E+01
   17.5625	 2.000E+01	 1.745E+01	 1.210E+01	 0.000E+00	 2.751E+04	 4.181E+03	 4.575E+03	 5.000E+03	 4.310E+01
   17.5750	 2.000E+01	 1.745E+01	 1.210E+01	 0.000E+00	 2.751E+04	 4.181E+03	 4.578E+03	 5.000E+03	 4.310E+01
   17.5875	 2.000E+01	 1.745E+01	 1.210E+01	 0.000E+00	 2.751E+04	 4.181E+03	 4.582E+03	 5.000E+03	 4.310E+01
   17.6000	 2.000E+01	 1.745E+01	 1.210E+01	 0.000E+00	 2.751E+04	 4.181E+03	 4.585E+03	 5.000E+03	 4.310E+01
   17.6125	 2.000E+01	 1.745E+01	 1.210E+01	 0.000E+00	 2.751E+04	 4.181E+03	 4.588E+03	 5.000E+03	 4.310E+01
   17.6250	 2.000E+01	 1.745E+01	 1.210E+01	 0.000E+00	 2.751E+04	 4.181E+03	 4.591E+03	 5.000E+03	 4.310E+01
   17.6375	 2.000E+01	 1.745E+01	 1.210E+01	 0.000E+00	 2.751E+04	 4.181E+03	 4.594E+03	 5.000E+03	 4.310E+01
   17.6500	 2.000E+01	 1.745E+01	 1.210E+01	 0.000E+00	 2.751E+04	 4.181E+03	 4.597E+03	 5.000E+03	 4.310E+01
   17.6625	 2.000E+01	 1.745E+01	 1.210E+01	 0.000E+00	 2.751E+04	 4.181E+03	 4.599E+03	 5.000E+03	 4.310E+01
   17.6750	 2.000E+01	 1.745E+01	 1.210E+01	 0.000E+00	 2.751E+04	 4.181E+03	 4.602E+03	 5.000E+03	 4.310E+01
   17.6875	 2.000E+01	 1.745E+01	 1.210E+01	 0.000E+00	 2.751E+04	 4.181E+03	 4.605E+03	 5.000E+03	 4.310E+01
   17.7000	 2.000E+01	 1.745E+01	 1.210E+01	 0.000E+00	 2.751E+04	 4.181E+03	 4.607E+03	 5.000E+03	 4.310E+01
   17.7125	 2.000E+01	 1.745E+01	 1.210E+01	 0.000E+00	 2.751E+04	 4.181E+03	 4.609E+03	 5.000E+03	 4.310E+01
   17.7250	 2.000E+01	 1.745E+01	 1.210E+01	 0.000E+00	 2.751E+04	 4.181E+03	 4.612E+03	 5.000E+03	 4.310E+01
   17.7375	 2.000E+01	 1.745E+01	 1.210E+01	 0.000E+00	 2.751E+04	 4.181E+03	 4.614E+03	 5.000E+03	 4.310E+01
   17.7500	 2.000E+01	 1.745E+01	 1.210E+01	 0.000E+00	 2.751E+04	 4.181E+03	 4.616E+03	 5.000E+03	 4.310E+01
   17.7625	 2.000E+01	 1.745E+01	 1.210E+01	 0.000E+00	 2.751E+04	 4.181E+03	 4.618E+03	 5.000E+03	 4.310E+01
   17.7750	 2.000E+01	 1.745E+01	 1.210E+01	 0.000E+00	 2.751E+04	 4.181E+03	 4.620E+03	 5.000E+03	 4.310E+01
   17.7875	 2.000E+01	 1.745E+01	 1.210E+01	 0.000E+00	 2.751E+04	 4.181E+03	 4.621E+03	 5.000E+03	 4.310E+01
   17.8000	 2.000E+01	 1.745E+01	 1.210E+01	 0.000E+00	 2.751E+04	 4.181E+03	 4.623E+03	 5.000E+03	 4.310E+01
   17.8125	 2.000E+01	 1.745E+01	 1.210E+01	 0.000E+00	 2.751E+04	 4.181E+03	 4.625E+03	 5.000E+03	 4.310E+01
   17.8250	 2.000E+01	 1.745E+01	 1.210E+01	 0.000E+00	 2.751E+04	 4.181E+03	 4.626E+03	 5.000E+03	 4.310E+01
   17.8375	 2.000E+01	 1.745E+01	 1.210E+01	 0.000E+00	 2.750E+04	 4.181E+03	 4.628E+03	 5.000E+03	 4.310E+01
   17.8500	 2.000E+01	 1.745E+01	 1.210E+01	 0.000E+00	 2.750E+04	 4.181E+03	 4.629E+03	 5.000E+03	 4.310E+01
   17.8625	 2.000E+01	 1.745E+01	 1.210E+01	 0.000E+00	 2.750E+04	 4.181E+03	 4.630E+03	 5.000E+03	 4.310E+01
   17.8750	 2.000E+01	 1.745E+01	 1.210E+01	 0.000E+00	 2.750E+04	 4.181E+03	 4.631E+03	 5.000E+03	 4.310E+01
   17.8875	 2.000E+01	 1.745E+01	 1.210E+01	 0.000E+00	 2.750E+04	 4.181E+03	 4.632E+03	 5.000E+03	 4.310E+01
   17.9000	 2.000E+01	 1.745E+01	 1.210E+01	 0.000E+00	 2.750E+04	 4.181E+03	 4.633E+03	 5.000E+03	 4.310E+01
   17.9125	 2.000E+01	 1.745E+01	 1.210E+01	 0.000E+00	 2.750E+04	 4.181E+03	 4.634E+03	 5.000E+03	 4.310E+01
   17.9250	 2.000E+01	 1.745E+01	 1.210E+01	 0.000E+00	 2.750E+04	 4.181E+03	 4.635E+03	 5.000E+03	 4.310E+01
   17.9375	 2.000E+01	 1.745E+01	 1.210E+01	 0.000E+00	 2.750E+04	 4.181E+03	 4.635E+03	 5.000E+03	 4.310E+01
   17.9500	 2.000E+01	 1.745E+01	 1.210E+01	 0.000E+00	 2.750E+04	 4.181E+03	 4.636E+03	 5.000E+03	 4.310E+01
   17.9625	 2.000E+01	 1.745E+01	 1.210E+01	 0.000E+00	 2.750E+04	 4.181E+03	 4.636E+03	 5.000E+03	 4.310E+01
   17.9750	 2.000E+01	 1.745E+01	 1.210E+01	 0.000E+00	 2.750E+04	 4.181E+03	 4.636E+03	 5.000E+03	 4.310E+01
   17.9875	 2.000E+01	 1.745E+01	 1.210E+01	 0.000E+00	 2.750E+04	 4.181E+03	 4.637E+03	 5.000E+03	 4.310E+01
   18.0000	 2.000E+01	 1.745E+01	 1.210E+01	 0.000E+00	 2.750E+04	 4.181E+03	 4.637E+03	 5.000E+03	 4.310E+01
   18.0125	 2.000E+01	 1.745E+01	 1.210E+01	 0.000E+00	 2.749E+04	 4.181E+03	 4.637E+03	 5.000E+03	 4.310E+01
   18.0250	 2.000E+01	 1.745E+01	 1.210E+01	 0.000E+00	 2.749E+04	 4.181E+03	 4.637E+03	 5.000E+03	 4.310E+01
   18.0375	 2.000E+01	 1.745E+01	 1.210E+01	 0.000E+00	 2.749E+04	 4.181E+03	 4.637E+03	 5.000E+03	 4.310E+01
   18.0500	 2.000E+01	 1.745E+01	 1.210E+01	 0.000E+00	 2.749E+04	 4.181E+03	 4.636E+03	 5.000E+03	 4.310E+01
   18.0625	 2.000E+01	 1.745E+01	 1.210E+01	 0.000E+00	 2.749E+04	 4.181E+03	 4.636E+03	 5.000E+03	 4.310E+01
   18.0750	 2.000E+01	 1.745E+01	 1.210E+01	 0.000E+00	 2.749E+04	 4.181E+03	 4.636E+03	 5.000E+03	 4.310E+01
   18.0875	 2.000E+01	 1.745E+01	 1.210E+01	 0.000E+00	 2.749E+04	 4.181E+03	 4.635E+03	 5.000E+03	 4.310E+01
   18.1000	 2.000E+01	 1.745E+01	 1.210E+01	 0.000E+00	 2.749E+04	 4.181E+03	 4.634E+03	 5.000E+03	 4.310E+01
   18.1125	 2.000E+01	 1.745E+01	 1.210E+01	 0.000E+00	 2.749E+04	 4.181E+03	 4.634E+03	 5.000E+03	 4.310E+01
   18.1250	 2.000E+01	 1.745E+01	 1.210E+01	 0.000E+00	 2.749E+04	 4.181E+03	 4.633E+03	 5.000E+03	 4.310E+01
   18.1375	 2.000E+01	 1.745E+01	 1.210E+01	 0.000E+00	 2.749E+04	 4.181E+03	 4.632E+03	 5.000E+03	 4.310E+01
   18.1500	 2.000E+01	 1.745E+01	 1.210E+01	 0.000E+00	 2.749E+04	 4.181E+03	 4.631E+03	 5.000E+03	 4.310E+01
   18.1625	 2.000E+01	 1.745E+01	 1.210E+01	 0.000E+00	 2.749E+04	 4.181E+03	 4.630E+03	 5.000E+03	 4.310E+01
   18.1750	 2.000E+01	 1.745E+01	 1.210E+01	 0.000E+00	 2.749E+04	 4.181E+03	 4.628E+03	 5.000E+03	 4.310E+01
   18.1875	 2.000E+01	 1.745E+01	 1.210E+01	 0.000E+00	 2.749E+04	 4.181E+03	 4.627E+03	 5.000E+03	 4.310E+01
   18.2000	 2.000E+01	 1.745E+01	 1.210E+01	 0.000E+00	 2.749E+04	 4.181E+03	 4.626E+03	 5.000E+03	 4.310E+01
   18.2125	 2.000E+01	 1.745E+01	 1.210E+01	 0.000E+00	 2.749E+04	 4.181E+03	 4.624E+03	 5.000E+03	 4.310E+01
   18.2250	 2.000E+01	 1.745E+01	 1.210E+01	 0.000E+00	 2.749E+04	 4.181E+03	 4.623E+03	 5.000E+03	 4.310E+01
   18.2375	 2.000E+01	 1.745E+01	 1.210E+01	 0.000E+00	 2.749E+04	 4.181E+03	 4.621E+03	 5.000E+03	 4.310E+01
   18.2500	 2.000E+01	 1.745E+01	 1.210E+01	 0.000E+00	 2.748E+04	 4.181E+03	 4.619E+03	 5.000E+03	 4.310E+01
   18.2625	 2.000E+01	 1.745E+01	 1.210E+01	 0.000E+00	 2.748E+04	 4.181E+03	 4.617E+03	 5.000E+03	 4.310E+01
   18.2750	 2.000E+01	 1.745E+01	 1.210E+01	 0.000E+00	 2.748E+04	 4.181E+03	 4.615E+03	 5.000E+03	 4.310E+01
   18.2875	 2.000E+01	 1.745E+01	 1.210E+01	 0.000E+00	 2.748E+04	 4.181E+03	 4.613E+03	 5.000E+03	 4.310E+01
   18.3000	 2.000E+01	 1.745E+01	 1.210E+01	 0.000E+00	 2.748E+04	 4.181E+03	 4.611E+03	 5.000E+03	 4.310E+01
   18.3125	 2.000E+01	 1.745E+01	 1.210E+01	 0.000E+00	 2.748E+04	 4.181E+03	 4.609E+03	 5.000E+03	 4.310E+01
   18.3250	 2.000E+01	 1.745E+01	 1.210E+01	 0.000E+00	 2.748E+04	 4.181E+03	 4.607E+03	 5.000E+03	 4.310E+01
   18.3375	 2.000E+01	 1.745E+01	 1.210E+01	 0.000E+00	 2.748E+04	 4.180E+03	 4.604E+03	 5.000E+03	 4.310E+01
   18.3500	 2.000E+01	 1.745E+01	 1.210E+01	 0.000E+00	 2.748E+04	 4.181E+03	 4.602E+03	 5.000E+03	 4.310E+01
   18.3625	 2.000E+01	 1.745E+01	 1.210E+01	 0.000E+00	 2.748E+04	 4.180E+03	 4.599E+03	 5.000E+03	 4.310E+01
   18.3750	 2.000E+01	 1.745E+01	 1.210E+01	 0.000E+00	 2.747E+04	 4.180E+03	 4.597E+03	 5.000E+03	 4.310E+01
   18.3875	 2.000E+01	 1.745E+01	 1.210E+01	 0.000E+00	 2.747E+04	 4.180E+03	 4.594E+03	 5.000E+03	 4.310E+01
   18.4000	 2.000E+01	 1.745E+01	 1.210E+01	 0.000E+00	 2.747E+04	 4.180E+03	 4.591E+03	 5.000E+03	 4.310E+01
   18.4125	 2.000E+01	 1.745E+01	 1.210E+01	 0.000E+00	 2.747E+04	 4.180E+03	 4.588E+03	 5.000E+03	 4.310E+01
   18.4250	 2.000E+01	 1.745E+01	 1.210E+01	 0.000E+00	 2.747E+04	 4.181E+03	 4.585E+03	 5.000E+03	 4.310E+01
   18.4375	 2.000E+01	 1.745E+01	 1.210E+01	 0.000E+00	 2.747E+04	 4.181E+03	 4.582E+03	 5.000E+03	 4.310E+01
   18.4500	 2.000E+01	 1.745E+01	 1.210E+01	 0.000E+00	 2.747E+04	 4.181E+03	 4.579E+03	 5.000E+03	 4.310E+01
   18.4625	 2.000E+01	 1.745E+01	 1.210E+01	 0.000E+00	 2.747E+04	 4.181E+03	 4.576E+03	 5.000E+03	 4.310E+01
   18.4750	 2.000E+01	 1.745E+01	 1.210E+01	 0.000E+00	 2.747E+04	 4.181E+03	 4.572E+03	 5.000E+03	 4.310E+01
   18.4875	 2.000E+01	 1.745E+01	 1.210E+01	 0.000E+00	 2.747E+04	 4.181E+03	 4.569E+03	 5.000E+03	 4.310E+01
   18.5000	 2.000E+01	 1.745E+01	 1.210E+01	 0.000E+00	 2.747E+04	 4.181E+03	 4.565E+03	 5.000E+03	 4.310E+01
   18.5125	 2.000E+01	 1.745E+01	 1.210E+01	 0.000E+00	 2.747E+04	 4.181E+03	 4.562E+03	 5.000E+03	 4.310E+01
   18.5250	 2.000E+01	 1.745E+01	 1.210E+01	 0.000E+00	 2.747E+04	 4.181E+03	 4.558E+03	 5.000E+03	 4.310E+01
   18.5375	 2.000E+01	 1.745E+01	 1.210E+01	 0.000E+00	 2.747E+04	 4.181E+03	 4.555E+03	 5.000E+03	 4.310E+01
   18.5500	 2.000E+01	 1.745E+01	 1.210E+01	 0.000E+00	 2.747E+04	 4.181E+03	 4.551E+03	 5.000E+03	 4.310E+01
   18.5625	 2.000E+01	 1.745E+01	 1.210E+01	 0.000E+00	 2.747E+04	 4.181E+03	 4.547E+03	 5.000E+03	 4.310E+01
   18.5750	 2.000E+01	 1.745E+01	 1.210E+01	 0.000E+00	 2.747E+04	 4.181E+03	 4.543E+03	 5.000E+03	 4.310E+01
   18.5875	 2.000E+01	 1.745E+01	 1.210E+01	 0.000E+00	 2.747E+04	 4.181E+03	 4.539E+03	 5.000E+03	 4.310E+01
   18.6000	 2.000E+01	 1.745E+01	 1.210E+01	 0.000E+00	 2.747E+04	 4.181E+03	 4.535E+03	 5.000E+03	 4.310E+01
   18.6125	 2.000E+01	 1.745E+01	 1.210E+01	 0.000E+00	 2.747E+04	 4.181E+03	 4.531E+03	 5.000E+03	 4.310E+01
   18.6250	 2.000E+01	 1.745E+01	 1.210E+01	 0.000E+00	 2.747E+04	 4.181E+03	 4.527E+03	 5.000E+03	 4.310E+01
   18.6375	 2.000E+01	 1.745E+01	 1.210E+01	 0.000E+00	 2.747E+04	 4.181E+03	 4.522E+03	 5.000E+03	 4.310E+01
   18.6500	 2.000E+01	 1.745E+01	 1.210E+01	 0.000E+00	 2.747E+04	 4.181E+03	 4.518E+03	 5.000E+03	 4.310E+01
   18.6625	 2.000E+01	 1.745E+01	 1.210E+01	 0.000E+00	 2.747E+04	 4.181E+03	 4.513E+03	 5.000E+03	 4.310E+01
   18.6750	 2.000E+01	 1.745E+01	 1.210E+01	 0.000E+00	 2.747E+04	 4.181E+03	 4.509E+03	 5.000E+03	 4.310E+01
   18.6875	 2.000E+01	 1.745E+01	 1.210E+01	 0.000E+00	 2.747E+04	 4.181E+03	 4.504E+03	 5.000E+03	 4.310E+01
   18.7000	 2.000E+01	 1.745E+01	 1.210E+01	 0.000E+00	 2.747E+04	 4.181E+03	 4.500E+03	 5.000E+03	 4.310E+01
   18.7125	 2.000E+01	 1.745E+01	 1.210E+01	 0.000E+00	 2.747E+04	 4.181E+03	 4.495E+03	 5.000E+03	 4.310E+01
   18.7250	 2.000E+01	 1.745E+01	 1.210E+01	 0.000E+00	 2.747E+04	 4.181E+03	 4.490E+03	 5.000E+03	 4.310E+01
   18.7375	 2.000E+01	 1.745E+01	 1.210E+01	 0.000E+00	 2.748E+04	 4.181E+03	 4.485E+03	 5.000E+03	 4.310E+01
   18.7500	 2.000E+01	 1.745E+01	 1.210E+01	 0.000E+00	 2.748E+04	 4.181E+03	 4.481E+03	 5.000E+03	 4.310E+01
   18.7625	 2.000E+01	 1.745E+01	 1.210E+01	 0.000E+00	 2.748E+04	 4.181E+03	 4.476E+03	 5.000E+03	 4.310E+01
   18.7750	 2.000E+01	 1.745E+01	 1.210E+01	 0.000E+00	 2.748E+04	 4.181E+03	 4.471E+03	 5.000E+03	 4.310E+01
   18.7875	 2.000E+01	 1.745E+01	 1.210E+01	 0.000E+00	 2.748E+04	 4.181E+03	 4.466E+03	 5.000E+03	 4.310E+01
   18.8000	 2.000E+01	 1.745E+01	 1.210E+01	 0.000E+00	 2.748E+04	 4.181E+03	 4.460E+03	 5.000E+03	 4.310E+01
   18.8125	 2.000E+01	 1.745E+01	 1.210E+01	 0.000E+00	 2.748E+04	 4.181E+03	 4.455E+03	 5.000E+03	 4.310E+01
   18.8250	 2.000E+01	 1.745E+01	 1.210E+01	 0.000E+00	 2.748E+04	 4.181E+03	 4.450E+03	 5.000E+03	 4.310E+01
   18.8375	 2.000E+01	 1.745E+01	 1.210E+01	 0.000E+00	 2.748E+04	 4.181E+03	 4.445E+03	 5.000E+03	 4.310E+01
   18.8500	 2.000E+01	 1.745E+01	 1.210E+01	 0.000E+00	 2.748E+04	 4.181E+03	 4.439E+03	 5.000E+03	 4.310E+01
   18.8625	 2.000E+01	 1.745E+01	 1.210E+01	 0.000E+00	 2.748E+04	 4.181E+03	 4.434E+03	 5.000E+03	 4.310E+01
   18.8750	 2.000E+01	 1.745E+01	 1.210E+01	 0.000E+00	 2.748E+04	 4.181E+03	 4.429E+03	 5.000E+03	 4.310E+01
   18.8875	 2.000E+01	 1.745E+01	 1.210E+01	 0.000E+00	 2.748E+04	 4.181E+03	 4.423E+03	 5.000E+03	 4.310E+01
   18.9000	 2.000E+01	 1.745E+01	 1.210E+01	 0.000E+00	 2.748E+04	 4.181E+03	 4.418E+03	 5.000E+03	 4.310E+01
   18.9125	 2.000E+01	 1.745E+01	 1.210E+01	 0.000E+00	 2.748E+04	 4.181E+03	 4.412E+03	 5.000E+03	 4.310E+01
   18.9250	 2.000E+01	 1.745E+01	 1.210E+01	 0.000E+00	 2.748E+04	 4.181E+03	 4.406E+03	 5.000E+03	 4.310E+01
   18.9375	 2.000E+01	 1.745E+01	 1.210E+01	 0.000E+00	 2.749E+04	 4.181E+03	 4.401E+03	 5.000E+03	 4.310E+01
   18.9500	 2.000E+01	 1.745E+01	 1.210E+01	 0.000E+00	 2.749E+04	 4.181E+03	 4.395E+03	 5.000E+03	 4.310E+01
   18.9625	 2.000E+01	 1.745E+01	 1.210E+01	 0.000E+00	 2.749E+04	 4.181E+03	 4.389E+03	 5.000E+03	 4.310E+01
   18.9750	 2.000E+01	 1.745E+01	 1.210E+01	 0.000E+00	 2.749E+04	 4.181E+03	 4.383E+03	 5.000E+03	 4.310E+01
   18.9875	 2.000E+01	 1.745E+01	 1.210E+01	 0.000E+00	 2.749E+04	 4.181E+03	 4.378E+03	 5.000E+03	 4.310E+01
   19.0000	 2.000E+01	 1.745E+01	 1.210E+01	 0.000E+00	 2.749E+04	 4.181E+03	 4.372E+03	 5.000E+03	 4.310E+01
   19.0125	 2.000E+01	 1.745E+01	 1.210E+01	 0.000E+00	 2.749E+04	 4.181E+03	 4.366E+03	 5.000E+03	 4.310E+01
   19.0250	 2.000E+01	 1.745E+01	 1.210E+01	 0.000E+00	 2.749E+04	 4.181E+03	 4.360E+03	 5.000E+03	 4.310E+01
   19.0375	 2.000E+01	 1.745E+01	 1.210E+01	 0.000E+00	 2.749E+04	 4.181E+03	 4.354E+03	 5.000E+03	 4.310E+01
   19.0500	 2.000E+01	 1.745E+01	 1.210E+01	 0.000E+00	 2.749E+04	 4.181E+03	 4.348E+03	 5.000E+03	 4.310E+01
   19.0625	 2.000E+01	 1.745E+01	 1.210E+01	 0.000E+00	 2.749E+04	 4.181E+03	 4.342E+03	 5.000E+03	 4.310E+01
   19.0750	 2.000E+01	 1.745E+01	 1.210E+01	 0.000E+00	 2.749E+04	 4.181E+03	 4.336E+03	 5.000E+03	 4.310E+01
   19.0875	 2.000E+01	 1.745E+01	 1.210E+01	 0.000E+00	 2.749E+04	 4.181E+03	 4.330E+03	 5.000E+03	 4.310E+01
   19.1000	 2.000E+01	 1.745E+01	 1.210E+01	 0.000E+00	 2.749E+04	 4.181E+03	 4.323E+03	 5.000E+03	 4.310E+01
   19.1125	 2.000E+01	 1.745E+01	 1.210E+01	 0.000E+00	 2.749E+04	 4.181E+03	 4.317E+03	 5.000E+03	 4.310E+01
   19.1250	 2.000E+01	 1.745E+01	 1.210E+01	 0.000E+00	 2.749E+04	 4.181E+03	 4.311E+03	 5.000E+03	 4.310E+01
   19.1375	 2.000E+01	 1.745E+01	 1.210E+01	 0.000E+00	 2.749E+04	 4.181E+03	 4.305E+03	 5.000E+03	 4.310E+01
   19.1500	 2.000E+01	 1.745E+01	 1.210E+01	 0.000E+00	 2.750E+04	 4.181E+03	 4.299E+03	 5.000E+03	 4.310E+01
   19.1625	 2.000E+01	 1.745E+01	 1.210E+01	 0.000E+00	 2.750E+04	 4.181E+03	 4.292E+03	 5.000E+03	 4.310E+01
   19.1750	 2.000E+01	 1.745E+01	 1.210E+01	 0.000E+00	 2.750E+04	 4.181E+03	 4.286E+03	 5.000E+03	 4.310E+01
   19.1875	 2.000E+01	 1.745E+01	 1.210E+01	 0.000E+00	 2.750E+04	 4.181E+03	 4.280E+03	 5.000E+03	 4.310E+01
   19.2000	 2.000E+01	 1.745E+01	 1.210E+01	 0.000E+00	 2.750E+04	 4.181E+03	 4.273E+03	 5.000E+03	 4.310E+01
   19.2125	 2.000E+01	 1.745E+01	 1.210E+01	 0.000E+00	 2.750E+04	 4.181E+03	 4.267E+03	 5.000E+03	 4.310E+01
   19.2250	 2.000E+01	 1.745E+01	 1.210E+01	 0.000E+00	 2.750E+04	 4.181E+03	 4.261E+03	 5.000E+03	 4.310E+01
   19.2375	 2.000E+01	 1.745E+01	 1.210E+01	 0.000E+00	 2.750E+04	 4.181E+03	 4.254E+03	 5.000E+03	 4.310E+01
   19.2500	 2.000E+01	 1.745E+01	 1.210E+01	 0.000E+00	 2.750E+04	 4.181E+03	 4.248E+03	 5.000E+03	 4.310E+01
   19.2625	 2.000E+01	 1.745E+01	 1.210E+01	 0.000E+00	 2.750E+04	 4.181E+03	 4.242E+03	 5.000E+03	 4.310E+01
   19.2750	 2.000E+01	 1.745E+01	 1.210E+01	 0.000E+00	 2.750E+04	 4.181E+03	 4.235E+03	 5.000E+03	 4.310E+01
   19.2875	 2.000E+01	 1.745E+01	 1.210E+01	 0.000E+00	 2.750E+04	 4.181E+03	 4.229E+03	 5.000E+03	 4.310E+01
   19.3000	 2.000E+01	 1.745E+01	 1.210E+01	 0.000E+00	 2.750E+04	 4.181E+03	 4.222E+03	 5.000E+03	 4.310E+01
   19.3125	 2.000E+01	 1.745E+01	 1.210E+01	 0.000E+00	 2.750E+04	 4.180E+03	 4.216E+03	 5.000E+03	 4.310E+01
   19.3250	 2.000E+01	 1.745E+01	 1.210E+01	 0.000E+00	 2.750E+04	 4.180E+03	 4.209E+03	 5.000E+03	 4.310E+01
   19.3375	 2.000E+01	 1.745E+01	 1.210E+01	 0.000E+00	 2.750E+04	 4.180E+03	 4.203E+03	 5.000E+03	 4.310E+01
   19.3500	 2.000E+01	 1.745E+01	 1.210E+01	 0.000E+00	 2.750E+04	 4.180E+03	 4.196E+03	 5.000E+03	 4.310E+01
   19.3625	 2.000E+01	 1.745E+01	 1.210E+01	 0.000E+00	 2.750E+04	 4.180E+03	 4.190E+03	 5.000E+03	 4.310E+01
   19.3750	 2.000E+01	 1.745E+01	 1.210E+01	 0.000E+00	 2.750E+04	 4.180E+03	 4.183E+03	 5.000E+03	 4.309E+01
   19.3875	 2.000E+01	 1.745E+01	 1.210E+01	 0.000E+00	 2.750E+04	 4.180E+03	 4.177E+03	 5.000E+03	 4.309E+01
   19.4000	 2.000E+01	 1.745E+01	 1.210E+01	 0.000E+00	 2.750E+04	 4.180E+03	 4.170E+03	 5.000E+03	 4.309E+01
   19.4125	 2.000E+01	 1.745E+01	 1.210E+01	 0.000E+00	 2.750E+04	 4.180E+03	 4.164E+03	 5.000E+03	 4.309E+01
   19.4250	 2.000E+01	 1.745E+01	 1.210E+01	 0.000E+00	 2.750E+04	 4.180E+03	 4.157E+03	 5.000E+03	 4.309E+01
   19.4375	 2.000E+01	 1.745E+01	 1.210E+01	 0.000E+00	 2.750E+04	 4.180E+03	 4.151E+03	 5.000E+03	 4.309E+01
   19.4500	 2.000E+01	 1.745E+01	 1.210E+01	 0.000E+00	 2.750E+04	 4.180E+03	 4.144E+03	 5.000E+03	 4.309E+01
   19.4625	 2.000E+01	 1.745E+01	 1.210E+01	 0.000E+00	 2.750E+04	 4.180E+03	 4.138E+03	 5.000E+03	 4.309E+01
   19.4750	 2.000E+01	 1.745E+01	 1.210E+01	 0.000E+00	 2.750E+04	 4.180E+03	 4.132E+03	 5.000E+03	 4.309E+01
   19.4875	 2.000E+01	 1.745E+01	 1.210E+01	 0.000E+00	 2.750E+04	 4.180E+03	 4.125E+03	 5.000E+03	 4.309E+01
   19.5000	 2.000E+01	 1.745E+01	 1.210E+01	 0.000E+00	 2.750E+04	 4.180E+03	 4.119E+03	 5.000E+03	 4.309E+01
   19.5125	 2.000E+01	 1.745E+01	 1.210E+01	 0.000E+00	 2.749E+04	 4.180E+03	 4.112E+03	 5.000E+03	 4.309E+01
   19.5250	 2.000E+01	 1.745E+01	 1.210E+01	 0.000E+00	 2.749E+04	 4.180E+03	 4.106E+03	 5.000E+03	 4.309E+01
   19.5375	 2.000E+01	 1.745E+01	 1.210E+01	 0.000E+00	 2.749E+04	 4.180E+03	 4.099E+03	 5.000E+03	 4.309E+01
   19.5500	 2.000E+01	 1.745E+01	 1.210E+01	 0.000E+00	 2.749E+04	 4.180E+03	 4.093E+03	 5.000E+03	 4.309E+01
   19.5625	 2.000E+01	 1.745E+01	 1.210E+01	 0.000E+00	 2.749E+04	 4.180E+03	 4.087E+03	 5.000E+03	 4.309E+01
   19.5750	 2.000E+01	 1.745E+01	 1.210E+01	 0.000E+00	 2.749E+04	 4.180E+03	 4.081E+03	 5.000E+03	 4.309E+01
   19.5875	 2.000E+01	 1.745E+01	 1.210E+01	 0.000E+00	 2.749E+04	 4.180E+03	 4.075E+03	 5.000E+03	 4.309E+01
   19.6000	 2.000E+01	 1.745E+01	 1.210E+01	 0.000E+00	 2.749E+04	 4.180E+03	 4.068E+03	 5.000E+03	 4.309E+01
   19.6125	 2.000E+01	 1.745E+01	 1.210E+01	 0.000E+00	 2.749E+04	 4.180E+03	 4.062E+03	 5.000E+03	 4.309E+01
   19.6250	 2.000E+01	 1.745E+01	 1.210E+01	 0.000E+00	 2.749E+04	 4.180E+03	 4.056E+03	 5.000E+03	 4.309E+01
   19.6375	 2.000E+01	 1.745E+01	 1.210E+01	 0.000E+00	 2.749E+04	 4.180E+03	 4.050E+03	 5.000E+03	 4.309E+01
   19.6500	 2.000E+01	 1.745E+01	 1.210E+01	 0.000E+00	 2.749E+04	 4.180E+03	 4.044E+03	 5.000E+03	 4.309E+01
   19.6625	 2.000E+01	 1.745E+01	 1.210E+01	 0.000E+00	 2.749E+04	 4.180E+03	 4.038E+03	 5.000E+03	 4.309E+01
   19.6750	 2.000E+01	 1.745E+01	 1.210E+01	 0.000E+00	 2.749E+04	 4.180E+03	 4.033E+03	 5.000E+03	 4.309E+01
   19.6875	 2.000E+01	 1.745E+01	 1.210E+01	 0.000E+00	 2.749E+04	 4.180E+03	 4.027E+03	 5.000E+03	 4.309E+01
   19.7000	 2.000E+01	 1.745E+01	 1.210E+01	 0.000E+00	 2.749E+04	 4.180E+03	 4.021E+03	 5.000E+03	 4.309E+01
   19.7125	 2.000E+01	 1.745E+01	 1.210E+01	 0.000E+00	 2.748E+04	 4.180E+03	 4.015E+03	 5.000E+03	 4.309E+01
   19.7250	 2.000E+01	 1.745E+01	 1.210E+01	 0.000E+00	 2.748E+04	 4.180E+03	 4.009E+03	 5.000E+03	 4.309E+01
   19.7375	 2.000E+01	 1.745E+01	 1.210E+01	 0.000E+00	 2.748E+04	 4.180E+03	 4.004E+03	 5.000E+03	 4.309E+01
   19.7500	 2.000E+01	 1.745E+01	 1.210E+01	 0.000E+00	 2.748E+04	 4.180E+03	 3.998E+03	 5.000E+03	 4.309E+01
   19.7625	 2.000E+01	 1.745E+01	 1.210E+01	 0.000E+00	 2.748E+04	 4.180E+03	 3.992E+03	 5.000E+03	 4.309E+01
   19.7750	 2.000E+01	 1.745E+01	 1.210E+01	 0.000E+00	 2.748E+04	 4.180E+03	 3.987E+03	 5.000E+03	 4.309E+01
   19.7875	 2.000E+01	 1.745E+01	 1.210E+01	 0.000E+00	 2.748E+04	 4.180E+03	 3.982E+03	 5.000E+03	 4.309E+01
   19.8000	 2.000E+01	 1.745E+01	 1.210E+01	 0.000E+00	 2.748E+04	 4.180E+03	 3.976E+03	 5.000E+03	 4.309E+01
   19.8125	 2.000E+01	 1.745E+01	 1.210E+01	 0.000E+00	 2.748E+04	 4.180E+03	 3.971E+03	 5.000E+03	 4.309E+01
   19.8250	 2.000E+01	 1.745E+01	 1.210E+01	 0.000E+00	 2.748E+04	 4.180E+03	 3.966E+03	 5.000E+03	 4.309E+01
   19.8375	 2.000E+01	 1.745E+01	 1.210E+01	 0.000E+00	 2.748E+04	 4.180E+03	 3.960E+03	 5.000E+03	 4.309E+01
   19.8500	 2.000E+01	 1.745E+01	 1.210E+01	 0.000E+00	 2.748E+04	 4.180E+03	 3.955E+03	 5.000E+03	 4.309E+01
   19.8625	 2.000E+01	 1.745E+01	 1.210E+01	 0.000E+00	 2.748E+04	 4.180E+03	 3.950E+03	 5.000E+03	 4.309E+01
   19.8750	 2.000E+01	 1.745E+01	 1.210E+01	 0.000E+00	 2.748E+04	 4.180E+03	 3.945E+03	 5.000E+03	 4.309E+01
   19.8875	 2.000E+01	 1.745E+01	 1.210E+01	 0.000E+00	 2.748E+04	 4.180E+03	 3.940E+03	 5.000E+03	 4.309E+01
   19.9000	 2.000E+01	 1.745E+01	 1.210E+01	 0.000E+00	 2.748E+04	 4.180E+03	 3.935E+03	 5.000E+03	 4.309E+01
   19.9125	 2.000E+01	 1.745E+01	 1.210E+01	 0.000E+00	 2.748E+04	 4.180E+03	 3.930E+03	 5.000E+03	 4.309E+01
   19.9250	 2.000E+01	 1.745E+01	 1.210E+01	 0.000E+00	 2.748E+04	 4.180E+03	 3.925E+03	 5.000E+03	 4.309E+01
   19.9375	 2.000E+01	 1.745E+01	 1.210E+01	 0.000E+00	 2.747E+04	 4.180E+03	 3.921E+03	 5.000E+03	 4.309E+01
   19.9500	 2.000E+01	 1.745E+01	 1.210E+01	 0.000E+00	 2.747E+04	 4.180E+03	 3.916E+03	 5.000E+03	 4.309E+01
   19.9625	 2.000E+01	 1.745E+01	 1.210E+01	 0.000E+00	 2.747E+04	 4.180E+03	 3.911E+03	 5.000E+03	 4.309E+01
   19.9750	 2.000E+01	 1.745E+01	 1.210E+01	 0.000E+00	 2.747E+04	 4.180E+03	 3.907E+03	 5.000E+03	 4.309E+01
   19.9875	 2.000E+01	 1.745E+01	 1.210E+01	 0.000E+00	 2.747E+04	 4.180E+03	 3.902E+03	 5.000E+03	 4.309E+01
   20.0000	 2.000E+01	 1.745E+01	 1.210E+01	 0.000E+00	 2.747E+04	 4.180E+03	 3.898E+03	 5.000E+03	 4.309E+01
   20.0125	 2.000E+01	 1.745E+01	 1.210E+01	 0.000E+00	 2.747E+04	 4.180E+03	 3.894E+03	 5.000E+03	 4.309E+01
   20.0250	 2.000E+01	 1.745E+01	 1.210E+01	 0.000E+00	 2.747E+04	 4.180E+03	 3.890E+03	 5.000E+03	 4.309E+01
   20.0375	 2.000E+01	 1.745E+01	 1.210E+01	 0.000E+00	 2.747E+04	 4.180E+03	 3.886E+03	 5.000E+03	 4.309E+01
   20.0500	 2.000E+01	 1.745E+01	 1.210E+01	 0.000E+00	 2.747E+04	 4.180E+03	 3.882E+03	 5.000E+03	 4.309E+01
   20.0625	 2.000E+01	 1.745E+01	 1.210E+01	 0.000E+00	 2.747E+04	 4.180E+03	 3.878E+03	 5.000E+03	 4.309E+01
   20.0750	 2.000E+01	 1.745E+01	 1.210E+01	 0.000E+00	 2.747E+04	 4.180E+03	 3.874E+03	 5.000E+03	 4.309E+01
   20.0875	 2.000E+01	 1.745E+01	 1.210E+01	 0.000E+00	 2.747E+04	 4.180E+03	 3.870E+03	 5.000E+03	 4.309E+01
   20.1000	 2.000E+01	 1.745E+01	 1.210E+01	 0.000E+00	 2.747E+04	 4.180E+03	 3.867E+03	 5.000E+03	 4.309E+01
   20.1125	 2.000E+01	 1.745E+01	 1.210E+01	 0.000E+00	 2.747E+04	 4.180E+03	 3.863E+03	 5.000E+03	 4.309E+01
   20.1250	 2.000E+01	 1.745E+01	 1.210E+01	 0.000E+00	 2.747E+04	 4.180E+03	 3.860E+03	 5.000E+03	 4.309E+01
   20.1375	 2.000E+01	 1.745E+01	 1.210E+01	 0.000E+00	 2.746E+04	 4.180E+03	 3.856E+03	 5.000E+03	 4.309E+01
   20.1500	 2.000E+01	 1.745E+01	 1.210E+01	 0.000E+00	 2.746E+04	 4.180E+03	 3.853E+03	 5.000E+03	 4.309E+01
   20.1625	 2.000E+01	 1.745E+01	 1.210E+01	 0.000E+00	 2.746E+04	 4.180E+03	 3.850E+03	 5.000E+03	 4.309E+01
   20.1750	 2.000E+01	 1.745E+01	 1.210E+01	 0.000E+00	 2.746E+04	 4.180E+03	 3.847E+03	 5.000E+03	 4.309E+01
   20.1875	 2.000E+01	 1.745E+01	 1.210E+01	 0.000E+00	 2.746E+04	 4.180E+03	 3.844E+03	 5.000E+03	 4.309E+01
   20.2000	 2.000E+01	 1.745E+01	 1.210E+01	 0.000E+00	 2.746E+04	 4.180E+03	 3.841E+03	 5.000E+03	 4.309E+01
   20.2125	 2.000E+01	 1.745E+01	 1.210E+01	 0.000E+00	 2.746E+04	 4.180E+03	 3.838E+03	 5.000E+03	 4.309E+01
   20.2250	 2.000E+01	 1.745E+01	 1.210E+01	 0.000E+00	 2.746E+04	 4.180E+03	 3.836E+03	 5.000E+03	 4.309E+01
   20.2375	 2.000E+01	 1.745E+01	 1.210E+01	 0.000E+00	 2.746E+04	 4.180E+03	 3.833E+03	 5.000E+03	 4.309E+01
   20.2500	 2.000E+01	 1.745E+01	 1.210E+01	 0.000E+00	 2.747E+04	 4.180E+03	 3.831E+03	 5.000E+03	 4.309E+01
   20.2625	 2.000E+01	 1.745E+01	 1.210E+01	 0.000E+00	 2.747E+04	 4.180E+03	 3.828E+03	 5.000E+03	 4.309E+01
   20.2750	 2.000E+01	 1.745E+01	 1.210E+01	 0.000E+00	 2.747E+04	 4.180E+03	 3.826E+03	 5.000E+03	 4.309E+01
   20.2875	 2.000E+01	 1.745E+01	 1.210E+01	 0.000E+00	 2.747E+04	 4.180E+03	 3.824E+03	 5.000E+03	 4.309E+01
   20.3000	 2.000E+01	 1.745E+01	 1.210E+01	 0.000E+00	 2.747E+04	 4.180E+03	 3.822E+03	 5.000E+03	 4.309E+01
   20.3125	 2.000E+01	 1.745E+01	 1.210E+01	 0.000E+00	 2.747E+04	 4.180E+03	 3.820E+03	 5.000E+03	 4.309E+01
   20.3250	 2.000E+01	 1.745E+01	 1.210E+01	 0.000E+00	 2.747E+04	 4.180E+03	 3.818E+03	 5.000E+03	 4.309E+01
   20.3375	 2.000E+01	 1.745E+01	 1.210E+01	 0.000E+00	 2.747E+04	 4.180E+03	 3.816E+03	 5.000E+03	 4.309E+01
   20.3500	 2.000E+01	 1.745E+01	 1.210E+01	 0.000E+00	 2.747E+04	 4.180E+03	 3.814E+03	 5.000E+03	 4.309E+01
   20.3625	 2.000E+01	 1.745E+01	 1.210E+01	 0.000E+00	 2.747E+04	 4.180E+03	 3.813E+03	 5.000E+03	 4.309E+01
   20.3750	 2.000E+01	 1.745E+01	 1.210E+01	 0.000E+00	 2.747E+04	 4.180E+03	 3.811E+03	 5.000E+03	 4.309E+01
   20.3875	 2.000E+01	 1.745E+01	 1.210E+01	 0.000E+00	 2.747E+04	 4.180E+03	 3.810E+03	 5.000E+03	 4.309E+01
   20.4000	 2.000E+01	 1.745E+01	 1.210E+01	 0.000E+00	 2.747E+04	 4.180E+03	 3.808E+03	 5.000E+03	 4.309E+01
   20.4125	 2.000E+01	 1.745E+01	 1.210E+01	 0.000E+00	 2.747E+04	 4.180E+03	 3.807E+03	 5.000E+03	 4.309E+01
   20.4250	 2.000E+01	 1.745E+01	 1.210E+01	 0.000E+00	 2.747E+04	 4.180E+03	 3.806E+03	 5.000E+03	 4.309E+01
   20.4375	 2.000E+01	 1.745E+01	 1.210E+01	 0.000E+00	 2.747E+04	 4.180E+03	 3.805E+03	 5.000E+03	 4.309E+01
   20.4500	 2.000E+01	 1.745E+01	 1.210E+01	 0.000E+00	 2.747E+04	 4.180E+03	 3.804E+03	 5.000E+03	 4.309E+01
   20.4625	 2.000E+01	 1.745E+01	 1.210E+01	 0.000E+00	 2.747E+04	 4.180E+03	 3.804E+03	 5.000E+03	 4.309E+01
   20.4750	 2.000E+01	 1.745E+01	 1.210E+01	 0.000E+00	 2.747E+04	 4.180E+03	 3.803E+03	 5.000E+03	 4.309E+01
   20.4875	 2.000E+01	 1.745E+01	 1.210E+01	 0.000E+00	 2.747E+04	 4.180E+03	 3.803E+03	 5.000E+03	 4.309E+01
   20.5000	 2.000E+01	 1.745E+01	 1.210E+01	 0.000E+00	 2.747E+04	 4.180E+03	 3.802E+03	 5.000E+03	 4.309E+01
   20.5125	 2.000E+01	 1.745E+01	 1.210E+01	 0.000E+00	 2.747E+04	 4.180E+03	 3.802E+03	 5.000E+03	 4.309E+01
   20.5250	 2.000E+01	 1.745E+01	 1.210E+01	 0.000E+00	 2.748E+04	 4.180E+03	 3.802E+03	 5.000E+03	 4.309E+01
   20.5375	 2.000E+01	 1.745E+01	 1.210E+01	 0.000E+00	 2.748E+04	 4.180E+03	 3.802E+03	 5.000E+03	 4.309E+01
   20.5500	 2.000E+01	 1.745E+01	 1.210E+01	 0.000E+00	 2.748E+04	 4.180E+03	 3.802E+03	 5.000E+03	 4.309E+01
   20.5625	 2.000E+01	 1.745E+01	 1.210E+01	 0.000E+00	 2.748E+04	 4.180E+03	 3.802E+03	 5.000E+03	 4.309E+01
   20.5750	 2.000E+01	 1.745E+01	 1.210E+01	 0.000E+00	 2.748E+04	 4.180E+03	 3.802E+03	 5.000E+03	 4.309E+01
   20.5875	 2.000E+01	 1.745E+01	 1.210E+01	 0.000E+00	 2.748E+04	 4.180E+03	 3.802E+03	 5.000E+03	 4.309E+01
   20.6000	 2.000E+01	 1.745E+01	 1.210E+01	 0.000E+00	 2.748E+04	 4.180E+03	 3.803E+03	 5.000E+03	 4.309E+01
   20.6125	 2.000E+01	 1.745E+01	 1.210E+01	 0.000E+00	 2.748E+04	 4.180E+03	 3.803E+03	 5.000E+03	 4.309E+01
   20.6250	 2.000E+01	 1.745E+01	 1.210E+01	 0.000E+00	 2.748E+04	 4.180E+03	 3.804E+03	 5.000E+03	 4.309E+01
   20.6375	 2.000E+01	 1.745E+01	 1.210E+01	 0.000E+00	 2.748E+04	 4.180E+03	 3.805E+03	 5.000E+03	 4.309E+01
   20.6500	 2.000E+01	 1.745E+01	 1.210E+01	 0.000E+00	 2.748E+04	 4.180E+03	 3.806E+03	 5.000E+03	 4.309E+01
   20.6625	 2.000E+01	 1.745E+01	 1.210E+01	 0.000E+00	 2.748E+04	 4.180E+03	 3.807E+03	 5.000E+03	 4.309E+01
   20.6750	 2.000E+01	 1.745E+01	 1.210E+01	 0.000E+00	 2.748E+04	 4.180E+03	 3.808E+03	 5.000E+03	 4.309E+01
   20.6875	 2.000E+01	 1.745E+01	 1.210E+01	 0.000E+00	 2.748E+04	 4.180E+03	 3.809E+03	 5.000E+03	 4.309E+01
   20.7000	 2.000E+01	 1.745E+01	 1.210E+01	 0.000E+00	 2.748E+04	 4.180E+03	 3.810E+03	 5.000E+03	 4.309E+01
   20.7125	 2.000E+01	 1.745E+01	 1.210E+01	 0.000E+00	 2.749E+04	 4.180E+03	 3.812E+03	 5.000E+03	 4.309E+01
   20.7250	 2.000E+01	 1.745E+01	 1.210E+01	 0.000E+00	 2.749E+04	 4.180E+03	 3.813E+03	 5.000E+03	 4.309E+01
   20.7375	 2.000E+01	 1.745E+01	 1.210E+01	 0.000E+00	 2.749E+04	 4.180E+03	 3.815E+03	 5.000E+03	 4.309E+01
   20.7500	 2.000E+01	 1.745E+01	 1.210E+01	 0.000E+00	 2.749E+04	 4.180E+03	 3.817E+03	 5.000E+03	 4.309E+01
   20.7625	 2.000E+01	 1.745E+01	 1.210E+01	 0.000E+00	 2.749E+04	 4.180E+03	 3.819E+03	 5.000E+03	 4.309E+01
   20.7750	 2.000E+01	 1.745E+01	 1.210E+01	 0.000E+00	 2.749E+04	 4.180E+03	 3.821E+03	 5.000E+03	 4.309E+01
   20.7875	 2.000E+01	 1.745E+01	 1.210E+01	 0.000E+00	 2.749E+04	 4.180E+03	 3.823E+03	 5.000E+03	 4.309E+01
   20.8000	 2.000E+01	 1.745E+01	 1.210E+01	 0.000E+00	 2.749E+04	 4.180E+03	 3.825E+03	 5.000E+03	 4.309E+01
   20.8125	 2.000E+01	 1.745E+01	 1.210E+01	 0.000E+00	 2.749E+04	 4.180E+03	 3.827E+03	 5.000E+03	 4.309E+01
   20.8250	 2.000E+01	 1.745E+01	 1.210E+01	 0.000E+00	 2.749E+04	 4.180E+03	 3.830E+03	 5.000E+03	 4.309E+01
   20.8375	 2.000E+01	 1.745E+01	 1.210E+01	 0.000E+00	 2.749E+04	 4.180E+03	 3.832E+03	 5.000E+03	 4.309E+01
   20.8500	 2.000E+01	 1.745E+01	 1.210E+01	 0.000E+00	 2.749E+04	 4.180E+03	 3.835E+03	 5.000E+03	 4.309E+01
   20.8625	 2.000E+01	 1.745E+01	 1.210E+01	 0.000E+00	 2.749E+04	 4.180E+03	 3.838E+03	 5.000E+03	 4.309E+01
   20.8750	 2.000E+01	 1.745E+01	 1.210E+01	 0.000E+00	 2.749E+04	 4.180E+03	 3.841E+03	 5.000E+03	 4.309E+01
   20.8875	 2.000E+01	 1.745E+01	 1.210E+01	 0.000E+00	 2.749E+04	 4.180E+03	 3.844E+03	 5.000E+03	 4.309E+01
   20.9000	 2.000E+01	 1.745E+01	 1.210E+01	 0.000E+00	 2.749E+04	 4.180E+03	 3.847E+03	 5.000E+03	 4.309E+01
   20.9125	 2.000E+01	 1.745E+01	 1.210E+01	 0.000E+00	 2.749E+04	 4.180E+03	 3.850E+03	 5.000E+03	 4.309E+01
   20.9250	 2.000E+01	 1.745E+01	 1.210E+01	 0.000E+00	 2.749E+04	 4.180E+03	 3.853E+03	 5.000E+03	 4.309E+01
   20.9375	 2.000E+01	 1.745E+01	 1.210E+01	 0.000E+00	 2.749E+04	 4.180E+03	 3.856E+03	 5.000E+03	 4.309E+01
   20.9500	 2.000E+01	 1.745E+01	 1.210E+01	 0.000E+00	 2.749E+04	 4.180E+03	 3.860E+03	 5.000E+03	 4.309E+01
   20.9625	 2.000E+01	 1.745E+01	 1.210E+01	 0.000E+00	 2.749E+04	 4.180E+03	 3.863E+03	 5.000E+03	 4.309E+01
   20.9750	 2.000E+01	 1.745E+01	 1.210E+01	 0.000E+00	 2.749E+04	 4.180E+03	 3.867E+03	 5.000E+03	 4.309E+01
   20.9875	 2.000E+01	 1.745E+01	 1.210E+01	 0.000E+00	 2.749E+04	 4.180E+03	 3.871E+03	 5.000E+03	 4.309E+01
   21.0000	 2.000E+01	 1.745E+01	 1.210E+01	 0.000E+00	 2.749E+04	 4.180E+03	 3.875E+03	 5.000E+03	 4.309E+01
   21.0125	 2.000E+01	 1.745E+01	 1.210E+01	 0.000E+00	 2.749E+04	 4.180E+03	 3.878E+03	 5.000E+03	 4.309E+01
   21.0250	 2.000E+01	 1.745E+01	 1.210E+01	 0.000E+00	 2.749E+04	 4.180E+03	 3.882E+03	 5.000E+03	 4.309E+01
   21.0375	 2.000E+01	 1.745E+01	 1.210E+01	 0.000E+00	 2.749E+04	 4.180E+03	 3.887E+03	 5.000E+03	 4.309E+01
   21.0500	 2.000E+01	 1.745E+01	 1.210E+01	 0.000E+00	 2.749E+04	 4.180E+03	 3.891E+03	 5.000E+03	 4.309E+01
   21.0625	 2.000E+01	 1.745E+01	 1.210E+01	 0.000E+00	 2.749E+04	 4.180E+03	 3.895E+03	 5.000E+03	 4.309E+01
   21.0750	 2.000E+01	 1.745E+01	 1.210E+01	 0.000E+00	 2.749E+04	 4.180E+03	 3.899E+03	 5.000E+03	 4.309E+01
   21.0875	 2.000E+01	 1.745E+01	 1.210E+01	 0.000E+00	 2.749E+04	 4.180E+03	 3.904E+03	 5.000E+03	 4.309E+01
   21.1000	 2.000E+01	 1.745E+01	 1.210E+01	 0.000E+00	 2.749E+04	 4.180E+03	 3.908E+03	 5.000E+03	 4.309E+01
   21.1125	 2.000E+01	 1.745E+01	 1.210E+01	 0.000E+00	 2.749E+04	 4.180E+03	 3.913E+03	 5.000E+03	 4.309E+01
   21.1250	 2.000E+01	 1.745E+01	 1.210E+01	 0.000E+00	 2.749E+04	 4.180E+03	 3.918E+03	 5.000E+03	 4.309E+01
   21.1375	 2.000E+01	 1.745E+01	 1.210E+01	 0.000E+00	 2.749E+04	 4.180E+03	 3.923E+03	 5.000E+03	 4.309E+01
   21.1500	 2.000E+01	 1.745E+01	 1.210E+01	 0.000E+00	 2.749E+04	 4.180E+03	 3.928E+03	 5.000E+03	 4.309E+01
   21.1625	 2.000E+01	 1.745E+01	 1.210E+01	 0.000E+00	 2.749E+04	 4.180E+03	 3.933E+03	 5.000E+03	 4.309E+01
   21.1750	 2.000E+01	 1.745E+01	 1.210E+01	 0.000E+00	 2.749E+04	 4.180E+03	 3.938E+03	 5.000E+03	 4.309E+01
   21.1875	 2.000E+01	 1.745E+01	 1.210E+01	 0.000E+00	 2.749E+04	 4.180E+03	 3.943E+03	 5.000E+03	 4.309E+01
   21.2000	 2.000E+01	 1.745E+01	 1.210E+01	 0.000E+00	 2.749E+04	 4.180E+03	 3.948E+03	 5.000E+03	 4.309E+01
   21.2125	 2.000E+01	 1.745E+01	 1.210E+01	 0.000E+00	 2.749E+04	 4.180E+03	 3.953E+03	 5.000E+03	 4.309E+01
   21.2250	 2.000E+01	 1.745E+01	 1.210E+01	 0.000E+00	 2.749E+04	 4.180E+03	 3.959E+03	 5.000E+03	 4.309E+01
   21.2375	 2.000E+01	 1.745E+01	 1.210E+01	 0.000E+00	 2.749E+04	 4.180E+03	 3.964E+03	 5.000E+03	 4.309E+01
   21.2500	 2.000E+01	 1.745E+01	 1.210E+01	 0.000E+00	 2.749E+04	 4.180E+03	 3.969E+03	 5.000E+03	 4.309E+01
   21.2625	 2.000E+01	 1.745E+01	 1.210E+01	 0.000E+00	 2.748E+04	 4.180E+03	 3.975E+03	 5.000E+03	 4.309E+01
   21.2750	 2.000E+01	 1.745E+01	 1.210E+01	 0.000E+00	 2.748E+04	 4.180E+03	 3.981E+03	 5.000E+03	 4.309E+01
   21.2875	 2.000E+01	 1.745E+01	 1.210E+01	 0.000E+00	 2.748E+04	 4.180E+03	 3.986E+03	 5.000E+03	 4.309E+01
   21.3000	 2.000E+01	 1.745E+01	 1.210E+01	 0.000E+00	 2.748E+04	 4.180E+03	 3.992E+03	 5.000E+03	 4.309E+01
   21.3125	 2.000E+01	 1.745E+01	 1.210E+01	 0.000E+00	 2.748E+04	 4.180E+03	 3.998E+03	 5.000E+03	 4.309E+01
   21.3250	 2.000E+01	 1.745E+01	 1.210E+01	 0.000E+00	 2.748E+04	 4.180E+03	 4.004E+03	 5.000E+03	 4.309E+01
   21.3375	 2.000E+01	 1.745E+01	 1.210E+01	 0.000E+00	 2.748E+04	 4.180E+03	 4.010E+03	 5.000E+03	 4.309E+01
   21.3500	 2.000E+01	 1.745E+01	 1.210E+01	 0.000E+00	 2.748E+04	 4.180E+03	 4.016E+03	 5.000E+03	 4.309E+01
   21.3625	 2.000E+01	 1.745E+01	 1.210E+01	 0.000E+00	 2.748E+04	 4.180E+03	 4.022E+03	 5.000E+03	 4.309E+01
   21.3750	 2.000E+01	 1.745E+01	 1.210E+01	 0.000E+00	 2.748E+04	 4.180E+03	 4.028E+03	 5.000E+03	 4.309E+01
   21.3875	 2.000E+01	 1.745E+01	 1.210E+01	 0.000E+00	 2.748E+04	 4.180E+03	 4.034E+03	 5.000E+03	 4.309E+01
   21.4000	 2.000E+01	 1.745E+01	 1.210E+01	 0.000E+00	 2.748E+04	 4.180E+03	 4.040E+03	 5.000E+03	 4.309E+01
   21.4125	 2.000E+01	 1.745E+01	 1.210E+01	 0.000E+00	 2.748E+04	 4.180E+03	 4.046E+03	 5.000E+03	 4.309E+01
   21.4250	 2.000E+01	 1.745E+01	 1.210E+01	 0.000E+00	 2.748E+04	 4.180E+03	 4.053E+03	 5.000E+03	 4.309E+01
   21.4375	 2.000E+01	 1.745E+01	 1.210E+01	 0.000E+00	 2.748E+04	 4.180E+03	 4.059E+03	 5.000E+03	 4.309E+01
   21.4500	 2.000E+01	 1.745E+01	 1.210E+01	 0.000E+00	 2.748E+04	 4.180E+03	 4.065E+03	 5.000E+03	 4.309E+01
   21.4625	 2.000E+01	 1.745E+01	 1.210E+01	 0.000E+00	 2.748E+04	 4.180E+03	 4.072E+03	 5.000E+03	 4.309E+01
   21.4750	 2.000E+01	 1.745E+01	 1.210E+01	 0.000E+00	 2.748E+04	 4.180E+03	 4.078E+03	 5.000E+03	 4.309E+01
   21.4875	 2.000E+01	 1.745E+01	 1.210E+01	 0.000E+00	 2.748E+04	 4.180E+03	 4.085E+03	 5.000E+03	 4.309E+01
   21.5000	 2.000E+01	 1.745E+01	 1.210E+01	 0.000E+00	 2.748E+04	 4.180E+03	 4.091E+03	 5.000E+03	 4.309E+01
   21.5125	 2.000E+01	 1.745E+01	 1.210E+01	 0.000E+00	 2.747E+04	 4.180E+03	 4.098E+03	 5.000E+03	 4.309E+01
   21.5250	 2.000E+01	 1.745E+01	 1.210E+01	 0.000E+00	 2.747E+04	 4.180E+03	 4.104E+03	 5.000E+03	 4.309E+01
   21.5375	 2.000E+01	 1.745E+01	 1.210E+01	 0.000E+00	 2.747E+04	 4.180E+03	 4.111E+03	 5.000E+03	 4.309E+01
   21.5500	 2.000E+01	 1.745E+01	 1.210E+01	 0.000E+00	 2.747E+04	 4.180E+03	 4.118E+03	 5.000E+03	 4.309E+01
   21.5625	 2.000E+01	 1.745E+01	 1.210E+01	 0.000E+00	 2.747E+04	 4.180E+03	 4.124E+03	 5.000E+03	 4.309E+01
   21.5750	 2.000E+01	 1.745E+01	 1.210E+01	 0.000E+00	 2.747E+04	 4.180E+03	 4.131E+03	 5.000E+03	 4.309E+01
   21.5875	 2.000E+01	 1.745E+01	 1.210E+01	 0.000E+00	 2.747E+04	 4.180E+03	 4.138E+03	 5.000E+03	 4.309E+01
   21.6000	 2.000E+01	 1.745E+01	 1.210E+01	 0.000E+00	 2.747E+04	 4.180E+03	 4.144E+03	 5.000E+03	 4.309E+01
   21.6125	 2.000E+01	 1.745E+01	 1.210E+01	 0.000E+00	 2.747E+04	 4.180E+03	 4.151E+03	 5.000E+03	 4.309E+01
   21.6250	 2.000E+01	 1.745E+01	 1.210E+01	 0.000E+00	 2.747E+04	 4.180E+03	 4.158E+03	 5.000E+03	 4.309E+01
   21.6375	 2.000E+01	 1.745E+01	 1.210E+01	 0.000E+00	 2.747E+04	 4.180E+03	 4.165E+03	 5.000E+03	 4.309E+01
   21.6500	 2.000E+01	 1.745E+01	 1.210E+01	 0.000E+00	 2.747E+04	 4.180E+03	 4.171E+03	 5.000E+03	 4.309E+01
   21.6625	 2.000E+01	 1.745E+01	 1.210E+01	 0.000E+00	 2.746E+04	 4.180E+03	 4.178E+03	 5.000E+03	 4.309E+01
   21.6750	 2.000E+01	 1.745E+01	 1.210E+01	 0.000E+00	 2.746E+04	 4.180E+03	 4.185E+03	 5.000E+03	 4.309E+01
   21.6875	 2.000E+01	 1.745E+01	 1.210E+01	 0.000E+00	 2.746E+04	 4.180E+03	 4.192E+03	 5.000E+03	 4.309E+01
   21.7000	 2.000E+01	 1.745E+01	 1.210E+01	 0.000E+00	 2.746E+04	 4.180E+03	 4.199E+03	 5.000E+03	 4.309E+01
   21.7125	 2.000E+01	 1.745E+01	 1.210E+01	 0.000E+00	 2.746E+04	 4.180E+03	 4.206E+03	 5.000E+03	 4.309E+01
   21.7250	 2.000E+01	 1.745E+01	 1.210E+01	 0.000E+00	 2.746E+04	 4.180E+03	 4.213E+03	 5.000E+03	 4.309E+01
   21.7375	 2.000E+01	 1.745E+01	 1.210E+01	 0.000E+00	 2.746E+04	 4.180E+03	 4.219E+03	 5.000E+03	 4.309E+01
   21.7500	 2.000E+01	 1.745E+01	 1.210E+01	 0.000E+00	 2.746E+04	 4.180E+03	 4.226E+03	 5.000E+03	 4.309E+01
   21.7625	 2.000E+01	 1.745E+01	 1.210E+01	 0.000E+00	 2.746E+04	 4.180E+03	 4.233E+03	 5.000E+03	 4.309E+01
   21.7750	 2.000E+01	 1.745E+01	 1.210E+01	 0.000E+00	 2.746E+04	 4.180E+03	 4.240E+03	 5.000E+03	 4.309E+01
   21.7875	 2.000E+01	 1.745E+01	 1.210E+01	 0.000E+00	 2.746E+04	 4.180E+03	 4.247E+03	 5.000E+03	 4.309E+01
   21.8000	 2.000E+01	 1.745E+01	 1.210E+01	 0.000E+00	 2.746E+04	 4.180E+03	 4.254E+03	 5.000E+03	 4.309E+01
   21.8125	 2.000E+01	 1.745E+01	 1.210E+01	 0.000E+00	 2.746E+04	 4.180E+03	 4.261E+03	 5.000E+03	 4.309E+01
   21.8250	 2.000E+01	 1.745E+01	 1.210E+01	 0.000E+00	 2.746E+04	 4.180E+03	 4.267E+03	 5.000E+03	 4.309E+01
   21.8375	 2.000E+01	 1.745E+01	 1.210E+01	 0.000E+00	 2.746E+04	 4.180E+03	 4.274E+03	 5.000E+03	 4.309E+01
   21.8500	 2.000E+01	 1.745E+01	 1.210E+01	 0.000E+00	 2.746E+04	 4.180E+03	 4.281E+03	 5.000E+03	 4.309E+01
   21.8625	 2.000E+01	 1.745E+01	 1.210E+01	 0.000E+00	 2.746E+04	 4.180E+03	 4.288E+03	 5.000E+03	 4.309E+01
   21.8750	 2.000E+01	 1.745E+01	 1.210E+01	 0.000E+00	 2.746E+04	 4.180E+03	 4.295E+03	 5.000E+03	 4.309E+01
   21.8875	 2.000E+01	 1.745E+01	 1.210E+01	 0.000E+00	 2.746E+04	 4.180E+03	 4.301E+03	 5.000E+03	 4.309E+01
   21.9000	 2.000E+01	 1.745E+01	 1.210E+01	 0.000E+00	 2.746E+04	 4.180E+03	 4.308E+03	 5.000E+03	 4.309E+01
   21.9125	 2.000E+01	 1.745E+01	 1.210E+01	 0.000E+00	 2.746E+04	 4.180E+03	 4.315E+03	 5.000E+03	 4.309E+01
   21.9250	 2.000E+01	 1.745E+01	 1.210E+01	 0.000E+00	 2.746E+04	 4.180E+03	 4.321E+03	 5.000E+03	 4.309E+01
   21.9375	 2.000E+01	 1.745E+01	 1.210E+01	 0.000E+00	 2.746E+04	 4.180E+03	 4.328E+03	 5.000E+03	 4.309E+01
   21.9500	 2.000E+01	 1.745E+01	 1.210E+01	 0.000E+00	 2.746E+04	 4.180E+03	 4.335E+03	 5.000E+03	 4.309E+01
   21.9625	 2.000E+01	 1.745E+01	 1.210E+01	 0.000E+00	 2.746E+04	 4.180E+03	 4.341E+03	 5.000E+03	 4.309E+01
   21.9750	 2.000E+01	 1.745E+01	 1.210E+01	 0.000E+00	 2.746E+04	 4.180E+03	 4.348E+03	 5.000E+03	 4.309E+01
   21.9875	 2.000E+01	 1.745E+01	 1.210E+01	 0.000E+00	 2.746E+04	 4.180E+03	 4.354E+03	 5.000E+03	 4.309E+01
   22.0000	 2.000E+01	 1.745E+01	 1.210E+01	 0.000E+00	 2.746E+04	 4.180E+03	 4.360E+03	 5.000E+03	 4.309E+01
   22.0125	 2.000E+01	 1.745E+01	 1.210E+01	 0.000E+00	 2.746E+04	 4.180E+03	 4.367E+03	 5.000E+03	 4.309E+01
   22.0250	 2.000E+01	 1.745E+01	 1.210E+01	 0.000E+00	 2.746E+04	 4.180E+03	 4.373E+03	 5.000E+03	 4.309E+01
   22.0375	 2.000E+01	 1.745E+01	 1.210E+01	 0.000E+00	 2.747E+04	 4.180E+03	 4.379E+03	 5.000E+03	 4.309E+01
   22.0500	 2.000E+01	 1.745E+01	 1.210E+01	 0.000E+00	 2.747E+04	 4.180E+03	 4.386E+03	 5.000E+03	 4.309E+01
   22.0625	 2.000E+01	 1.745E+01	 1.210E+01	 0.000E+00	 2.747E+04	 4.180E+03	 4.392E+03	 5.000E+03	 4.309E+01
   22.0750	 2.000E+01	 1.745E+01	 1.210E+01	 0.000E+00	 2.747E+04	 4.180E+03	 4.398E+03	 5.000E+03	 4.309E+01
   22.0875	 2.000E+01	 1.745E+01	 1.210E+01	 0.000E+00	 2.747E+04	 4.180E+03	 4.404E+03	 5.000E+03	 4.309E+01
   22.1000	 2.000E+01	 1.745E+01	 1.210E+01	 0.000E+00	 2.747E+04	 4.180E+03	 4.410E+03	 5.000E+03	 4.309E+01
   22.1125	 2.000E+01	 1.745E+01	 1.210E+01	 0.000E+00	 2.747E+04	 4.180E+03	 4.416E+03	 5.000E+03	 4.309E+01
   22.1250	 2.000E+01	 1.745E+01	 1.210E+01	 0.000E+00	 2.747E+04	 4.180E+03	 4.422E+03	 5.000E+03	 4.309E+01
   22.1375	 2.000E+01	 1.745E+01	 1.210E+01	 0.000E+00	 2.747E+04	 4.180E+03	 4.428E+03	 5.000E+03	 4.309E+01
   22.1500	 2.000E+01	 1.745E+01	 1.210E+01	 0.000E+00	 2.747E+04	 4.180E+03	 4.434E+03	 5.000E+03	 4.309E+01
   22.1625	 2.000E+01	 1.745E+01	 1.210E+01	 0.000E+00	 2.747E+04	 4.180E+03	 4.439E+03	 5.000E+03	 4.309E+01
   22.1750	 2.000E+01	 1.745E+01	 1.210E+01	 0.000E+00	 2.747E+04	 4.180E+03	 4.445E+03	 5.000E+03	 4.309E+01
   22.1875	 2.000E+01	 1.745E+01	 1.210E+01	 0.000E+00	 2.747E+04	 4.180E+03	 4.451E+03	 5.000E+03	 4.309E+01
   22.2000	 2.000E+01	 1.745E+01	 1.210E+01	 0.000E+00	 2.747E+04	 4.180E+03	 4.456E+03	 5.000E+03	 4.309E+01
   22.2125	 2.000E+01	 1.745E+01	 1.210E+01	 0.000E+00	 2.747E+04	 4.180E+03	 4.462E+03	 5.000E+03	 4.309E+01
   22.2250	 2.000E+01	 1.745E+01	 1.210E+01	 0.000E+00	 2.748E+04	 4.180E+03	 4.467E+03	 5.000E+03	 4.309E+01
   22.2375	 2.000E+01	 1.745E+01	 1.210E+01	 0.000E+00	 2.748E+04	 4.180E+03	 4.473E+03	 5.000E+03	 4.309E+01
   22.2500	 2.000E+01	 1.745E+01	 1.210E+01	 0.000E+00	 2.748E+04	 4.180E+03	 4.478E+03	 5.000E+03	 4.309E+01
   22.2625	 2.000E+01	 1.745E+01	 1.210E+01	 0.000E+00	 2.748E+04	 4.180E+03	 4.483E+03	 5.000E+03	 4.309E+01
   22.2750	 2.000E+01	 1.745E+01	 1.210E+01	 0.000E+00	 2.748E+04	 4.180E+03	 4.488E+03	 5.000E+03	 4.309E+01
   22.2875	 2.000E+01	 1.745E+01	 1.210E+01	 0.000E+00	 2.748E+04	 4.180E+03	 4.493E+03	 5.000E+03	 4.309E+01
   22.3000	 2.000E+01	 1.745E+01	 1.210E+01	 0.000E+00	 2.748E+04	 4.180E+03	 4.498E+03	 5.000E+03	 4.309E+01
   22.3125	 2.000E+01	 1.745E+01	 1.210E+01	 0.000E+00	 2.748E+04	 4.180E+03	 4.503E+03	 5.000E+03	 4.309E+01
   22.3250	 2.000E+01	 1.745E+01	 1.210E+01	 0.000E+00	 2.748E+04	 4.180E+03	 4.508E+03	 5.000E+03	 4.309E+01
   22.3375	 2.000E+01	 1.745E+01	 1.210E+01	 0.000E+00	 2.748E+04	 4.180E+03	 4.513E+03	 5.000E+03	 4.309E+01
   22.3500	 2.000E+01	 1.745E+01	 1.210E+01	 0.000E+00	 2.748E+04	 4.180E+03	 4.517E+03	 5.000E+03	 4.309E+01
   22.3625	 2.000E+01	 1.745E+01	 1.210E+01	 0.000E+00	 2.748E+04	 4.180E+03	 4.522E+03	 5.000E+03	 4.309E+01
   22.3750	 2.000E+01	 1.745E+01	 1.210E+01	 0.000E+00	 2.748E+04	 4.180E+03	 4.526E+03	 5.000E+03	 4.309E+01
   22.3875	 2.000E+01	 1.745E+01	 1.210E+01	 0.000E+00	 2.748E+04	 4.180E+03	 4.531E+03	 5.000E+03	 4.309E+01
   22.4000	 2.000E+01	 1.745E+01	 1.210E+01	 0.000E+00	 2.748E+04	 4.180E+03	 4.535E+03	 5.000E+03	 4.309E+01
   22.4125	 2.000E+01	 1.745E+01	 1.210E+01	 0.000E+00	 2.748E+04	 4.180E+03	 4.539E+03	 5.000E+03	 4.309E+01
   22.4250	 2.000E+01	 1.745E+01	 1.210E+01	 0.000E+00	 2.749E+04	 4.180E+03	 4.544E+03	 5.000E+03	 4.309E+01
   22.4375	 2.000E+01	 1.745E+01	 1.210E+01	 0.000E+00	 2.749E+04	 4.180E+03	 4.548E+03	 5.000E+03	 4.309E+01
   22.4500	 2.000E+01	 1.745E+01	 1.210E+01	 0.000E+00	 2.749E+04	 4.180E+03	 4.552E+03	 5.000E+03	 4.309E+01
   22.4625	 2.000E+01	 1.745E+01	 1.210E+01	 0.000E+00	 2.749E+04	 4.180E+03	 4.556E+03	 5.000E+03	 4.309E+01
   22.4750	 2.000E+01	 1.745E+01	 1.210E+01	 0.000E+00	 2.749E+04	 4.180E+03	 4.559E+03	 5.000E+03	 4.309E+01
   22.4875	 2.000E+01	 1.745E+01	 1.210E+01	 0.000E+00	 2.749E+04	 4.180E+03	 4.563E+03	 5.000E+03	 4.309E+01
   22.5000	 2.000E+01	 1.745E+01	 1.210E+01	 0.000E+00	 2.749E+04	 4.180E+03	 4.567E+03	 5.000E+03	 4.309E+01
   22.5125	 2.000E+01	 1.745E+01	 1.210E+01	 0.000E+00	 2.749E+04	 4.180E+03	 4.570E+03	 5.000E+03	 4.309E+01
   22.5250	 2.000E+01	 1.745E+01	 1.210E+01	 0.000E+00	 2.749E+04	 4.180E+03	 4.574E+03	 5.000E+03	 4.309E+01
   22.5375	 2.000E+01	 1.745E+01	 1.210E+01	 0.000E+00	 2.749E+04	 4.180E+03	 4.577E+03	 5.000E+03	 4.309E+01
   22.5500	 2.000E+01	 1.745E+01	 1.210E+01	 0.000E+00	 2.749E+04	 4.180E+03	 4.580E+03	 5.000E+03	 4.309E+01
   22.5625	 2.000E+01	 1.745E+01	 1.210E+01	 0.000E+00	 2.749E+04	 4.180E+03	 4.583E+03	 5.000E+03	 4.309E+01
   22.5750	 2.000E+01	 1.745E+01	 1.210E+01	 0.000E+00	 2.749E+04	 4.180E+03	 4.586E+03	 5.000E+03	 4.309E+01
   22.5875	 2.000E+01	 1.745E+01	 1.210E+01	 0.000E+00	 2.749E+04	 4.180E+03	 4.589E+03	 5.000E+03	 4.309E+01
   22.6000	 2.000E+01	 1.745E+01	 1.210E+01	 0.000E+00	 2.749E+04	 4.180E+03	 4.592E+03	 5.000E+03	 4.309E+01
   22.6125	 2.000E+01	 1.745E+01	 1.210E+01	 0.000E+00	 2.749E+04	 4.180E+03	 4.595E+03	 5.000E+03	 4.309E+01
   22.6250	 2.000E+01	 1.745E+01	 1.210E+01	 0.000E+00	 2.749E+04	 4.180E+03	 4.598E+03	 5.000E+03	 4.309E+01
   22.6375	 2.000E+01	 1.745E+01	 1.210E+01	 0.000E+00	 2.749E+04	 4.180E+03	 4.600E+03	 5.000E+03	 4.309E+01
   22.6500	 2.000E+01	 1.745E+01	 1.210E+01	 0.000E+00	 2.749E+04	 4.180E+03	 4.603E+03	 5.000E+03	 4.309E+01
   22.6625	 2.000E+01	 1.745E+01	 1.210E+01	 0.000E+00	 2.749E+04	 4.180E+03	 4.605E+03	 5.000E+03	 4.309E+01
   22.6750	 2.000E+01	 1.745E+01	 1.210E+01	 0.000E+00	 2.749E+04	 4.180E+03	 4.608E+03	 5.000E+03	 4.309E+01
   22.6875	 2.000E+01	 1.745E+01	 1.210E+01	 0.000E+00	 2.749E+04	 4.180E+03	 4.610E+03	 5.000E+03	 4.309E+01
   22.7000	 2.000E+01	 1.745E+01	 1.210E+01	 0.000E+00	 2.749E+04	 4.180E+03	 4.612E+03	 5.000E+03	 4.309E+01
   22.7125	 2.000E+01	 1.745E+01	 1.210E+01	 0.000E+00	 2.749E+04	 4.180E+03	 4.614E+03	 5.000E+03	 4.309E+01
   22.7250	 2.000E+01	 1.745E+01	 1.210E+01	 0.000E+00	 2.749E+04	 4.180E+03	 4.616E+03	 5.000E+03	 4.309E+01
   22.7375	 2.000E+01	 1.745E+01	 1.210E+01	 0.000E+00	 2.749E+04	 4.180E+03	 4.618E+03	 5.000E+03	 4.309E+01
   22.7500	 2.000E+01	 1.745E+01	 1.210E+01	 0.000E+00	 2.749E+04	 4.180E+03	 4.620E+03	 5.000E+03	 4.309E+01
   22.7625	 2.000E+01	 1.745E+01	 1.210E+01	 0.000E+00	 2.749E+04	 4.180E+03	 4.621E+03	 5.000E+03	 4.309E+01
   22.7750	 2.000E+01	 1.745E+01	 1.210E+01	 0.000E+00	 2.749E+04	 4.180E+03	 4.623E+03	 5.000E+03	 4.309E+01
   22.7875	 2.000E+01	 1.745E+01	 1.210E+01	 0.000E+00	 2.749E+04	 4.180E+03	 4.624E+03	 5.000E+03	 4.309E+01
   22.8000	 2.000E+01	 1.745E+01	 1.210E+01	 0.000E+00	 2.749E+04	 4.180E+03	 4.626E+03	 5.000E+03	 4.309E+01
   22.8125	 2.000E+01	 1.745E+01	 1.210E+01	 0.000E+00	 2.749E+04	 4.180E+03	 4.627E+03	 5.000E+03	 4.309E+01
   22.8250	 2.000E+01	 1.745E+01	 1.210E+01	 0.000E+00	 2.749E+04	 4.180E+03	 4.628E+03	 5.000E+03	 4.309E+01
   22.8375	 2.000E+01	 1.745E+01	 1.210E+01	 0.000E+00	 2.749E+04	 4.180E+03	 4.629E+03	 5.000E+03	 4.309E+01
   22.8500	 2.000E+01	 1.745E+01	 1.210E+01	 0.000E+00	 2.749E+04	 4.180E+03	 4.630E+03	 5.000E+03	 4.309E+01
   22.8625	 2.000E+01	 1.745E+01	 1.210E+01	 0.000E+00	 2.748E+04	 4.180E+03	 4.631E+03	 5.000E+03	 4.309E+01
   22.8750	 2.000E+01	 1.745E+01	 1.210E+01	 0.000E+00	 2.748E+04	 4.180E+03	 4.632E+03	 5.000E+03	 4.309E+01
   22.8875	 2.000E+01	 1.745E+01	 1.210E+01	 0.000E+00	 2.748E+04	 4.180E+03	 4.633E+03	 5.000E+03	 4.309E+01
   22.9000	 2.000E+01	 1.745E+01	 1.210E+01	 0.000E+00	 2.748E+04	 4.180E+03	 4.633E+03	 5.000E+03	 4.309E+01
   22.9125	 2.000E+01	 1.745E+01	 1.210E+01	 0.000E+00	 2.748E+04	 4.180E+03	 4.634E+03	 5.000E+03	 4.309E+01
   22.9250	 2.000E+01	 1.745E+01	 1.210E+01	 0.000E+00	 2.748E+04	 4.180E+03	 4.634E+03	 5.000E+03	 4.309E+01
   22.9375	 2.000E+01	 1.745E+01	 1.210E+01	 0.000E+00	 2.748E+04	 4.180E+03	 4.634E+03	 5.000E+03	 4.309E+01
   22.9500	 2.000E+01	 1.745E+01	 1.210E+01	 0.000E+00	 2.748E+04	 4.180E+03	 4.635E+03	 5.000E+03	 4.309E+01
   22.9625	 2.000E+01	 1.745E+01	 1.210E+01	 0.000E+00	 2.748E+04	 4.180E+03	 4.635E+03	 5.000E+03	 4.309E+01
   22.9750	 2.000E+01	 1.745E+01	 1.210E+01	 0.000E+00	 2.748E+04	 4.180E+03	 4.635E+03	 5.000E+03	 4.309E+01
   22.9875	 2.000E+01	 1.745E+01	 1.210E+01	 0.000E+00	 2.748E+04	 4.180E+03	 4.635E+03	 5.000E+03	 4.309E+01
   23.0000	 2.000E+01	 1.745E+01	 1.210E+01	 0.000E+00	 2.748E+04	 4.180E+03	 4.635E+03	 5.000E+03	 4.309E+01
   23.0125	 2.000E+01	 1.745E+01	 1.210E+01	 0.000E+00	 2.748E+04	 4.180E+03	 4.634E+03	 5.000E+03	 4.309E+01
   23.0250	 2.000E+01	 1.745E+01	 1.210E+01	 0.000E+00	 2.748E+04	 4.180E+03	 4.634E+03	 5.000E+03	 4.309E+01
   23.0375	 2.000E+01	 1.745E+01	 1.210E+01	 0.000E+00	 2.748E+04	 4.180E+03	 4.633E+03	 5.000E+03	 4.309E+01
   23.0500	 2.000E+01	 1.745E+01	 1.210E+01	 0.000E+00	 2.748E+04	 4.180E+03	 4.633E+03	 5.000E+03	 4.309E+01
   23.0625	 2.000E+01	 1.745E+01	 1.210E+01	 0.000E+00	 2.748E+04	 4.180E+03	 4.632E+03	 5.000E+03	 4.309E+01
   23.0750	 2.000E+01	 1.745E+01	 1.210E+01	 0.000E+00	 2.748E+04	 4.180E+03	 4.631E+03	 5.000E+03	 4.309E+01
   23.0875	 2.000E+01	 1.745E+01	 1.210E+01	 0.000E+00	 2.748E+04	 4.180E+03	 4.631E+03	 5.000E+03	 4.309E+01
   23.1000	 2.000E+01	 1.745E+01	 1.210E+01	 0.000E+00	 2.747E+04	 4.180E+03	 4.630E+03	 5.000E+03	 4.309E+01
   23.1125	 2.000E+01	 1.745E+01	 1.210E+01	 0.000E+00	 2.747E+04	 4.180E+03	 4.629E+03	 5.000E+03	 4.309E+01
   23.1250	 2.000E+01	 1.745E+01	 1.210E+01	 0.000E+00	 2.747E+04	 4.180E+03	 4.627E+03	 5.000E+03	 4.309E+01
   23.1375	 2.000E+01	 1.745E+01	 1.210E+01	 0.000E+00	 2.747E+04	 4.180E+03	 4.626E+03	 5.000E+03	 4.309E+01
   23.1500	 2.000E+01	 1.745E+01	 1.210E+01	 0.000E+00	 2.747E+04	 4.180E+03	 4.625E+03	 5.000E+03	 4.309E+01
   23.1625	 2.000E+01	 1.745E+01	 1.210E+01	 0.000E+00	 2.747E+04	 4.180E+03	 4.623E+03	 5.000E+03	 4.309E+01
   23.1750	 2.000E+01	 1.745E+01	 1.210E+01	 0.000E+00	 2.747E+04	 4.180E+03	 4.622E+03	 5.000E+03	 4.309E+01
   23.1875	 2.000E+01	 1.745E+01	 1.210E+01	 0.000E+00	 2.747E+04	 4.180E+03	 4.620E+03	 5.000E+03	 4.309E+01
   23.2000	 2.000E+01	 1.745E+01	 1.210E+01	 0.000E+00	 2.747E+04	 4.180E+03	 4.619E+03	 5.000E+03	 4.309E+01
   23.2125	 2.000E+01	 1.745E+01	 1.210E+01	 0.000E+00	 2.747E+04	 4.180E+03	 4.617E+03	 5.000E+03	 4.309E+01
   23.2250	 2.000E+01	 1.745E+01	 1.210E+01	 0.000E+00	 2.747E+04	 4.180E+03	 4.615E+03	 5.000E+03	 4.309E+01
   23.2375	 2.000E+01	 1.745E+01	 1.210E+01	 0.000E+00	 2.747E+04	 4.180E+03	 4.613E+03	 5.000E+03	 4.309E+01
   23.2500	 2.000E+01	 1.745E+01	 1.210E+01	 0.000E+00	 2.747E+04	 4.180E+03	 4.611E+03	 5.000E+03	 4.309E+01
   23.2625	 2.000E+01	 1.745E+01	 1.210E+01	 0.000E+00	 2.747E+04	 4.180E+03	 4.609E+03	 5.000E+03	 4.309E+01
   23.2750	 2.000E+01	 1.745E+01	 1.210E+01	 0.000E+00	 2.747E+04	 4.180E+03	 4.606E+03	 5.000E+03	 4.309E+01
   23.2875	 2.000E+01	 1.745E+01	 1.210E+01	 0.000E+00	 2.746E+04	 4.180E+03	 4.604E+03	 5.000E+03	 4.309E+01
   23.3000	 2.000E+01	 1.745E+01	 1.210E+01	 0.000E+00	 2.746E+04	 4.180E+03	 4.602E+03	 5.000E+03	 4.309E+01
   23.3125	 2.000E+01	 1.745E+01	 1.210E+01	 0.000E+00	 2.746E+04	 4.180E+03	 4.599E+03	 5.000E+03	 4.309E+01
   23.3250	 2.000E+01	 1.745E+01	 1.210E+01	 0.000E+00	 2.746E+04	 4.180E+03	 4.597E+03	 5.000E+03	 4.309E+01
   23.3375	 2.000E+01	 1.745E+01	 1.210E+01	 0.000E+00	 2.746E+04	 4.180E+03	 4.594E+03	 5.000E+03	 4.309E+01
   23.3500	 2.000E+01	 1.745E+01	 1.210E+01	 0.000E+00	 2.746E+04	 4.180E+03	 4.591E+03	 5.000E+03	 4.309E+01
   23.3625	 2.000E+01	 1.745E+01	 1.210E+01	 0.000E+00	 2.746E+04	 4.180E+03	 4.588E+03	 5.000E+03	 4.309E+01
   23.3750	 2.000E+01	 1.745E+01	 1.210E+01	 0.000E+00	 2.746E+04	 4.180E+03	 4.585E+03	 5.000E+03	 4.309E+01
   23.3875	 2.000E+01	 1.745E+01	 1.210E+01	 0.000E+00	 2.746E+04	 4.180E+03	 4.582E+03	 5.000E+03	 4.309E+01
   23.4000	 2.000E+01	 1.745E+01	 1.210E+01	 0.000E+00	 2.746E+04	 4.180E+03	 4.579E+03	 5.000E+03	 4.309E+01
   23.4125	 2.000E+01	 1.745E+01	 1.210E+01	 0.000E+00	 2.746E+04	 4.180E+03	 4.576E+03	 5.000E+03	 4.309E+01
   23.4250	 2.000E+01	 1.745E+01	 1.210E+01	 0.000E+00	 2.746E+04	 4.180E+03	 4.573E+03	 5.000E+03	 4.309E+01
   23.4375	 2.000E+01	 1.745E+01	 1.210E+01	 0.000E+00	 2.746E+04	 4.180E+03	 4.570E+03	 5.000E+03	 4.309E+01
   23.4500	 2.000E+01	 1.745E+01	 1.210E+01	 0.000E+00	 2.746E+04	 4.180E+03	 4.566E+03	 5.000E+03	 4.309E+01
   23.4625	 2.000E+01	 1.745E+01	 1.210E+01	 0.000E+00	 2.746E+04	 4.180E+03	 4.563E+03	 5.000E+03	 4.309E+01
   23.4750	 2.000E+01	 1.745E+01	 1.210E+01	 0.000E+00	 2.746E+04	 4.180E+03	 4.559E+03	 5.000E+03	 4.309E+01
   23.4875	 2.000E+01	 1.745E+01	 1.210E+01	 0.000E+00	 2.746E+04	 4.180E+03	 4.555E+03	 5.000E+03	 4.309E+01
   23.5000	 2.000E+01	 1.745E+01	 1.210E+01	 0.000E+00	 2.746E+04	 4.180E+03	 4.552E+03	 5.000E+03	 4.309E+01
   23.5125	 2.000E+01	 1.745E+01	 1.210E+01	 0.000E+00	 2.746E+04	 4.180E+03	 4.548E+03	 5.000E+03	 4.309E+01
   23.5250	 2.000E+01	 1.745E+01	 1.210E+01	 0.000E+00	 2.746E+04	 4.180E+03	 4.544E+03	 5.000E+03	 4.309E+01
   23.5375	 2.000E+01	 1.745E+01	 1.210E+01	 0.000E+00	 2.746E+04	 4.180E+03	 4.540E+03	 5.000E+03	 4.309E+01
   23.5500	 2.000E+01	 1.745E+01	 1.210E+01	 0.000E+00	 2.746E+04	 4.180E+03	 4.536E+03	 5.000E+03	 4.309E+01
   23.5625	 2.000E+01	 1.745E+01	 1.210E+01	 0.000E+00	 2.746E+04	 4.180E+03	 4.532E+03	 5.000E+03	 4.309E+01
   23.5750	 2.000E+01	 1.745E+01	 1.210E+01	 0.000E+00	 2.746E+04	 4.180E+03	 4.528E+03	 5.000E+03	 4.309E+01
   23.5875	 2.000E+01	 1.745E+01	 1.210E+01	 0.000E+00	 2.746E+04	 4.180E+03	 4.524E+03	 5.000E+03	 4.309E+01
   23.6000	 2.000E+01	 1.745E+01	 1.210E+01	 0.000E+00	 2.746E+04	 4.180E+03	 4.519E+03	 5.000E+03	 4.309E+01
   23.6125	 2.000E+01	 1.745E+01	 1.210E+01	 0.000E+00	 2.746E+04	 4.180E+03	 4.515E+03	 5.000E+03	 4.309E+01
   23.6250	 2.000E+01	 1.745E+01	 1.210E+01	 0.000E+00	 2.746E+04	 4.180E+03	 4.511E+03	 5.000E+03	 4.309E+01
   23.6375	 2.000E+01	 1.745E+01	 1.210E+01	 0.000E+00	 2.746E+04	 4.180E+03	 4.506E+03	 5.000E+03	 4.309E+01
   23.6500	 2.000E+01	 1.745E+01	 1.210E+01	 0.000E+00	 2.746E+04	 4.180E+03	 4.501E+03	 5.000E+03	 4.309E+01
   23.6625	 2.000E+01	 1.745E+01	 1.210E+01	 0.000E+00	 2.746E+04	 4.180E+03	 4.497E+03	 5.000E+03	 4.309E+01
   23.6750	 2.000E+01	 1.745E+01	 1.210E+01	 0.000E+00	 2.746E+04	 4.180E+03	 4.492E+03	 5.000E+03	 4.309E+01
   23.6875	 2.000E+01	 1.745E+01	 1.210E+01	 0.000E+00	 2.746E+04	 4.180E+03	 4.487E+03	 5.000E+03	 4.309E+01
   23.7000	 2.000E+01	 1.745E+01	 1.210E+01	 0.000E+00	 2.746E+04	 4.180E+03	 4.482E+03	 5.000E+03	 4.309E+01
   23.7125	 2.000E+01	 1.745E+01	 1.210E+01	 0.000E+00	 2.746E+04	 4.180E+03	 4.477E+03	 5.000E+03	 4.309E+01
   23.7250	 2.000E+01	 1.745E+01	 1.210E+01	 0.000E+00	 2.746E+04	 4.180E+03	 4.473E+03	 5.000E+03	 4.309E+01
   23.7375	 2.000E+01	 1.745E+01	 1.210E+01	 0.000E+00	 2.747E+04	 4.180E+03	 4.468E+03	 5.000E+03	 4.309E+01
   23.7500	 2.000E+01	 1.745E+01	 1.210E+01	 0.000E+00	 2.747E+04	 4.180E+03	 4.462E+03	 5.000E+03	 4.309E+01
   23.7625	 2.000E+01	 1.745E+01	 1.210E+01	 0.000E+00	 2.747E+04	 4.180E+03	 4.457E+03	 5.000E+03	 4.309E+01
   23.7750	 2.000E+01	 1.745E+01	 1.210E+01	 0.000E+00	 2.747E+04	 4.180E+03	 4.452E+03	 5.000E+03	 4.309E+01
   23.7875	 2.000E+01	 1.745E+01	 1.210E+01	 0.000E+00	 2.747E+04	 4.180E+03	 4.447E+03	 5.000E+03	 4.309E+01
   23.8000	 2.000E+01	 1.745E+01	 1.210E+01	 0.000E+00	 2.747E+04	 4.180E+03	 4.442E+03	 5.000E+03	 4.309E+01
   23.8125	 2.000E+01	 1.745E+01	 1.210E+01	 0.000E+00	 2.747E+04	 4.180E+03	 4.436E+03	 5.000E+03	 4.309E+01
   23.8250	 2.000E+01	 1.745E+01	 1.210E+01	 0.000E+00	 2.747E+04	 4.180E+03	 4.431E+03	 5.000E+03	 4.309E+01
   23.8375	 2.000E+01	 1.745E+01	 1.210E+01	 0.000E+00	 2.747E+04	 4.180E+03	 4.425E+03	 5.000E+03	 4.309E+01
   23.8500	 2.000E+01	 1.745E+01	 1.210E+01	 0.000E+00	 2.747E+04	 4.180E+03	 4.420E+03	 5.000E+03	 4.309E+01
   23.8625	 2.000E+01	 1.745E+01	 1.210E+01	 0.000E+00	 2.747E+04	 4.180E+03	 4.414E+03	 5.000E+03	 4.309E+01
   23.8750	 2.000E+01	 1.745E+01	 1.210E+01	 0.000E+00	 2.747E+04	 4.180E+03	 4.409E+03	 5.000E+03	 4.309E+01
   23.8875	 2.000E+01	 1.745E+01	 1.210E+01	 0.000E+00	 2.747E+04	 4.180E+03	 4.403E+03	 5.000E+03	 4.309E+01
   23.9000	 2.000E+01	 1.745E+01	 1.210E+01	 0.000E+00	 2.748E+04	 4.180E+03	 4.398E+03	 5.000E+03	 4.309E+01
   23.9125	 2.000E+01	 1.745E+01	 1.210E+01	 0.000E+00	 2.748E+04	 4.180E+03	 4.392E+03	 5.000E+03	 4.309E+01
   23.9250	 2.000E+01	 1.745E+01	 1.210E+01	 0.000E+00	 2.748E+04	 4.180E+03	 4.386E+03	 5.000E+03	 4.309E+01
   23.9375	 2.000E+01	 1.745E+01	 1.210E+01	 0.000E+00	 2.748E+04	 4.180E+03	 4.380E+03	 5.000E+03	 4.309E+01
   23.9500	 2.000E+01	 1.745E+01	 1.210E+01	 0.000E+00	 2.748E+04	 4.180E+03	 4.374E+03	 5.000E+03	 4.309E+01
   23.9625	 2.000E+01	 1.745E+01	 1.210E+01	 0.000E+00	 2.748E+04	 4.180E+03	 4.368E+03	 5.000E+03	 4.309E+01
   23.9750	 2.000E+01	 1.745E+01	 1.210E+01	 0.000E+00	 2.748E+04	 4.180E+03	 4.363E+03	 5.000E+03	 4.309E+01
   23.9875	 2.000E+01	 1.745E+01	 1.210E+01	 0.000E+00	 2.748E+04	 4.180E+03	 4.357E+03	 5.000E+03	 4.309E+01
   24.0000	 2.000E+01	 1.745E+01	 1.210E+01	 0.000E+00	 2.748E+04	 4.180E+03	 4.351E+03	 5.000E+03	 4.309E+01
   24.0125	 2.000E+01	 1.745E+01	 1.210E+01	 0.000E+00	 2.748E+04	 4.180E+03	 4.345E+03	 5.000E+03	 4.309E+01
   24.0250	 2.000E+01	 1.745E+01	 1.210E+01	 0.000E+00	 2.748E+04	 4.180E+03	 4.338E+03	 5.000E+03	 4.309E+01
   24.0375	 2.000E+01	 1.745E+01	 1.210E+01	 0.000E+00	 2.748E+04	 4.180E+03	 4.332E+03	 5.000E+03	 4.309E+01
   24.0500	 2.000E+01	 1.745E+01	 1.210E+01	 0.000E+00	 2.748E+04	 4.180E+03	 4.326E+03	 5.000E+03	 4.309E+01
   24.0625	 2.000E+01	 1.745E+01	 1.210E+01	 0.000E+00	 2.748E+04	 4.180E+03	 4.320E+03	 5.000E+03	 4.309E+01
   24.0750	 2.000E+01	 1.745E+01	 1.210E+01	 0.000E+00	 2.748E+04	 4.180E+03	 4.314E+03	 5.000E+03	 4.309E+01
   24.0875	 2.000E+01	 1.745E+01	 1.210E+01	 0.000E+00	 2.748E+04	 4.180E+03	 4.308E+03	 5.000E+03	 4.309E+01
   24.1000	 2.000E+01	 1.745E+01	 1.210E+01	 0.000E+00	 2.749E+04	 4.180E+03	 4.302E+03	 5.000E+03	 4.309E+01
   24.1125	 2.000E+01	 1.745E+01	 1.210E+01	 0.000E+00	 2.749E+04	 4.180E+03	 4.295E+03	 5.000E+03	 4.309E+01
   24.1250	 2.000E+01	 1.745E+01	 1.210E+01	 0.000E+00	 2.749E+04	 4.180E+03	 4.289E+03	 5.000E+03	 4.309E+01
   24.1375	 2.000E+01	 1.745E+01	 1.210E+01	 0.000E+00	 2.749E+04	 4.180E+03	 4.283E+03	 5.000E+03	 4.309E+01
   24.1500	 2.000E+01	 1.745E+01	 1.210E+01	 0.000E+00	 2.749E+04	 4.180E+03	 4.276E+03	 5.000E+03	 4.309E+01
   24.1625	 2.000E+01	 1.745E+01	 1.210E+01	 0.000E+00	 2.749E+04	 4.180E+03	 4.270E+03	 5.000E+03	 4.309E+01
   24.1750	 2.000E+01	 1.745E+01	 1.210E+01	 0.000E+00	 2.749E+04	 4.180E+03	 4.264E+03	 5.000E+03	 4.309E+01
   24.1875	 2.000E+01	 1.745E+01	 1.210E+01	 0.000E+00	 2.749E+04	 4.180E+03	 4.257E+03	 5.000E+03	 4.309E+01
   24.2000	 2.000E+01	 1.745E+01	 1.210E+01	 0.000E+00	 2.749E+04	 4.180E+03	 4.251E+03	 5.000E+03	 4.309E+01
   24.2125	 2.000E+01	 1.745E+01	 1.210E+01	 0.000E+00	 2.749E+04	 4.180E+03	 4.245E+03	 5.000E+03	 4.309E+01
   24.2250	 2.000E+01	 1.745E+01	 1.210E+01	 0.000E+00	 2.749E+04	 4.180E+03	 4.238E+03	 5.000E+03	 4.309E+01
   24.2375	 2.000E+01	 1.745E+01	 1.210E+01	 0.000E+00	 2.749E+04	 4.180E+03	 4.232E+03	 5.000E+03	 4.309E+01
   24.2500	 2.000E+01	 1.745E+01	 1.210E+01	 0.000E+00	 2.749E+04	 4.180E+03	 4.225E+03	 5.000E+03	 4.309E+01
   24.2625	 2.000E+01	 1.745E+01	 1.210E+01	 0.000E+00	 2.749E+04	 4.180E+03	 4.219E+03	 5.000E+03	 4.309E+01
   24.2750	 2.000E+01	 1.745E+01	 1.210E+01	 0.000E+00	 2.749E+04	 4.180E+03	 4.212E+03	 5.000E+03	 4.309E+01
   24.2875	 2.000E+01	 1.745E+01	 1.210E+01	 0.000E+00	 2.749E+04	 4.180E+03	 4.206E+03	 5.000E+03	 4.309E+01
   24.3000	 2.000E+01	 1.745E+01	 1.210E+01	 0.000E+00	 2.749E+04	 4.180E+03	 4.199E+03	 5.000E+03	 4.309E+01
   24.3125	 2.000E+01	 1.745E+01	 1.210E+01	 0.000E+00	 2.749E+04	 4.180E+03	 4.193E+03	 5.000E+03	 4.309E+01
   24.3250	 2.000E+01	 1.745E+01	 1.210E+01	 0.000E+00	 2.749E+04	 4.180E+03	 4.186E+03	 5.000E+03	 4.309E+01
   24.3375	 2.000E+01	 1.745E+01	 1.210E+01	 0.000E+00	 2.749E+04	 4.180E+03	 4.180E+03	 5.000E+03	 4.309E+01
   24.3500	 2.000E+01	 1.745E+01	 1.210E+01	 0.000E+00	 2.749E+04	 4.180E+03	 4.173E+03	 5.000E+03	 4.309E+01
   24.3625	 2.000E+01	 1.745E+01	 1.210E+01	 0.000E+00	 2.749E+04	 4.180E+03	 4.167E+03	 5.000E+03	 4.309E+01
   24.3750	 2.000E+01	 1.745E+01	 1.210E+01	 0.000E+00	 2.749E+04	 4.180E+03	 4.161E+03	 5.000E+03	 4.309E+01
   24.3875	 2.000E+01	 1.745E+01	 1.210E+01	 0.000E+00	 2.749E+04	 4.180E+03	 4.154E+03	 5.000E+03	 4.309E+01
   24.4000	 2.000E+01	 1.745E+01	 1.210E+01	 0.000E+00	 2.749E+04	 4.180E+03	 4.148E+03	 5.000E+03	 4.309E+01
   24.4125	 2.000E+01	 1.745E+01	 1.210E+01	 0.000E+00	 2.749E+04	 4.180E+03	 4.141E+03	 5.000E+03	 4.309E+01
   24.4250	 2.000E+01	 1.745E+01	 1.210E+01	 0.000E+00	 2.749E+04	 4.180E+03	 4.135E+03	 5.000E+03	 4.309E+01
   24.4375	 2.000E+01	 1.745E+01	 1.210E+01	 0.000E+00	 2.749E+04	 4.180E+03	 4.128E+03	 5.000E+03	 4.309E+01
   24.4500	 2.000E+01	 1.745E+01	 1.210E+01	 0.000E+00	 2.749E+04	 4.180E+03	 4.122E+03	 5.000E+03	 4.309E+01
   24.4625	 2.000E+01	 1.745E+01	 1.210E+01	 0.000E+00	 2.749E+04	 4.180E+03	 4.115E+03	 5.000E+03	 4.309E+01
   24.4750	 2.000E+01	 1.745E+01	 1.210E+01	 0.000E+00	 2.749E+04	 4.180E+03	 4.109E+03	 5.000E+03	 4.309E+01
   24.4875	 2.000E+01	 1.745E+01	 1.210E+01	 0.000E+00	 2.749E+04	 4.180E+03	 4.103E+03	 5.000E+03	 4.309E+01
   24.5000	 2.000E+01	 1.745E+01	 1.210E+01	 0.000E+00	 2.748E+04	 4.180E+03	 4.096E+03	 5.000E+03	 4.309E+01
   24.5125	 2.000E+01	 1.745E+01	 1.210E+01	 0.000E+00	 2.748E+04	 4.180E+03	 4.090E+03	 5.000E+03	 4.309E+01
   24.5250	 2.000E+01	 1.745E+01	 1.210E+01	 0.000E+00	 2.748E+04	 4.180E+03	 4.084E+03	 5.000E+03	 4.309E+01
   24.5375	 2.000E+01	 1.745E+01	 1.210E+01	 0.000E+00	 2.748E+04	 4.180E+03	 4.078E+03	 5.000E+03	 4.309E+01
   24.5500	 2.000E+01	 1.745E+01	 1.210E+01	 0.000E+00	 2.748E+04	 4.180E+03	 4.072E+03	 5.000E+03	 4.309E+01
   24.5625	 2.000E+01	 1.745E+01	 1.210E+01	 0.000E+00	 2.748E+04	 4.180E+03	 4.065E+03	 5.000E+03	 4.309E+01
   24.5750	 2.000E+01	 1.745E+01	 1.210E+01	 0.000E+00	 2.748E+04	 4.180E+03	 4.059E+03	 5.000E+03	 4.309E+01
   24.5875	 2.000E+01	 1.745E+01	 1.210E+01	 0.000E+00	 2.748E+04	 4.180E+03	 4.053E+03	 5.000E+03	 4.309E+01
   24.6000	 2.000E+01	 1.745E+01	 1.210E+01	 0.000E+00	 2.748E+04	 4.180E+03	 4.047E+03	 5.000E+03	 4.309E+01
   24.6125	 2.000E+01	 1.745E+01	 1.210E+01	 0.000E+00	 2.748E+04	 4.180E+03	 4.041E+03	 5.000E+03	 4.309E+01
   24.6250	 2.000E+01	 1.745E+01	 1.210E+01	 0.000E+00	 2.748E+04	 4.180E+03	 4.035E+03	 5.000E+03	 4.309E+01
   24.6375	 2.000E+01	 1.745E+01	 1.210E+01	 0.000E+00	 2.748E+04	 4.180E+03	 4.030E+03	 5.000E+03	 4.309E+01
   24.6500	 2.000E+01	 1.745E+01	 1.210E+01	 0.000E+00	 2.748E+04	 4.180E+03	 4.024E+03	 5.000E+03	 4.309E+01
   24.6625	 2.000E+01	 1.745E+01	 1.210E+01	 0.000E+00	 2.748E+04	 4.180E+03	 4.018E+03	 5.000E+03	 4.309E+01
   24.6750	 2.000E+01	 1.745E+01	 1.210E+01	 0.000E+00	 2.748E+04	 4.180E+03	 4.012E+03	 5.000E+03	 4.309E+01
   24.6875	 2.000E+01	 1.745E+01	 1.210E+01	 0.000E+00	 2.748E+04	 4.180E+03	 4.006E+03	 5.000E+03	 4.309E+01
   24.7000	 2.000E+01	 1.745E+01	 1.210E+01	 0.000E+00	 2.748E+04	 4.180E+03	 4.001E+03	 5.000E+03	 4.309E+01
   24.7125	 2.000E+01	 1.745E+01	 1.210E+01	 0.000E+00	 2.748E+04	 4.180E+03	 3.995E+03	 5.000E+03	 4.309E+01
   24.7250	 2.000E+01	 1.745E+01	 1.210E+01	 0.000E+00	 2.747E+04	 4.180E+03	 3.990E+03	 5.000E+03	 4.309E+01
   24.7375	 2.000E+01	 1.745E+01	 1.210E+01	 0.000E+00	 2.747E+04	 4.180E+03	 3.984E+03	 5.000E+03	 4.309E+01
   24.7500	 2.000E+01	 1.745E+01	 1.210E+01	 0.000E+00	 2.747E+04	 4.180E+03	 3.979E+03	 5.000E+03	 4.309E+01
   24.7625	 2.000E+01	 1.745E+01	 1.210E+01	 0.000E+00	 2.747E+04	 4.180E+03	 3.973E+03	 5.000E+03	 4.309E+01
   24.7750	 2.000E+01	 1.745E+01	 1.210E+01	 0.000E+00	 2.747E+04	 4.180E+03	 3.968E+03	 5.000E+03	 4.309E+01
   24.7875	 2.000E+01	 1.745E+01	 1.210E+01	 0.000E+00	 2.747E+04	 4.180E+03	 3.963E+03	 5.000E+03	 4.309E+01
   24.8000	 2.000E+01	 1.745E+01	 1.210E+01	 0.000E+00	 2.747E+04	 4.180E+03	 3.958E+03	 5.000E+03	 4.309E+01
   24.8125	 2.000E+01	 1.745E+01	 1.210E+01	 0.000E+00	 2.747E+04	 4.180E+03	 3.953E+03	 5.000E+03	 4.309E+01
   24.8250	 2.000E+01	 1.745E+01	 1.210E+01	 0.000E+00	 2.747E+04	 4.180E+03	 3.947E+03	 5.000E+03	 4.309E+01
   24.8375	 2.000E+01	 1.745E+01	 1.210E+01	 0.000E+00	 2.747E+04	 4.180E+03	 3.942E+03	 5.000E+03	 4.309E+01
   24.8500	 2.000E+01	 1.745E+01	 1.210E+01	 0.000E+00	 2.747E+04	 4.180E+03	 3.938E+03	 5.000E+03	 4.309E+01
   24.8625	 2.000E+01	 1.745E+01	 1.210E+01	 0.000E+00	 2.747E+04	 4.180E+03	 3.933E+03	 5.000E+03	 4.309E+01
   24.8750	 2.000E+01	 1.745E+01	 1.210E+01	 0.000E+00	 2.747E+04	 4.180E+03	 3.928E+03	 5.000E+03	 4.309E+01
   24.8875	 2.000E+01	 1.745E+01	 1.210E+01	 0.000E+00	 2.747E+04	 4.180E+03	 3.923E+03	 5.000E+03	 4.309E+01
   24.9000	 2.000E+01	 1.745E+01	 1.210E+01	 0.000E+00	 2.747E+04	 4.180E+03	 3.918E+03	 5.000E+03	 4.309E+01
   24.9125	 2.000E+01	 1.745E+01	 1.210E+01	 0.000E+00	 2.747E+04	 4.180E+03	 3.914E+03	 5.000E+03	 4.309E+01
   24.9250	 2.000E+01	 1.745E+01	 1.210E+01	 0.000E+00	 2.747E+04	 4.180E+03	 3.909E+03	 5.000E+03	 4.309E+01
   24.9375	 2.000E+01	 1.745E+01	 1.210E+01	 0.000E+00	 2.746E+04	 4.180E+03	 3.904E+03	 5.000E+03	 4.309E+01
   24.9500	 2.000E+01	 1.745E+01	 1.210E+01	 0.000E+00	 2.746E+04	 4.180E+03	 3.900E+03	 5.000E+03	 4.309E+01
   24.9625	 2.000E+01	 1.745E+01	 1.210E+01	 0.000E+00	 2.746E+04	 4.180E+03	 3.896E+03	 5.000E+03	 4.309E+01
   24.9750	 2.000E+01	 1.745E+01	 1.210E+01	 0.000E+00	 2.746E+04	 4.180E+03	 3.892E+03	 5.000E+03	 4.309E+01
   24.9875	 2.000E+01	 1.745E+01	 1.210E+01	 0.000E+00	 2.746E+04	 4.180E+03	 3.887E+03	 5.000E+03	 4.309E+01
   25.0000	 2.000E+01	 1.745E+01	 1.210E+01	 0.000E+00	 2.746E+04	 4.180E+03	 3.883E+03	 5.000E+03	 4.309E+01
   25.0125	 2.000E+01	 1.745E+01	 1.210E+01	 0.000E+00	 2.746E+04	 4.180E+03	 3.880E+03	 5.000E+03	 4.309E+01
   25.0250	 2.000E+01	 1.745E+01	 1.210E+01	 0.000E+00	 2.746E+04	 4.180E+03	 3.876E+03	 5.000E+03	 4.309E+01
   25.0375	 2.000E+01	 1.745E+01	 1.210E+01	 0.000E+00	 2.746E+04	 4.180E+03	 3.872E+03	 5.000E+03	 4.309E+01
   25.0500	 2.000E+01	 1.745E+01	 1.210E+01	 0.000E+00	 2.746E+04	 4.180E+03	 3.868E+03	 5.000E+03	 4.309E+01
   25.0625	 2.000E+01	 1.745E+01	 1.210E+01	 0.000E+00	 2.746E+04	 4.180E+03	 3.865E+03	 5.000E+03	 4.309E+01
   25.0750	 2.000E+01	 1.745E+01	 1.210E+01	 0.000E+00	 2.746E+04	 4.180E+03	 3.861E+03	 5.000E+03	 4.309E+01
   25.0875	 2.000E+01	 1.745E+01	 1.210E+01	 0.000E+00	 2.746E+04	 4.180E+03	 3.858E+03	 5.000E+03	 4.309E+01
   25.1000	 2.000E+01	 1.745E+01	 1.210E+01	 0.000E+00	 2.746E+04	 4.180E+03	 3.855E+03	 5.000E+03	 4.309E+01
   25.1125	 2.000E+01	 1.745E+01	 1.210E+01	 0.000E+00	 2.746E+04	 4.180E+03	 3.851E+03	 5.000E+03	 4.309E+01
   25.1250	 2.000E+01	 1.745E+01	 1.210E+01	 0.000E+00	 2.746E+04	 4.180E+03	 3.848E+03	 5.000E+03	 4.309E+01
   25.1375	 2.000E+01	 1.745E+01	 1.210E+01	 0.000E+00	 2.746E+04	 4.180E+03	 3.845E+03	 5.000E+03	 4.309E+01
   25.1500	 2.000E+01	 1.745E+01	 1.210E+01	 0.000E+00	 2.746E+04	 4.180E+03	 3.842E+03	 5.000E+03	 4.309E+01
   25.1625	 2.000E+01	 1.745E+01	 1.210E+01	 0.000E+00	 2.746E+04	 4.180E+03	 3.839E+03	 5.000E+03	 4.309E+01
   25.1750	 2.000E+01	 1.745E+01	 1.210E+01	 0.000E+00	 2.746E+04	 4.180E+03	 3.837E+03	 5.000E+03	 4.309E+01
   25.1875	 2.000E+01	 1.745E+01	 1.210E+01	 0.000E+00	 2.746E+04	 4.180E+03	 3.834E+03	 5.000E+03	 4.309E+01
   25.2000	 2.000E+01	 1.745E+01	 1.210E+01	 0.000E+00	 2.746E+04	 4.180E+03	 3.831E+03	 5.000E+03	 4.309E+01
   25.2125	 2.000E+01	 1.745E+01	 1.210E+01	 0.000E+00	 2.746E+04	 4.180E+03	 3.829E+03	 5.000E+03	 4.309E+01
   25.2250	 2.000E+01	 1.745E+01	 1.210E+01	 0.000E+00	 2.746E+04	 4.180E+03	 3.827E+03	 5.000E+03	 4.309E+01
   25.2375	 2.000E+01	 1.745E+01	 1.210E+01	 0.000E+00	 2.746E+04	 4.180E+03	 3.824E+03	 5.000E+03	 4.309E+01
   25.2500	 2.000E+01	 1.745E+01	 1.210E+01	 0.000E+00	 2.746E+04	 4.180E+03	 3.822E+03	 5.000E+03	 4.309E+01
   25.2625	 2.000E+01	 1.745E+01	 1.210E+01	 0.000E+00	 2.746E+04	 4.180E+03	 3.820E+03	 5.000E+03	 4.309E+01
   25.2750	 2.000E+01	 1.745E+01	 1.210E+01	 0.000E+00	 2.746E+04	 4.180E+03	 3.818E+03	 5.000E+03	 4.309E+01
   25.2875	 2.000E+01	 1.745E+01	 1.210E+01	 0.000E+00	 2.746E+04	 4.180E+03	 3.816E+03	 5.000E+03	 4.309E+01
   25.3000	 2.000E+01	 1.745E+01	 1.210E+01	 0.000E+00	 2.746E+04	 4.180E+03	 3.814E+03	 5.000E+03	 4.309E+01
   25.3125	 2.000E+01	 1.745E+01	 1.210E+01	 0.000E+00	 2.746E+04	 4.180E+03	 3.813E+03	 5.000E+03	 4.309E+01
   25.3250	 2.000E+01	 1.745E+01	 1.210E+01	 0.000E+00	 2.746E+04	 4.180E+03	 3.811E+03	 5.000E+03	 4.309E+01
   25.3375	 2.000E+01	 1.745E+01	 1.210E+01	 0.000E+00	 2.746E+04	 4.180E+03	 3.810E+03	 5.000E+03	 4.309E+01
   25.3500	 2.000E+01	 1.745E+01	 1.210E+01	 0.000E+00	 2.746E+04	 4.180E+03	 3.808E+03	 5.000E+03	 4.309E+01
   25.3625	 2.000E+01	 1.745E+01	 1.210E+01	 0.000E+00	 2.746E+04	 4.180E+03	 3.807E+03	 5.000E+03	 4.309E+01
   25.3750	 2.000E+01	 1.745E+01	 1.210E+01	 0.000E+00	 2.746E+04	 4.180E+03	 3.806E+03	 5.000E+03	 4.309E+01
   25.3875	 2.000E+01	 1.745E+01	 1.210E+01	 0.000E+00	 2.746E+04	 4.180E+03	 3.805E+03	 5.000E+03	 4.309E+01
   25.4000	 2.000E+01	 1.745E+01	 1.210E+01	 0.000E+00	 2.747E+04	 4.180E+03	 3.804E+03	 5.000E+03	 4.309E+01
   25.4125	 2.000E+01	 1.745E+01	 1.210E+01	 0.000E+00	 2.747E+04	 4.180E+03	 3.803E+03	 5.000E+03	 4.309E+01
   25.4250	 2.000E+01	 1.745E+01	 1.210E+01	 0.000E+00	 2.747E+04	 4.180E+03	 3.803E+03	 5.000E+03	 4.309E+01
   25.4375	 2.000E+01	 1.745E+01	 1.210E+01	 0.000E+00	 2.747E+04	 4.180E+03	 3.802E+03	 5.000E+03	 4.309E+01
   25.4500	 2.000E+01	 1.745E+01	 1.210E+01	 0.000E+00	 2.747E+04	 4.180E+03	 3.802E+03	 5.000E+03	 4.309E+01
   25.4625	 2.000E+01	 1.745E+01	 1.210E+01	 0.000E+00	 2.747E+04	 4.180E+03	 3.801E+03	 5.000E+03	 4.309E+01
   25.4750	 2.000E+01	 1.745E+01	 1.210E+01	 0.000E+00	 2.747E+04	 4.180E+03	 3.801E+03	 5.000E+03	 4.309E+01
   25.4875	 2.000E+01	 1.745E+01	 1.210E+01	 0.000E+00	 2.747E+04	 4.180E+03	 3.801E+03	 5.000E+03	 4.309E+01
   25.5000	 2.000E+01	 1.745E+01	 1.210E+01	 0.000E+00	 2.747E+04	 4.180E+03	 3.801E+03	 5.000E+03	 4.309E+01
   25.5125	 2.000E+01	 1.745E+01	 1.210E+01	 0.000E+00	 2.747E+04	 4.180E+03	 3.801E+03	 5.000E+03	 4.309E+01
   25.5250	 2.000E+01	 1.745E+01	 1.210E+01	 0.000E+00	 2.747E+04	 4.180E+03	 3.801E+03	 5.000E+03	 4.309E+01
   25.5375	 2.000E+01	 1.745E+01	 1.210E+01	 0.000E+00	 2.747E+04	 4.180E+03	 3.801E+03	 5.000E+03	 4.309E+01
   25.5500	 2.000E+01	 1.745E+01	 1.210E+01	 0.000E+00	 2.747E+04	 4.180E+03	 3.802E+03	 5.000E+03	 4.309E+01
   25.5625	 2.000E+01	 1.745E+01	 1.210E+01	 0.000E+00	 2.748E+04	 4.180E+03	 3.802E+03	 5.000E+03	 4.309E+01
   25.5750	 2.000E+01	 1.745E+01	 1.210E+01	 0.000E+00	 2.748E+04	 4.180E+03	 3.803E+03	 5.000E+03	 4.309E+01
   25.5875	 2.000E+01	 1.745E+01	 1.210E+01	 0.000E+00	 2.748E+04	 4.180E+03	 3.804E+03	 5.000E+03	 4.309E+01
   25.6000	 2.000E+01	 1.745E+01	 1.210E+01	 0.000E+00	 2.748E+04	 4.180E+03	 3.804E+03	 5.000E+03	 4.309E+01
   25.6125	 2.000E+01	 1.745E+01	 1.210E+01	 0.000E+00	 2.748E+04	 4.180E+03	 3.805E+03	 5.000E+03	 4.309E+01
   25.6250	 2.000E+01	 1.745E+01	 1.210E+01	 0.000E+00	 2.748E+04	 4.180E+03	 3.806E+03	 5.000E+03	 4.309E+01
   25.6375	 2.000E+01	 1.745E+01	 1.210E+01	 0.000E+00	 2.748E+04	 4.180E+03	 3.807E+03	 5.000E+03	 4.309E+01
   25.6500	 2.000E+01	 1.745E+01	 1.210E+01	 0.000E+00	 2.748E+04	 4.180E+03	 3.809E+03	 5.000E+03	 4.309E+01
   25.6625	 2.000E+01	 1.745E+01	 1.210E+01	 0.000E+00	 2.748E+04	 4.180E+03	 3.810E+03	 5.000E+03	 4.309E+01
   25.6750	 2.000E+01	 1.745E+01	 1.210E+01	 0.000E+00	 2.748E+04	 4.180E+03	 3.812E+03	 5.000E+03	 4.309E+01
   25.6875	 2.000E+01	 1.745E+01	 1.210E+01	 0.000E+00	 2.748E+04	 4.180E+03	 3.813E+03	 5.000E+03	 4.309E+01
   25.7000	 2.000E+01	 1.745E+01	 1.210E+01	 0.000E+00	 2.748E+04	 4.180E+03	 3.815E+03	 5.000E+03	 4.309E+01
   25.7125	 2.000E+01	 1.745E+01	 1.210E+01	 0.000E+00	 2.748E+04	 4.180E+03	 3.817E+03	 5.000E+03	 4.309E+01
   25.7250	 2.000E+01	 1.745E+01	 1.210E+01	 0.000E+00	 2.748E+04	 4.180E+03	 3.819E+03	 5.000E+03	 4.309E+01
   25.7375	 2.000E+01	 1.745E+01	 1.210E+01	 0.000E+00	 2.748E+04	 4.180E+03	 3.821E+03	 5.000E+03	 4.309E+01
   25.7500	 2.000E+01	 1.745E+01	 1.210E+01	 0.000E+00	 2.748E+04	 4.180E+03	 3.823E+03	 5.000E+03	 4.309E+01
   25.7625	 2.000E+01	 1.745E+01	 1.210E+01	 0.000E+00	 2.749E+04	 4.180E+03	 3.825E+03	 5.000E+03	 4.309E+01
   25.7750	 2.000E+01	 1.745E+01	 1.210E+01	 0.000E+00	 2.749E+04	 4.180E+03	 3.827E+03	 5.000E+03	 4.309E+01
   25.7875	 2.000E+01	 1.745E+01	 1.210E+01	 0.000E+00	 2.749E+04	 4.180E+03	 3.830E+03	 5.000E+03	 4.309E+01
   25.8000	 2.000E+01	 1.745E+01	 1.210E+01	 0.000E+00	 2.749E+04	 4.180E+03	 3.832E+03	 5.000E+03	 4.309E+01
   25.8125	 2.000E+01	 1.745E+01	 1.210E+01	 0.000E+00	 2.749E+04	 4.180E+03	 3.835E+03	 5.000E+03	 4.309E+01
   25.8250	 2.000E+01	 1.745E+01	 1.210E+01	 0.000E+00	 2.749E+04	 4.180E+03	 3.838E+03	 5.000E+03	 4.309E+01
   25.8375	 2.000E+01	 1.745E+01	 1.210E+01	 0.000E+00	 2.749E+04	 4.180E+03	 3.841E+03	 5.000E+03	 4.309E+01
   25.8500	 2.000E+01	 1.745E+01	 1.210E+01	 0.000E+00	 2.749E+04	 4.180E+03	 3.844E+03	 5.000E+03	 4.309E+01
   25.8625	 2.000E+01	 1.745E+01	 1.210E+01	 0.000E+00	 2.749E+04	 4.180E+03	 3.847E+03	 5.000E+03	 4.309E+01
   25.8750	 2.000E+01	 1.745E+01	 1.210E+01	 0.000E+00	 2.749E+04	 4.180E+03	 3.850E+03	 5.000E+03	 4.309E+01
   25.8875	 2.000E+01	 1.745E+01	 1.210E+01	 0.000E+00	 2.749E+04	 4.180E+03	 3.853E+03	 5.000E+03	 4.309E+01
   25.9000	 2.000E+01	 1.745E+01	 1.210E+01	 0.000E+00	 2.749E+04	 4.180E+03	 3.857E+03	 5.000E+03	 4.309E+01
   25.9125	 2.000E+01	 1.745E+01	 1.210E+01	 0.000E+00	 2.749E+04	 4.180E+03	 3.860E+03	 5.000E+03	 4.309E+01
   25.9250	 2.000E+01	 1.745E+01	 1.210E+01	 0.000E+00	 2.749E+04	 4.180E+03	 3.864E+03	 5.000E+03	 4.309E+01
   25.9375	 2.000E+01	 1.745E+01	 1.210E+01	 0.000E+00	 2.749E+04	 4.180E+03	 3.867E+03	 5.000E+03	 4.309E+01
   25.9500	 2.000E+01	 1.745E+01	 1.210E+01	 0.000E+00	 2.749E+04	 4.180E+03	 3.871E+03	 5.000E+03	 4.309E+01
   25.9625	 2.000E+01	 1.745E+01	 1.210E+01	 0.000E+00	 2.749E+04	 4.180E+03	 3.875E+03	 5.000E+03	 4.309E+01
   25.9750	 2.000E+01	 1.745E+01	 1.210E+01	 0.000E+00	 2.749E+04	 4.180E+03	 3.879E+03	 5.000E+03	 4.309E+01
   25.9875	 2.000E+01	 1.745E+01	 1.210E+01	 0.000E+00	 2.749E+04	 4.180E+03	 3.883E+03	 5.000E+03	 4.309E+01
   26.0000	 2.000E+01	 1.745E+01	 1.210E+01	 0.000E+00	 2.749E+04	 4.180E+03	 3.887E+03	 5.000E+03	 4.309E+01
   26.0125	 2.000E+01	 1.745E+01	 1.210E+01	 0.000E+00	 2.749E+04	 4.180E+03	 3.891E+03	 5.000E+03	 4.309E+01
   26.0250	 2.000E+01	 1.745E+01	 1.210E+01	 0.000E+00	 2.749E+04	 4.180E+03	 3.896E+03	 5.000E+03	 4.309E+01
   26.0375	 2.000E+01	 1.745E+01	 1.210E+01	 0.000E+00	 2.749E+04	 4.180E+03	 3.900E+03	 5.000E+03	 4.309E+01
   26.0500	 2.000E+01	 1.745E+01	 1.210E+01	 0.000E+00	 2.749E+04	 4.180E+03	 3.905E+03	 5.000E+03	 4.309E+01
   26.0625	 2.000E+01	 1.745E+01	 1.210E+01	 0.000E+00	 2.749E+04	 4.180E+03	 3.909E+03	 5.000E+03	 4.309E+01
   26.0750	 2.000E+01	 1.745E+01	 1.210E+01	 0.000E+00	 2.749E+04	 4.180E+03	 3.914E+03	 5.000E+03	 4.309E+01
   26.0875	 2.000E+01	 1.745E+01	 1.210E+01	 0.000E+00	 2.749E+04	 4.180E+03	 3.919E+03	 5.000E+03	 4.309E+01
   26.1000	 2.000E+01	 1.745E+01	 1.210E+01	 0.000E+00	 2.749E+04	 4.180E+03	 3.924E+03	 5.000E+03	 4.309E+01
   26.1125	 2.000E+01	 1.745E+01	 1.210E+01	 0.000E+00	 2.749E+04	 4.180E+03	 3.929E+03	 5.000E+03	 4.309E+01
   26.1250	 2.000E+01	 1.745E+01	 1.210E+01	 0.000E+00	 2.749E+04	 4.180E+03	 3.933E+03	 5.000E+03	 4.309E+01
   26.1375	 2.000E+01	 1.745E+01	 1.210E+01	 0.000E+00	 2.749E+04	 4.180E+03	 3.939E+03	 5.000E+03	 4.309E+01
   26.1500	 2.000E+01	 1.745E+01	 1.210E+01	 0.000E+00	 2.748E+04	 4.180E+03	 3.944E+03	 5.000E+03	 4.309E+01
   26.1625	 2.000E+01	 1.745E+01	 1.210E+01	 0.000E+00	 2.748E+04	 4.180E+03	 3.949E+03	 5.000E+03	 4.309E+01
   26.1750	 2.000E+01	 1.745E+01	 1.210E+01	 0.000E+00	 2.748E+04	 4.180E+03	 3.954E+03	 5.000E+03	 4.309E+01
   26.1875	 2.000E+01	 1.745E+01	 1.210E+01	 0.000E+00	 2.748E+04	 4.180E+03	 3.960E+03	 5.000E+03	 4.309E+01
   26.2000	 2.000E+01	 1.745E+01	 1.210E+01	 0.000E+00	 2.748E+04	 4.180E+03	 3.965E+03	 5.000E+03	 4.309E+01
   26.2125	 2.000E+01	 1.745E+01	 1.210E+01	 0.000E+00	 2.748E+04	 4.180E+03	 3.971E+03	 5.000E+03	 4.309E+01
   26.2250	 2.000E+01	 1.745E+01	 1.210E+01	 0.000E+00	 2.748E+04	 4.180E+03	 3.976E+03	 5.000E+03	 4.309E+01
   26.2375	 2.000E+01	 1.745E+01	 1.210E+01	 0.000E+00	 2.748E+04	 4.180E+03	 3.982E+03	 5.000E+03	 4.309E+01
   26.2500	 2.000E+01	 1.745E+01	 1.210E+01	 0.000E+00	 2.748E+04	 4.180E+03	 3.988E+03	 5.000E+03	 4.309E+01
   26.2625	 2.000E+01	 1.745E+01	 1.210E+01	 0.000E+00	 2.748E+04	 4.180E+03	 3.993E+03	 5.000E+03	 4.309E+01
   26.2750	 2.000E+01	 1.745E+01	 1.210E+01	 0.000E+00	 2.748E+04	 4.180E+03	 3.999E+03	 5.000E+03	 4.309E+01
   26.2875	 2.000E+01	 1.745E+01	 1.210E+01	 0.000E+00	 2.748E+04	 4.180E+03	 4.005E+03	 5.000E+03	 4.309E+01
   26.3000	 2.000E+01	 1.745E+01	 1.210E+01	 0.000E+00	 2.748E+04	 4.180E+03	 4.011E+03	 5.000E+03	 4.309E+01
   26.3125	 2.000E+01	 1.745E+01	 1.210E+01	 0.000E+00	 2.748E+04	 4.180E+03	 4.017E+03	 5.000E+03	 4.309E+01
   26.3250	 2.000E+01	 1.745E+01	 1.210E+01	 0.000E+00	 2.748E+04	 4.180E+03	 4.023E+03	 5.000E+03	 4.309E+01
   26.3375	 2.000E+01	 1.745E+01	 1.210E+01	 0.000E+00	 2.748E+04	 4.180E+03	 4.029E+03	 5.000E+03	 4.309E+01
   26.3500	 2.000E+01	 1.745E+01	 1.210E+01	 0.000E+00	 2.748E+04	 4.180E+03	 4.035E+03	 5.000E+03	 4.309E+01
   26.3625	 2.000E+01	 1.745E+01	 1.210E+01	 0.000E+00	 2.748E+04	 4.180E+03	 4.042E+03	 5.000E+03	 4.309E+01
   26.3750	 2.000E+01	 1.745E+01	 1.210E+01	 0.000E+00	 2.747E+04	 4.180E+03	 4.048E+03	 5.000E+03	 4.309E+01
   26.3875	 2.000E+01	 1.745E+01	 1.210E+01	 0.000E+00	 2.747E+04	 4.180E+03	 4.054E+03	 5.000E+03	 4.309E+01
   26.4000	 2.000E+01	 1.745E+01	 1.210E+01	 0.000E+00	 2.747E+04	 4.180E+03	 4.061E+03	 5.000E+03	 4.309E+01
   26.4125	 2.000E+01	 1.745E+01	 1.210E+01	 0.000E+00	 2.747E+04	 4.180E+03	 4.067E+03	 5.000E+03	 4.309E+01
   26.4250	 2.000E+01	 1.745E+01	 1.210E+01	 0.000E+00	 2.747E+04	 4.180E+03	 4.073E+03	 5.000E+03	 4.309E+01
   26.4375	 2.000E+01	 1.745E+01	 1.210E+01	 0.000E+00	 2.747E+04	 4.180E+03	 4.080E+03	 5.000E+03	 4.309E+01
   26.4500	 2.000E+01	 1.745E+01	 1.210E+01	 0.000E+00	 2.747E+04	 4.180E+03	 4.086E+03	 5.000E+03	 4.309E+01
   26.4625	 2.000E+01	 1.745E+01	 1.210E+01	 0.000E+00	 2.747E+04	 4.180E+03	 4.093E+03	 5.000E+03	 4.309E+01
   26.4750	 2.000E+01	 1.745E+01	 1.210E+01	 0.000E+00	 2.747E+04	 4.180E+03	 4.099E+03	 5.000E+03	 4.309E+01
   26.4875	 2.000E+01	 1.745E+01	 1.210E+01	 0.000E+00	 2.747E+04	 4.180E+03	 4.106E+03	 5.000E+03	 4.309E+01
   26.5000	 2.000E+01	 1.745E+01	 1.210E+01	 0.000E+00	 2.747E+04	 4.180E+03	 4.113E+03	 5.000E+03	 4.309E+01
   26.5125	 2.000E+01	 1.745E+01	 1.210E+01	 0.000E+00	 2.747E+04	 4.180E+03	 4.119E+03	 5.000E+03	 4.309E+01
   26.5250	 2.000E+01	 1.745E+01	 1.210E+01	 0.000E+00	 2.747E+04	 4.180E+03	 4.126E+03	 5.000E+03	 4.309E+01
   26.5375	 2.000E+01	 1.745E+01	 1.210E+01	 0.000E+00	 2.747E+04	 4.180E+03	 4.133E+03	 5.000E+03	 4.309E+01
   26.5500	 2.000E+01	 1.745E+01	 1.210E+01	 0.000E+00	 2.747E+04	 4.180E+03	 4.139E+03	 5.000E+03	 4.309E+01
   26.5625	 2.000E+01	 1.745E+01	 1.210E+01	 0.000E+00	 2.747E+04	 4.180E+03	 4.146E+03	 5.000E+03	 4.309E+01
   26.5750	 2.000E+01	 1.745E+01	 1.210E+01	 0.000E+00	 2.747E+04	 4.180E+03	 4.153E+03	 5.000E+03	 4.309E+01
   26.5875	 2.000E+01	 1.745E+01	 1.210E+01	 0.000E+00	 2.746E+04	 4.180E+03	 4.160E+03	 5.000E+03	 4.309E+01
   26.6000	 2.000E+01	 1.745E+01	 1.210E+01	 0.000E+00	 2.746E+04	 4.180E+03	 4.166E+03	 5.000E+03	 4.309E+01
   26.6125	 2.000E+01	 1.745E+01	 1.210E+01	 0.000E+00	 2.746E+04	 4.180E+03	 4.173E+03	 5.000E+03	 4.309E+01
   26.6250	 2.000E+01	 1.745E+01	 1.210E+01	 0.000E+00	 2.746E+04	 4.180E+03	 4.180E+03	 5.000E+03	 4.309E+01
   26.6375	 2.000E+01	 1.745E+01	 1.210E+01	 0.000E+00	 2.746E+04	 4.180E+03	 4.187E+03	 5.000E+03	 4.309E+01
   26.6500	 2.000E+01	 1.745E+01	 1.210E+01	 0.000E+00	 2.746E+04	 4.180E+03	 4.194E+03	 5.000E+03	 4.309E+01
   26.6625	 2.000E+01	 1.745E+01	 1.210E+01	 0.000E+00	 2.746E+04	 4.180E+03	 4.201E+03	 5.000E+03	 4.309E+01
   26.6750	 2.000E+01	 1.745E+01	 1.210E+01	 0.000E+00	 2.746E+04	 4.180E+03	 4.207E+03	 5.000E+03	 4.309E+01
   26.6875	 2.000E+01	 1.745E+01	 1.210E+01	 0.000E+00	 2.746E+04	 4.180E+03	 4.214E+03	 5.000E+03	 4.309E+01
   26.7000	 2.000E+01	 1.745E+01	 1.210E+01	 0.000E+00	 2.746E+04	 4.180E+03	 4.221E+03	 5.000E+03	 4.309E+01
   26.7125	 2.000E+01	 1.745E+01	 1.210E+01	 0.000E+00	 2.746E+04	 4.180E+03	 4.228E+03	 5.000E+03	 4.309E+01
   26.7250	 2.000E+01	 1.745E+01	 1.210E+01	 0.000E+00	 2.746E+04	 4.180E+03	 4.235E+03	 5.000E+03	 4.309E+01
   26.7375	 2.000E+01	 1.745E+01	 1.210E+01	 0.000E+00	 2.746E+04	 4.180E+03	 4.242E+03	 5.000E+03	 4.309E+01
   26.7500	 2.000E+01	 1.745E+01	 1.210E+01	 0.000E+00	 2.746E+04	 4.180E+03	 4.249E+03	 5.000E+03	 4.309E+01
   26.7625	 2.000E+01	 1.745E+01	 1.210E+01	 0.000E+00	 2.746E+04	 4.180E+03	 4.256E+03	 5.000E+03	 4.309E+01
   26.7750	 2.000E+01	 1.745E+01	 1.210E+01	 0.000E+00	 2.746E+04	 4.180E+03	 4.262E+03	 5.000E+03	 4.309E+01
   26.7875	 2.000E+01	 1.745E+01	 1.210E+01	 0.000E+00	 2.746E+04	 4.180E+03	 4.269E+03	 5.000E+03	 4.309E+01
   26.8000	 2.000E+01	 1.745E+01	 1.210E+01	 0.000E+00	 2.746E+04	 4.180E+03	 4.276E+03	 5.000E+03	 4.309E+01
   26.8125	 2.000E+01	 1.745E+01	 1.210E+01	 0.000E+00	 2.746E+04	 4.180E+03	 4.283E+03	 5.000E+03	 4.309E+01
   26.8250	 2.000E+01	 1.745E+01	 1.210E+01	 0.000E+00	 2.746E+04	 4.180E+03	 4.290E+03	 5.000E+03	 4.309E+01
   26.8375	 2.000E+01	 1.745E+01	 1.210E+01	 0.000E+00	 2.746E+04	 4.180E+03	 4.296E+03	 5.000E+03	 4.309E+01
   26.8500	 2.000E+01	 1.745E+01	 1.210E+01	 0.000E+00	 2.746E+04	 4.180E+03	 4.303E+03	 5.000E+03	 4.309E+01
   26.8625	 2.000E+01	 1.745E+01	 1.210E+01	 0.000E+00	 2.746E+04	 4.180E+03	 4.310E+03	 5.000E+03	 4.309E+01
   26.8750	 2.000E+01	 1.745E+01	 1.210E+01	 0.000E+00	 2.746E+04	 4.180E+03	 4.316E+03	 5.000E+03	 4.309E+01
   26.8875	 2.000E+01	 1.745E+01	 1.210E+01	 0.000E+00	 2.746E+04	 4.180E+03	 4.323E+03	 5.000E+03	 4.309E+01
   26.9000	 2.000E+01	 1.745E+01	 1.210E+01	 0.000E+00	 2.746E+04	 4.180E+03	 4.330E+03	 5.000E+03	 4.309E+01
   26.9125	 2.000E+01	 1.745E+01	 1.210E+01	 0.000E+00	 2.746E+04	 4.180E+03	 4.336E+03	 5.000E+03	 4.309E+01
   26.9250	 2.000E+01	 1.745E+01	 1.210E+01	 0.000E+00	 2.746E+04	 4.180E+03	 4.343E+03	 5.000E+03	 4.309E+01
   26.9375	 2.000E+01	 1.745E+01	 1.210E+01	 0.000E+00	 2.746E+04	 4.180E+03	 4.349E+03	 5.000E+03	 4.309E+01
   26.9500	 2.000E+01	 1.745E+01	 1.210E+01	 0.000E+00	 2.746E+04	 4.180E+03	 4.356E+03	 5.000E+03	 4.309E+01
   26.9625	 2.000E+01	 1.745E+01	 1.210E+01	 0.000E+00	 2.746E+04	 4.180E+03	 4.362E+03	 5.000E+03	 4.309E+01
   26.9750	 2.000E+01	 1.745E+01	 1.210E+01	 0.000E+00	 2.746E+04	 4.180E+03	 4.368E+03	 5.000E+03	 4.309E+01
   26.9875	 2.000E+01	 1.745E+01	 1.210E+01	 0.000E+00	 2.746E+04	 4.180E+03	 4.375E+03	 5.000E+03	 4.309E+01
   27.0000	 2.000E+01	 1.745E+01	 1.210E+01	 0.000E+00	 2.746E+04	 4.180E+03	 4.381E+03	 5.000E+03	 4.309E+01
   27.0125	 2.000E+01	 1.745E+01	 1.210E+01	 0.000E+00	 2.746E+04	 4.180E+03	 4.387E+03	 5.000E+03	 4.309E+01
   27.0250	 2.000E+01	 1.745E+01	 1.210E+01	 0.000E+00	 2.746E+04	 4.180E+03	 4.393E+03	 5.000E+03	 4.309E+01
   27.0375	 2.000E+01	 1.745E+01	 1.210E+01	 0.000E+00	 2.746E+04	 4.180E+03	 4.399E+03	 5.000E+03	 4.309E+01
   27.0500	 2.000E+01	 1.745E+01	 1.210E+01	 0.000E+00	 2.747E+04	 4.180E+03	 4.405E+03	 5.000E+03	 4.309E+01
   27.0625	 2.000E+01	 1.745E+01	 1.210E+01	 0.000E+00	 2.747E+04	 4.180E+03	 4.411E+03	 5.000E+03	 4.309E+01
   27.0750	 2.000E+01	 1.745E+01	 1.210E+01	 0.000E+00	 2.747E+04	 4.180E+03	 4.417E+03	 5.000E+03	 4.309E+01
   27.0875	 2.000E+01	 1.745E+01	 1.210E+01	 0.000E+00	 2.747E+04	 4.180E+03	 4.423E+03	 5.000E+03	 4.309E+01
   27.1000	 2.000E+01	 1.745E+01	 1.210E+01	 0.000E+00	 2.747E+04	 4.180E+03	 4.429E+03	 5.000E+03	 4.309E+01
   27.1125	 2.000E+01	 1.745E+01	 1.210E+01	 0.000E+00	 2.747E+04	 4.180E+03	 4.435E+03	 5.000E+03	 4.309E+01
   27.1250	 2.000E+01	 1.745E+01	 1.210E+01	 0.000E+00	 2.747E+04	 4.180E+03	 4.441E+03	 5.000E+03	 4.309E+01
   27.1375	 2.000E+01	 1.745E+01	 1.210E+01	 0.000E+00	 2.747E+04	 4.180E+03	 4.446E+03	 5.000E+03	 4.309E+01
   27.1500	 2.000E+01	 1.745E+01	 1.210E+01	 0.000E+00	 2.747E+04	 4.180E+03	 4.452E+03	 5.000E+03	 4.309E+01
   27.1625	 2.000E+01	 1.745E+01	 1.210E+01	 0.000E+00	 2.747E+04	 4.180E+03	 4.458E+03	 5.000E+03	 4.309E+01
   27.1750	 2.000E+01	 1.745E+01	 1.210E+01	 0.000E+00	 2.747E+04	 4.180E+03	 4.463E+03	 5.000E+03	 4.309E+01
   27.1875	 2.000E+01	 1.745E+01	 1.210E+01	 0.000E+00	 2.747E+04	 4.180E+03	 4.469E+03	 5.000E+03	 4.309E+01
   27.2000	 2.000E+01	 1.745E+01	 1.210E+01	 0.000E+00	 2.747E+04	 4.180E+03	 4.474E+03	 5.000E+03	 4.309E+01
   27.2125	 2.000E+01	 1.745E+01	 1.210E+01	 0.000E+00	 2.748E+04	 4.180E+03	 4.479E+03	 5.000E+03	 4.309E+01
   27.2250	 2.000E+01	 1.745E+01	 1.210E+01	 0.000E+00	 2.748E+04	 4.180E+03	 4.484E+03	 5.000E+03	 4.309E+01
   27.2375	 2.000E+01	 1.745E+01	 1.210E+01	 0.000E+00	 2.748E+04	 4.180E+03	 4.489E+03	 5.000E+03	 4.309E+01
   27.2500	 2.000E+01	 1.745E+01	 1.210E+01	 0.000E+00	 2.748E+04	 4.180E+03	 4.495E+03	 5.000E+03	 4.309E+01
   27.2625	 2.000E+01	 1.745E+01	 1.210E+01	 0.000E+00	 2.748E+04	 4.180E+03	 4.500E+03	 5.000E+03	 4.309E+01
   27.2750	 2.000E+01	 1.745E+01	 1.210E+01	 0.000E+00	 2.748E+04	 4.180E+03	 4.504E+03	 5.000E+03	 4.309E+01
   27.2875	 2.000E+01	 1.745E+01	 1.210E+01	 0.000E+00	 2.748E+04	 4.180E+03	 4.509E+03	 5.000E+03	 4.309E+01
   27.3000	 2.000E+01	 1.745E+01	 1.210E+01	 0.000E+00	 2.748E+04	 4.180E+03	 4.514E+03	 5.000E+03	 4.309E+01
   27.3125	 2.000E+01	 1.745E+01	 1.210E+01	 0.000E+00	 2.748E+04	 4.180E+03	 4.519E+03	 5.000E+03	 4.309E+01
   27.3250	 2.000E+01	 1.745E+01	 1.210E+01	 0.000E+00	 2.748E+04	 4.180E+03	 4.523E+03	 5.000E+03	 4.309E+01
   27.3375	 2.000E+01	 1.745E+01	 1.210E+01	 0.000E+00	 2.748E+04	 4.180E+03	 4.528E+03	 5.000E+03	 4.309E+01
   27.3500	 2.000E+01	 1.745E+01	 1.210E+01	 0.000E+00	 2.748E+04	 4.180E+03	 4.532E+03	 5.000E+03	 4.309E+01
   27.3625	 2.000E+01	 1.745E+01	 1.210E+01	 0.000E+00	 2.748E+04	 4.180E+03	 4.536E+03	 5.000E+03	 4.309E+01
   27.3750	 2.000E+01	 1.745E+01	 1.210E+01	 0.000E+00	 2.748E+04	 4.180E+03	 4.540E+03	 5.000E+03	 4.309E+01
   27.3875	 2.000E+01	 1.745E+01	 1.210E+01	 0.000E+00	 2.748E+04	 4.180E+03	 4.545E+03	 5.000E+03	 4.309E+01
   27.4000	 2.000E+01	 1.745E+01	 1.210E+01	 0.000E+00	 2.748E+04	 4.180E+03	 4.549E+03	 5.000E+03	 4.309E+01
   27.4125	 2.000E+01	 1.745E+01	 1.210E+01	 0.000E+00	 2.749E+04	 4.180E+03	 4.553E+03	 5.000E+03	 4.309E+01
   27.4250	 2.000E+01	 1.745E+01	 1.210E+01	 0.000E+00	 2.749E+04	 4.180E+03	 4.556E+03	 5.000E+03	 4.309E+01
   27.4375	 2.000E+01	 1.745E+01	 1.210E+01	 0.000E+00	 2.749E+04	 4.180E+03	 4.560E+03	 5.000E+03	 4.309E+01
   27.4500	 2.000E+01	 1.745E+01	 1.210E+01	 0.000E+00	 2.749E+04	 4.180E+03	 4.564E+03	 5.000E+03	 4.309E+01
   27.4625	 2.000E+01	 1.745E+01	 1.210E+01	 0.000E+00	 2.749E+04	 4.180E+03	 4.568E+03	 5.000E+03	 4.309E+01
   27.4750	 2.000E+01	 1.745E+01	 1.210E+01	 0.000E+00	 2.749E+04	 4.180E+03	 4.571E+03	 5.000E+03	 4.309E+01
   27.4875	 2.000E+01	 1.745E+01	 1.210E+01	 0.000E+00	 2.749E+04	 4.180E+03	 4.575E+03	 5.000E+03	 4.309E+01
   27.5000	 2.000E+01	 1.745E+01	 1.210E+01	 0.000E+00	 2.749E+04	 4.180E+03	 4.578E+03	 5.000E+03	 4.309E+01
   27.5125	 2.000E+01	 1.745E+01	 1.210E+01	 0.000E+00	 2.749E+04	 4.180E+03	 4.581E+03	 5.000E+03	 4.309E+01
   27.5250	 2.000E+01	 1.745E+01	 1.210E+01	 0.000E+00	 2.749E+04	 4.180E+03	 4.584E+03	 5.000E+03	 4.309E+01
   27.5375	 2.000E+01	 1.745E+01	 1.210E+01	 0.000E+00	 2.749E+04	 4.180E+03	 4.587E+03	 5.000E+03	 4.309E+01
   27.5500	 2.000E+01	 1.745E+01	 1.210E+01	 0.000E+00	 2.749E+04	 4.180E+03	 4.590E+03	 5.000E+03	 4.309E+01
   27.5625	 2.000E+01	 1.745E+01	 1.210E+01	 0.000E+00	 2.749E+04	 4.180E+03	 4.593E+03	 5.000E+03	 4.309E+01
   27.5750	 2.000E+01	 1.745E+01	 1.210E+01	 0.000E+00	 2.749E+04	 4.180E+03	 4.596E+03	 5.000E+03	 4.309E+01
   27.5875	 2.000E+01	 1.745E+01	 1.210E+01	 0.000E+00	 2.749E+04	 4.180E+03	 4.598E+03	 5.000E+03	 4.309E+01
   27.6000	 2.000E+01	 1.745E+01	 1.210E+01	 0.000E+00	 2.749E+04	 4.180E+03	 4.601E+03	 5.000E+03	 4.309E+01
   27.6125	 2.000E+01	 1.745E+01	 1.210E+01	 0.000E+00	 2.749E+04	 4.180E+03	 4.604E+03	 5.000E+03	 4.309E+01
   27.6250	 2.000E+01	 1.745E+01	 1.210E+01	 0.000E+00	 2.749E+04	 4.180E+03	 4.606E+03	 5.000E+03	 4.309E+01
   27.6375	 2.000E+01	 1.745E+01	 1.210E+01	 0.000E+00	 2.749E+04	 4.180E+03	 4.608E+03	 5.000E+03	 4.309E+01
   27.6500	 2.000E+01	 1.745E+01	 1.210E+01	 0.000E+00	 2.749E+04	 4.180E+03	 4.610E+03	 5.000E+03	 4.309E+01
   27.6625	 2.000E+01	 1.745E+01	 1.210E+01	 0.000E+00	 2.749E+04	 4.180E+03	 4.613E+03	 5.000E+03	 4.309E+01
   27.6750	 2.000E+01	 1.745E+01	 1.210E+01	 0.000E+00	 2.749E+04	 4.180E+03	 4.615E+03	 5.000E+03	 4.309E+01
   27.6875	 2.000E+01	 1.745E+01	 1.210E+01	 0.000E+00	 2.749E+04	 4.180E+03	 4.617E+03	 5.000E+03	 4.309E+01
   27.7000	 2.000E+01	 1.745E+01	 1.210E+01	 0.000E+00	 2.749E+04	 4.180E+03	 4.618E+03	 5.000E+03	 4.309E+01
   27.7125	 2.000E+01	 1.745E+01	 1.210E+01	 0.000E+00	 2.749E+04	 4.180E+03	 4.620E+03	 5.000E+03	 4.309E+01
   27.7250	 2.000E+01	 1.745E+01	 1.210E+01	 0.000E+00	 2.749E+04	 4.180E+03	 4.622E+03	 5.000E+03	 4.309E+01
   27.7375	 2.000E+01	 1.745E+01	 1.210E+01	 0.000E+00	 2.749E+04	 4.180E+03	 4.623E+03	 5.000E+03	 4.309E+01
   27.7500	 2.000E+01	 1.745E+01	 1.210E+01	 0.000E+00	 2.749E+04	 4.180E+03	 4.625E+03	 5.000E+03	 4.309E+01
   27.7625	 2.000E+01	 1.745E+01	 1.210E+01	 0.000E+00	 2.749E+04	 4.180E+03	 4.626E+03	 5.000E+03	 4.309E+01
   27.7750	 2.000E+01	 1.745E+01	 1.210E+01	 0.000E+00	 2.749E+04	 4.180E+03	 4.627E+03	 5.000E+03	 4.309E+01
   27.7875	 2.000E+01	 1.745E+01	 1.210E+01	 0.000E+00	 2.749E+04	 4.180E+03	 4.628E+03	 5.000E+03	 4.309E+01
   27.8000	 2.000E+01	 1.745E+01	 1.210E+01	 0.000E+00	 2.748E+04	 4.180E+03	 4.629E+03	 5.000E+03	 4.309E+01
   27.8125	 2.000E+01	 1.745E+01	 1.210E+01	 0.000E+00	 2.748E+04	 4.180E+03	 4.630E+03	 5.000E+03	 4.309E+01
   27.8250	 2.000E+01	 1.745E+01	 1.210E+01	 0.000E+00	 2.748E+04	 4.180E+03	 4.631E+03	 5.000E+03	 4.309E+01
   27.8375	 2.000E+01	 1.745E+01	 1.210E+01	 0.000E+00	 2.748E+04	 4.180E+03	 4.632E+03	 5.000E+03	 4.309E+01
   27.8500	 2.000E+01	 1.745E+01	 1.210E+01	 0.000E+00	 2.748E+04	 4.180E+03	 4.633E+03	 5.000E+03	 4.309E+01
   27.8625	 2.000E+01	 1.745E+01	 1.210E+01	 0.000E+00	 2.748E+04	 4.180E+03	 4.633E+03	 5.000E+03	 4.309E+01
   27.8750	 2.000E+01	 1.745E+01	 1.210E+01	 0.000E+00	 2.748E+04	 4.180E+03	 4.634E+03	 5.000E+03	 4.309E+01
   27.8875	 2.000E+01	 1.745E+01	 1.210E+01	 0.000E+00	 2.748E+04	 4.180E+03	 4.634E+03	 5.000E+03	 4.309E+01
   27.9000	 2.000E+01	 1.745E+01	 1.210E+01	 0.000E+00	 2.748E+04	 4.180E+03	 4.634E+03	 5.000E+03	 4.309E+01
   27.9125	 2.000E+01	 1.745E+01	 1.210E+01	 0.000E+00	 2.748E+04	 4.180E+03	 4.635E+03	 5.000E+03	 4.309E+01
   27.9250	 2.000E+01	 1.745E+01	 1.210E+01	 0.000E+00	 2.748E+04	 4.180E+03	 4.635E+03	 5.000E+03	 4.309E+01
   27.9375	 2.000E+01	 1.745E+01	 1.210E+01	 0.000E+00	 2.748E+04	 4.180E+03	 4.635E+03	 5.000E+03	 4.309E+01
   27.9500	 2.000E+01	 1.745E+01	 1.210E+01	 0.000E+00	 2.748E+04	 4.180E+03	 4.634E+03	 5.000E+03	 4.309E+01
   27.9625	 2.000E+01	 1.745E+01	 1.210E+01	 0.000E+00	 2.748E+04	 4.180E+03	 4.634E+03	 5.000E+03	 4.309E+01
   27.9750	 2.000E+01	 1.745E+01	 1.210E+01	 0.000E+00	 2.748E+04	 4.180E+03	 4.634E+03	 5.000E+03	 4.309E+01
   27.9875	 2.000E+01	 1.745E+01	 1.210E+01	 0.000E+00	 2.748E+04	 4.180E+03	 4.634E+03	 5.000E+03	 4.309E+01
   28.0000	 2.000E+01	 1.745E+01	 1.210E+01	 0.000E+00	 2.748E+04	 4.180E+03	 4.633E+03	 5.000E+03	 4.309E+01
   28.0125	 2.000E+01	 1.745E+01	 1.210E+01	 0.000E+00	 2.748E+04	 4.180E+03	 4.632E+03	 5.000E+03	 4.309E+01
   28.0250	 2.000E+01	 1.745E+01	 1.210E+01	 0.000E+00	 2.747E+04	 4.180E+03	 4.632E+03	 5.000E+03	 4.309E+01
   28.0375	 2.000E+01	 1.745E+01	 1.210E+01	 0.000E+00	 2.747E+04	 4.180E+03	 4.631E+03	 5.000E+03	 4.309E+01
   28.0500	 2.000E+01	 1.745E+01	 1.210E+01	 0.000E+00	 2.747E+04	 4.180E+03	 4.630E+03	 5.000E+03	 4.309E+01
   28.0625	 2.000E+01	 1.745E+01	 1.210E+01	 0.000E+00	 2.747E+04	 4.180E+03	 4.629E+03	 5.000E+03	 4.309E+01
   28.0750	 2.000E+01	 1.745E+01	 1.210E+01	 0.000E+00	 2.747E+04	 4.180E+03	 4.628E+03	 5.000E+03	 4.309E+01
   28.0875	 2.000E+01	 1.745E+01	 1.210E+01	 0.000E+00	 2.747E+04	 4.180E+03	 4.627E+03	 5.000E+03	 4.309E+01
   28.1000	 2.000E+01	 1.745E+01	 1.210E+01	 0.000E+00	 2.747E+04	 4.180E+03	 4.626E+03	 5.000E+03	 4.309E+01
   28.1125	 2.000E+01	 1.745E+01	 1.210E+01	 0.000E+00	 2.747E+04	 4.180E+03	 4.624E+03	 5.000E+03	 4.309E+01
   28.1250	 2.000E+01	 1.745E+01	 1.210E+01	 0.000E+00	 2.747E+04	 4.180E+03	 4.623E+03	 5.000E+03	 4.309E+01
   28.1375	 2.000E+01	 1.745E+01	 1.210E+01	 0.000E+00	 2.747E+04	 4.180E+03	 4.621E+03	 5.000E+03	 4.309E+01
   28.1500	 2.000E+01	 1.745E+01	 1.210E+01	 0.000E+00	 2.747E+04	 4.180E+03	 4.620E+03	 5.000E+03	 4.309E+01
   28.1625	 2.000E+01	 1.745E+01	 1.210E+01	 0.000E+00	 2.747E+04	 4.180E+03	 4.618E+03	 5.000E+03	 4.309E+01
   28.1750	 2.000E+01	 1.745E+01	 1.210E+01	 0.000E+00	 2.747E+04	 4.180E+03	 4.616E+03	 5.000E+03	 4.309E+01
   28.1875	 2.000E+01	 1.745E+01	 1.210E+01	 0.000E+00	 2.747E+04	 4.180E+03	 4.614E+03	 5.000E+03	 4.309E+01
   28.2000	 2.000E+01	 1.745E+01	 1.210E+01	 0.000E+00	 2.747E+04	 4.180E+03	 4.612E+03	 5.000E+03	 4.309E+01
   28.2125	 2.000E+01	 1.745E+01	 1.210E+01	 0.000E+00	 2.747E+04	 4.180E+03	 4.610E+03	 5.000E+03	 4.309E+01
   28.2250	 2.000E+01	 1.745E+01	 1.210E+01	 0.000E+00	 2.747E+04	 4.180E+03	 4.608E+03	 5.000E+03	 4.309E+01
   28.2375	 2.000E+01	 1.745E+01	 1.210E+01	 0.000E+00	 2.746E+04	 4.180E+03	 4.606E+03	 5.000E+03	 4.309E+01
   28.2500	 2.000E+01	 1.745E+01	 1.210E+01	 0.000E+00	 2.746E+04	 4.180E+03	 4.603E+03	 5.000E+03	 4.309E+01
   28.2625	 2.000E+01	 1.745E+01	 1.210E+01	 0.000E+00	 2.746E+04	 4.180E+03	 4.601E+03	 5.000E+03	 4.309E+01
   28.2750	 2.000E+01	 1.745E+01	 1.210E+01	 0.000E+00	 2.746E+04	 4.180E+03	 4.598E+03	 5.000E+03	 4.309E+01
   28.2875	 2.000E+01	 1.745E+01	 1.210E+01	 0.000E+00	 2.746E+04	 4.180E+03	 4.596E+03	 5.000E+03	 4.309E+01
   28.3000	 2.000E+01	 1.745E+01	 1.210E+01	 0.000E+00	 2.746E+04	 4.180E+03	 4.593E+03	 5.000E+03	 4.309E+01
   28.3125	 2.000E+01	 1.745E+01	 1.210E+01	 0.000E+00	 2.746E+04	 4.180E+03	 4.590E+03	 5.000E+03	 4.309E+01
   28.3250	 2.000E+01	 1.745E+01	 1.210E+01	 0.000E+00	 2.746E+04	 4.180E+03	 4.587E+03	 5.000E+03	 4.309E+01
   28.3375	 2.000E+01	 1.745E+01	 1.210E+01	 0.000E+00	 2.746E+04	 4.180E+03	 4.584E+03	 5.000E+03	 4.309E+01
   28.3500	 2.000E+01	 1.745E+01	 1.210E+01	 0.000E+00	 2.746E+04	 4.180E+03	 4.581E+03	 5.000E+03	 4.309E+01
   28.3625	 2.000E+01	 1.745E+01	 1.210E+01	 0.000E+00	 2.746E+04	 4.180E+03	 4.578E+03	 5.000E+03	 4.309E+01
   28.3750	 2.000E+01	 1.745E+01	 1.210E+01	 0.000E+00	 2.746E+04	 4.180E+03	 4.575E+03	 5.000E+03	 4.309E+01
   28.3875	 2.000E+01	 1.745E+01	 1.210E+01	 0.000E+00	 2.746E+04	 4.180E+03	 4.572E+03	 5.000E+03	 4.309E+01
   28.4000	 2.000E+01	 1.745E+01	 1.210E+01	 0.000E+00	 2.746E+04	 4.180E+03	 4.568E+03	 5.000E+03	 4.309E+01
   28.4125	 2.000E+01	 1.745E+01	 1.210E+01	 0.000E+00	 2.746E+04	 4.180E+03	 4.565E+03	 5.000E+03	 4.309E+01
   28.4250	 2.000E+01	 1.745E+01	 1.210E+01	 0.000E+00	 2.746E+04	 4.180E+03	 4.561E+03	 5.000E+03	 4.309E+01
   28.4375	 2.000E+01	 1.745E+01	 1.210E+01	 0.000E+00	 2.746E+04	 4.180E+03	 4.558E+03	 5.000E+03	 4.309E+01
   28.4500	 2.000E+01	 1.745E+01	 1.210E+01	 0.000E+00	 2.746E+04	 4.180E+03	 4.554E+03	 5.000E+03	 4.309E+01
   28.4625	 2.000E+01	 1.745E+01	 1.210E+01	 0.000E+00	 2.746E+04	 4.180E+03	 4.550E+03	 5.000E+03	 4.309E+01
   28.4750	 2.000E+01	 1.745E+01	 1.210E+01	 0.000E+00	 2.746E+04	 4.180E+03	 4.547E+03	 5.000E+03	 4.309E+01
   28.4875	 2.000E+01	 1.745E+01	 1.210E+01	 0.000E+00	 2.746E+04	 4.180E+03	 4.543E+03	 5.000E+03	 4.309E+01
   28.5000	 2.000E+01	 1.745E+01	 1.210E+01	 0.000E+00	 2.746E+04	 4.180E+03	 4.539E+03	 5.000E+03	 4.309E+01
   28.5125	 2.000E+01	 1.745E+01	 1.210E+01	 0.000E+00	 2.746E+04	 4.180E+03	 4.535E+03	 5.000E+03	 4.309E+01
   28.5250	 2.000E+01	 1.745E+01	 1.210E+01	 0.000E+00	 2.746E+04	 4.180E+03	 4.531E+03	 5.000E+03	 4.309E+01
   28.5375	 2.000E+01	 1.745E+01	 1.210E+01	 0.000E+00	 2.746E+04	 4.180E+03	 4.526E+03	 5.000E+03	 4.309E+01
   28.5500	 2.000E+01	 1.745E+01	 1.210E+01	 0.000E+00	 2.746E+04	 4.180E+03	 4.522E+03	 5.000E+03	 4.309E+01
   28.5625	 2.000E+01	 1.745E+01	 1.210E+01	 0.000E+00	 2.746E+04	 4.180E+03	 4.518E+03	 5.000E+03	 4.309E+01
   28.5750	 2.000E+01	 1.745E+01	 1.210E+01	 0.000E+00	 2.746E+04	 4.180E+03	 4.513E+03	 5.000E+03	 4.309E+01
   28.5875	 2.000E+01	 1.745E+01	 1.210E+01	 0.000E+00	 2.746E+04	 4.180E+03	 4.509E+03	 5.000E+03	 4.309E+01
   28.6000	 2.000E+01	 1.745E+01	 1.210E+01	 0.000E+00	 2.746E+04	 4.180E+03	 4.504E+03	 5.000E+03	 4.309E+01
   28.6125	 2.000E+01	 1.745E+01	 1.210E+01	 0.000E+00	 2.746E+04	 4.180E+03	 4.500E+03	 5.000E+03	 4.309E+01
   28.6250	 2.000E+01	 1.745E+01	 1.210E+01	 0.000E+00	 2.746E+04	 4.180E+03	 4.495E+03	 5.000E+03	 4.309E+01
   28.6375	 2.000E+01	 1.745E+01	 1.210E+01	 0.000E+00	 2.746E+04	 4.180E+03	 4.490E+03	 5.000E+03	 4.309E+01
   28.6500	 2.000E+01	 1.745E+01	 1.210E+01	 0.000E+00	 2.746E+04	 4.180E+03	 4.486E+03	 5.000E+03	 4.309E+01
   28.6625	 2.000E+01	 1.745E+01	 1.210E+01	 0.000E+00	 2.746E+04	 4.180E+03	 4.481E+03	 5.000E+03	 4.309E+01
   28.6750	 2.000E+01	 1.745E+01	 1.210E+01	 0.000E+00	 2.746E+04	 4.180E+03	 4.476E+03	 5.000E+03	 4.309E+01
   28.6875	 2.000E+01	 1.745E+01	 1.210E+01	 0.000E+00	 2.746E+04	 4.180E+03	 4.471E+03	 5.000E+03	 4.309E+01
   28.7000	 2.000E+01	 1.745E+01	 1.210E+01	 0.000E+00	 2.746E+04	 4.180E+03	 4.466E+03	 5.000E+03	 4.309E+01
   28.7125	 2.000E+01	 1.745E+01	 1.210E+01	 0.000E+00	 2.747E+04	 4.180E+03	 4.461E+03	 5.000E+03	 4.309E+01
   28.7250	 2.000E+01	 1.745E+01	 1.210E+01	 0.000E+00	 2.747E+04	 4.180E+03	 4.456E+03	 5.000E+03	 4.309E+01
   28.7375	 2.000E+01	 1.745E+01	 1.210E+01	 0.000E+00	 2.747E+04	 4.180E+03	 4.450E+03	 5.000E+03	 4.309E+01
   28.7500	 2.000E+01	 1.745E+01	 1.210E+01	 0.000E+00	 2.747E+04	 4.180E+03	 4.445E+03	 5.000E+03	 4.309E+01
   28.7625	 2.000E+01	 1.745E+01	 1.210E+01	 0.000E+00	 2.747E+04	 4.180E+03	 4.440E+03	 5.000E+03	 4.309E+01
   28.7750	 2.000E+01	 1.745E+01	 1.210E+01	 0.000E+00	 2.747E+04	 4.180E+03	 4.435E+03	 5.000E+03	 4.309E+01
   28.7875	 2.000E+01	 1.745E+01	 1.210E+01	 0.000E+00	 2.747E+04	 4.180E+03	 4.429E+03	 5.000E+03	 4.309E+01
   28.8000	 2.000E+01	 1.745E+01	 1.210E+01	 0.000E+00	 2.747E+04	 4.180E+03	 4.424E+03	 5.000E+03	 4.309E+01
   28.8125	 2.000E+01	 1.745E+01	 1.210E+01	 0.000E+00	 2.747E+04	 4.180E+03	 4.418E+03	 5.000E+03	 4.309E+01
   28.8250	 2.000E+01	 1.745E+01	 1.210E+01	 0.000E+00	 2.747E+04	 4.180E+03	 4.413E+03	 5.000E+03	 4.309E+01
   28.8375	 2.000E+01	 1.745E+01	 1.210E+01	 0.000E+00	 2.747E+04	 4.180E+03	 4.407E+03	 5.000E+03	 4.309E+01
   28.8500	 2.000E+01	 1.745E+01	 1.210E+01	 0.000E+00	 2.747E+04	 4.180E+03	 4.401E+03	 5.000E+03	 4.309E+01
   28.8625	 2.000E+01	 1.745E+01	 1.210E+01	 0.000E+00	 2.748E+04	 4.180E+03	 4.396E+03	 5.000E+03	 4.309E+01
   28.8750	 2.000E+01	 1.745E+01	 1.210E+01	 0.000E+00	 2.748E+04	 4.180E+03	 4.390E+03	 5.000E+03	 4.309E+01
   28.8875	 2.000E+01	 1.745E+01	 1.210E+01	 0.000E+00	 2.748E+04	 4.180E+03	 4.384E+03	 5.000E+03	 4.309E+01
   28.9000	 2.000E+01	 1.745E+01	 1.210E+01	 0.000E+00	 2.748E+04	 4.180E+03	 4.378E+03	 5.000E+03	 4.309E+01
   28.9125	 2.000E+01	 1.745E+01	 1.210E+01	 0.000E+00	 2.748E+04	 4.180E+03	 4.372E+03	 5.000E+03	 4.309E+01
   28.9250	 2.000E+01	 1.745E+01	 1.210E+01	 0.000E+00	 2.748E+04	 4.180E+03	 4.367E+03	 5.000E+03	 4.309E+01
   28.9375	 2.000E+01	 1.745E+01	 1.210E+01	 0.000E+00	 2.748E+04	 4.180E+03	 4.361E+03	 5.000E+03	 4.309E+01
   28.9500	 2.000E+01	 1.745E+01	 1.210E+01	 0.000E+00	 2.748E+04	 4.180E+03	 4.355E+03	 5.000E+03	 4.309E+01
   28.9625	 2.000E+01	 1.745E+01	 1.210E+01	 0.000E+00	 2.748E+04	 4.180E+03	 4.349E+03	 5.000E+03	 4.309E+01
   28.9750	 2.000E+01	 1.745E+01	 1.210E+01	 0.000E+00	 2.748E+04	 4.180E+03	 4.343E+03	 5.000E+03	 4.309E+01
   28.9875	 2.000E+01	 1.745E+01	 1.210E+01	 0.000E+00	 2.748E+04	 4.180E+03	 4.337E+03	 5.000E+03	 4.309E+01
   29.0000	 2.000E+01	 1.745E+01	 1.210E+01	 0.000E+00	 2.748E+04	 4.180E+03	 4.330E+03	 5.000E+03	 4.309E+01
   29.0125	 2.000E+01	 1.745E+01	 1.210E+01	 0.000E+00	 2.748E+04	 4.180E+03	 4.324E+03	 5.000E+03	 4.309E+01
   29.0250	 2.000E+01	 1.745E+01	 1.210E+01	 0.000E+00	 2.748E+04	 4.180E+03	 4.318E+03	 5.000E+03	 4.309E+01
   29.0375	 2.000E+01	 1.745E+01	 1.210E+01	 0.000E+00	 2.748E+04	 4.180E+03	 4.312E+03	 5.000E+03	 4.309E+01
   29.0500	 2.000E+01	 1.745E+01	 1.210E+01	 0.000E+00	 2.748E+04	 4.180E+03	 4.306E+03	 5.000E+03	 4.309E+01
   29.0625	 2.000E+01	 1.745E+01	 1.210E+01	 0.000E+00	 2.748E+04	 4.180E+03	 4.300E+03	 5.000E+03	 4.309E+01
   29.0750	 2.000E+01	 1.745E+01	 1.210E+01	 0.000E+00	 2.749E+04	 4.180E+03	 4.293E+03	 5.000E+03	 4.309E+01
   29.0875	 2.000E+01	 1.745E+01	 1.210E+01	 0.000E+00	 2.749E+04	 4.180E+03	 4.287E+03	 5.000E+03	 4.309E+01
   29.1000	 2.000E+01	 1.745E+01	 1.210E+01	 0.000E+00	 2.749E+04	 4.180E+03	 4.281E+03	 5.000E+03	 4.309E+01
   29.1125	 2.000E+01	 1.745E+01	 1.210E+01	 0.000E+00	 2.749E+04	 4.180E+03	 4.275E+03	 5.000E+03	 4.309E+01
   29.1250	 2.000E+01	 1.745E+01	 1.210E+01	 0.000E+00	 2.749E+04	 4.180E+03	 4.268E+03	 5.000E+03	 4.309E+01
   29.1375	 2.000E+01	 1.745E+01	 1.210E+01	 0.000E+00	 2.749E+04	 4.180E+03	 4.262E+03	 5.000E+03	 4.309E+01
   29.1500	 2.000E+01	 1.745E+01	 1.210E+01	 0.000E+00	 2.749E+04	 4.180E+03	 4.255E+03	 5.000E+03	 4.309E+01
   29.1625	 2.000E+01	 1.745E+01	 1.210E+01	 0.000E+00	 2.749E+04	 4.180E+03	 4.249E+03	 5.000E+03	 4.309E+01
   29.1750	 2.000E+01	 1.745E+01	 1.210E+01	 0.000E+00	 2.749E+04	 4.180E+03	 4.243E+03	 5.000E+03	 4.309E+01
   29.1875	 2.000E+01	 1.745E+01	 1.210E+01	 0.000E+00	 2.749E+04	 4.180E+03	 4.236E+03	 5.000E+03	 4.309E+01
   29.2000	 2.000E+01	 1.745E+01	 1.210E+01	 0.000E+00	 2.749E+04	 4.180E+03	 4.230E+03	 5.000E+03	 4.309E+01
   29.2125	 2.000E+01	 1.745E+01	 1.210E+01	 0.000E+00	 2.749E+04	 4.180E+03	 4.223E+03	 5.000E+03	 4.309E+01
   29.2250	 2.000E+01	 1.745E+01	 1.210E+01	 0.000E+00	 2.749E+04	 4.180E+03	 4.217E+03	 5.000E+03	 4.309E+01
   29.2375	 2.000E+01	 1.745E+01	 1.210E+01	 0.000E+00	 2.749E+04	 4.180E+03	 4.210E+03	 5.000E+03	 4.309E+01
   29.2500	 2.000E+01	 1.745E+01	 1.210E+01	 0.000E+00	 2.749E+04	 4.180E+03	 4.204E+03	 5.000E+03	 4.309E+01
   29.2625	 2.000E+01	 1.745E+01	 1.210E+01	 0.000E+00	 2.749E+04	 4.180E+03	 4.197E+03	 5.000E+03	 4.309E+01
   29.2750	 2.000E+01	 1.745E+01	 1.210E+01	 0.000E+00	 2.749E+04	 4.180E+03	 4.191E+03	 5.000E+03	 4.309E+01
   29.2875	 2.000E+01	 1.745E+01	 1.210E+01	 0.000E+00	 2.749E+04	 4.180E+03	 4.184E+03	 5.000E+03	 4.309E+01
   29.3000	 2.000E+01	 1.745E+01	 1.210E+01	 0.000E+00	 2.749E+04	 4.180E+03	 4.178E+03	 5.000E+03	 4.309E+01
   29.3125	 2.000E+01	 1.745E+01	 1.210E+01	 0.000E+00	 2.749E+04	 4.180E+03	 4.171E+03	 5.000E+03	 4.309E+01
   29.3250	 2.000E+01	 1.745E+01	 1.210E+01	 0.000E+00	 2.749E+04	 4.180E+03	 4.165E+03	 5.000E+03	 4.309E+01
   29.3375	 2.000E+01	 1.745E+01	 1.210E+01	 0.000E+00	 2.749E+04	 4.180E+03	 4.159E+03	 5.000E+03	 4.309E+01
   29.3500	 2.000E+01	 1.745E+01	 1.210E+01	 0.000E+00	 2.749E+04	 4.180E+03	 4.152E+03	 5.000E+03	 4.309E+01
   29.3625	 2.000E+01	 1.745E+01	 1.210E+01	 0.000E+00	 2.749E+04	 4.180E+03	 4.146E+03	 5.000E+03	 4.309E+01
   29.3750	 2.000E+01	 1.745E+01	 1.210E+01	 0.000E+00	 2.749E+04	 4.180E+03	 4.139E+03	 5.000E+03	 4.309E+01
   29.3875	 2.000E+01	 1.745E+01	 1.210E+01	 0.000E+00	 2.749E+04	 4.180E+03	 4.133E+03	 5.000E+03	 4.309E+01
   29.4000	 2.000E+01	 1.745E+01	 1.210E+01	 0.000E+00	 2.749E+04	 4.180E+03	 4.126E+03	 5.000E+03	 4.309E+01
   29.4125	 2.000E+01	 1.745E+01	 1.210E+01	 0.000E+00	 2.749E+04	 4.180E+03	 4.120E+03	 5.000E+03	 4.309E+01
   29.4250	 2.000E+01	 1.745E+01	 1.210E+01	 0.000E+00	 2.749E+04	 4.180E+03	 4.113E+03	 5.000E+03	 4.309E+01
   29.4375	 2.000E+01	 1.745E+01	 1.210E+01	 0.000E+00	 2.749E+04	 4.180E+03	 4.107E+03	 5.000E+03	 4.309E+01
   29.4500	 2.000E+01	 1.745E+01	 1.210E+01	 0.000E+00	 2.748E+04	 4.180E+03	 4.101E+03	 5.000E+03	 4.309E+01
   29.4625	 2.000E+01	 1.745E+01	 1.210E+01	 0.000E+00	 2.748E+04	 4.180E+03	 4.094E+03	 5.000E+03	 4.309E+01
   29.4750	 2.000E+01	 1.745E+01	 1.210E+01	 0.000E+00	 2.748E+04	 4.180E+03	 4.088E+03	 5.000E+03	 4.309E+01
   29.4875	 2.000E+01	 1.745E+01	 1.210E+01	 0.000E+00	 2.748E+04	 4.180E+03	 4.082E+03	 5.000E+03	 4.309E+01
   29.5000	 2.000E+01	 1.745E+01	 1.210E+01	 0.000E+00	 2.748E+04	 4.180E+03	 4.076E+03	 5.000E+03	 4.309E+01
   29.5125	 2.000E+01	 1.745E+01	 1.210E+01	 0.000E+00	 2.748E+04	 4.180E+03	 4.070E+03	 5.000E+03	 4.309E+01
   29.5250	 2.000E+01	 1.745E+01	 1.210E+01	 0.000E+00	 2.748E+04	 4.180E+03	 4.064E+03	 5.000E+03	 4.309E+01
   29.5375	 2.000E+01	 1.745E+01	 1.210E+01	 0.000E+00	 2.748E+04	 4.180E+03	 4.057E+03	 5.000E+03	 4.309E+01
   29.5500	 2.000E+01	 1.745E+01	 1.210E+01	 0.000E+00	 2.748E+04	 4.180E+03	 4.051E+03	 5.000E+03	 4.309E+01
   29.5625	 2.000E+01	 1.745E+01	 1.210E+01	 0.000E+00	 2.748E+04	 4.180E+03	 4.045E+03	 5.000E+03	 4.309E+01
   29.5750	 2.000E+01	 1.745E+01	 1.210E+01	 0.000E+00	 2.748E+04	 4.180E+03	 4.040E+03	 5.000E+03	 4.309E+01
   29.5875	 2.000E+01	 1.745E+01	 1.210E+01	 0.000E+00	 2.748E+04	 4.180E+03	 4.034E+03	 5.000E+03	 4.309E+01
   29.6000	 2.000E+01	 1.745E+01	 1.210E+01	 0.000E+00	 2.748E+04	 4.180E+03	 4.028E+03	 5.000E+03	 4.309E+01
   29.6125	 2.000E+01	 1.745E+01	 1.210E+01	 0.000E+00	 2.748E+04	 4.180E+03	 4.022E+03	 5.000E+03	 4.309E+01
   29.6250	 2.000E+01	 1.745E+01	 1.210E+01	 0.000E+00	 2.748E+04	 4.180E+03	 4.016E+03	 5.000E+03	 4.309E+01
   29.6375	 2.000E+01	 1.745E+01	 1.210E+01	 0.000E+00	 2.748E+04	 4.180E+03	 4.010E+03	 5.000E+03	 4.309E+01
   29.6500	 2.000E+01	 1.745E+01	 1.210E+01	 0.000E+00	 2.748E+04	 4.180E+03	 4.005E+03	 5.000E+03	 4.309E+01
   29.6625	 2.000E+01	 1.745E+01	 1.210E+01	 0.000E+00	 2.748E+04	 4.180E+03	 3.999E+03	 5.000E+03	 4.309E+01
   29.6750	 2.000E+01	 1.745E+01	 1.210E+01	 0.000E+00	 2.748E+04	 4.180E+03	 3.994E+03	 5.000E+03	 4.309E+01
   29.6875	 2.000E+01	 1.745E+01	 1.210E+01	 0.000E+00	 2.747E+04	 4.180E+03	 3.988E+03	 5.000E+03	 4.309E+01
   29.7000	 2.000E+01	 1.745E+01	 1.210E+01	 0.000E+00	 2.747E+04	 4.180E+03	 3.983E+03	 5.000E+03	 4.309E+01
   29.7125	 2.000E+01	 1.745E+01	 1.210E+01	 0.000E+00	 2.747E+04	 4.180E+03	 3.977E+03	 5.000E+03	 4.309E+01
   29.7250	 2.000E+01	 1.745E+01	 1.210E+01	 0.000E+00	 2.747E+04	 4.180E+03	 3.972E+03	 5.000E+03	 4.309E+01
   29.7375	 2.000E+01	 1.745E+01	 1.210E+01	 0.000E+00	 2.747E+04	 4.180E+03	 3.966E+03	 5.000E+03	 4.309E+01
   29.7500	 2.000E+01	 1.745E+01	 1.210E+01	 0.000E+00	 2.747E+04	 4.180E+03	 3.961E+03	 5.000E+03	 4.309E+01
   29.7625	 2.000E+01	 1.745E+01	 1.210E+01	 0.000E+00	 2.747E+04	 4.180E+03	 3.956E+03	 5.000E+03	 4.309E+01
   29.7750	 2.000E+01	 1.745E+01	 1.210E+01	 0.000E+00	 2.747E+04	 4.180E+03	 3.951E+03	 5.000E+03	 4.309E+01
   29.7875	 2.000E+01	 1.745E+01	 1.210E+01	 0.000E+00	 2.747E+04	 4.180E+03	 3.946E+03	 5.000E+03	 4.309E+01
   29.8000	 2.000E+01	 1.745E+01	 1.210E+01	 0.000E+00	 2.747E+04	 4.180E+03	 3.941E+03	 5.000E+03	 4.309E+01
   29.8125	 2.000E+01	 1.745E+01	 1.210E+01	 0.000E+00	 2.747E+04	 4.180E+03	 3.936E+03	 5.000E+03	 4.309E+01
   29.8250	 2.000E+01	 1.745E+01	 1.210E+01	 0.000E+00	 2.747E+04	 4.180E+03	 3.931E+03	 5.000E+03	 4.309E+01
   29.8375	 2.000E+01	 1.745E+01	 1.210E+01	 0.000E+00	 2.747E+04	 4.180E+03	 3.926E+03	 5.000E+03	 4.309E+01
   29.8500	 2.000E+01	 1.745E+01	 1.210E+01	 0.000E+00	 2.747E+04	 4.180E+03	 3.921E+03	 5.000E+03	 4.309E+01
   29.8625	 2.000E+01	 1.745E+01	 1.210E+01	 0.000E+00	 2.747E+04	 4.180E+03	 3.917E+03	 5.000E+03	 4.309E+01
   29.8750	 2.000E+01	 1.745E+01	 1.210E+01	 0.000E+00	 2.747E+04	 4.180E+03	 3.912E+03	 5.000E+03	 4.309E+01
   29.8875	 2.000E+01	 1.745E+01	 1.210E+01	 0.000E+00	 2.746E+04	 4.180E+03	 3.908E+03	 5.000E+03	 4.309E+01
   29.9000	 2.000E+01	 1.745E+01	 1.210E+01	 0.000E+00	 2.746E+04	 4.180E+03	 3.903E+03	 5.000E+03	 4.309E+01
   29.9125	 2.000E+01	 1.745E+01	 1.210E+01	 0.000E+00	 2.746E+04	 4.180E+03	 3.899E+03	 5.000E+03	 4.309E+01
   29.9250	 2.000E+01	 1.745E+01	 1.210E+01	 0.000E+00	 2.746E+04	 4.180E+03	 3.894E+03	 5.000E+03	 4.309E+01
   29.9375	 2.000E+01	 1.745E+01	 1.210E+01	 0.000E+00	 2.746E+04	 4.180E+03	 3.890E+03	 5.000E+03	 4.309E+01
   29.9500	 2.000E+01	 1.745E+01	 1.210E+01	 0.000E+00	 2.746E+04	 4.180E+03	 3.886E+03	 5.000E+03	 4.309E+01
   29.9625	 2.000E+01	 1.745E+01	 1.210E+01	 0.000E+00	 2.746E+04	 4.180E+03	 3.882E+03	 5.000E+03	 4.309E+01
   29.9750	 2.000E+01	 1.745E+01	 1.210E+01	 0.000E+00	 2.746E+04	 4.180E+03	 3.878E+03	 5.000E+03	 4.309E+01
   29.9875	 2.000E+01	 1.745E+01	 1.210E+01	 0.000E+00	 2.746E+04	 4.180E+03	 3.875E+03	 5.000E+03	 4.309E+01
   30.0000	 2.000E+01	 1.745E+01	 1.210E+01	 0.000E+00	 2.746E+04	 4.180E+03	 3.871E+03	 5.000E+03	 4.309E+01
   30.0125	 2.000E+01	 1.745E+01	 1.210E+01	 0.000E+00	 2.746E+04	 4.180E+03	 3.867E+03	 5.000E+03	 4.309E+01
   30.0250	 2.000E+01	 1.745E+01	 1.210E+01	 0.000E+00	 2.746E+04	 4.180E+03	 3.864E+03	 5.000E+03	 4.309E+01
   30.0375	 2.000E+01	 1.745E+01	 1.210E+01	 0.000E+00	 2.746E+04	 4.180E+03	 3.860E+03	 5.000E+03	 4.309E+01
   30.0500	 2.000E+01	 1.745E+01	 1.210E+01	 0.000E+00	 2.746E+04	 4.180E+03	 3.857E+03	 5.000E+03	 4.309E+01
   30.0625	 2.000E+01	 1.745E+01	 1.210E+01	 0.000E+00	 2.746E+04	 4.180E+03	 3.854E+03	 5.000E+03	 4.309E+01
   30.0750	 2.000E+01	 1.745E+01	 1.210E+01	 0.000E+00	 2.746E+04	 4.180E+03	 3.850E+03	 5.000E+03	 4.309E+01
   30.0875	 2.000E+01	 1.745E+01	 1.210E+01	 0.000E+00	 2.746E+04	 4.180E+03	 3.847E+03	 5.000E+03	 4.309E+01
   30.1000	 2.000E+01	 1.745E+01	 1.210E+01	 0.000E+00	 2.746E+04	 4.180E+03	 3.844E+03	 5.000E+03	 4.309E+01
   30.1125	 2.000E+01	 1.745E+01	 1.210E+01	 0.000E+00	 2.746E+04	 4.180E+03	 3.841E+03	 5.000E+03	 4.309E+01
   30.1250	 2.000E+01	 1.745E+01	 1.210E+01	 0.000E+00	 2.746E+04	 4.180E+03	 3.838E+03	 5.000E+03	 4.309E+01
   30.1375	 2.000E+01	 1.745E+01	 1.210E+01	 0.000E+00	 2.746E+04	 4.180E+03	 3.836E+03	 5.000E+03	 4.309E+01
   30.1500	 2.000E+01	 1.745E+01	 1.210E+01	 0.000E+00	 2.746E+04	 4.180E+03	 3.833E+03	 5.000E+03	 4.309E+01
   30.1625	 2.000E+01	 1.745E+01	 1.210E+01	 0.000E+00	 2.746E+04	 4.180E+03	 3.831E+03	 5.000E+03	 4.309E+01
   30.1750	 2.000E+01	 1.745E+01	 1.210E+01	 0.000E+00	 2.746E+04	 4.180E+03	 3.828E+03	 5.000E+03	 4.309E+01
   30.1875	 2.000E+01	 1.745E+01	 1.210E+01	 0.000E+00	 2.746E+04	 4.180E+03	 3.826E+03	 5.000E+03	 4.309E+01
   30.2000	 2.000E+01	 1.745E+01	 1.210E+01	 0.000E+00	 2.746E+04	 4.180E+03	 3.824E+03	 5.000E+03	 4.309E+01
   30.2125	 2.000E+01	 1.745E+01	 1.210E+01	 0.000E+00	 2.746E+04	 4.180E+03	 3.821E+03	 5.000E+03	 4.309E+01
   30.2250	 2.000E+01	 1.745E+01	 1.210E+01	 0.000E+00	 2.746E+04	 4.180E+03	 3.819E+03	 5.000E+03	 4.309E+01
   30.2375	 2.000E+01	 1.745E+01	 1.210E+01	 0.000E+00	 2.746E+04	 4.180E+03	 3.817E+03	 5.000E+03	 4.309E+01
   30.2500	 2.000E+01	 1.745E+01	 1.210E+01	 0.000E+00	 2.746E+04	 4.180E+03	 3.816E+03	 5.000E+03	 4.309E+01
   30.2625	 2.000E+01	 1.745E+01	 1.210E+01	 0.000E+00	 2.746E+04	 4.180E+03	 3.814E+03	 5.000E+03	 4.309E+01
   30.2750	 2.000E+01	 1.745E+01	 1.210E+01	 0.000E+00	 2.746E+04	 4.180E+03	 3.812E+03	 5.000E+03	 4.309E+01
   30.2875	 2.000E+01	 1.745E+01	 1.210E+01	 0.000E+00	 2.746E+04	 4.180E+03	 3.811E+03	 5.000E+03	 4.309E+01
   30.3000	 2.000E+01	 1.745E+01	 1.210E+01	 0.000E+00	 2.746E+04	 4.180E+03	 3.809E+03	 5.000E+03	 4.309E+01
   30.3125	 2.000E+01	 1.745E+01	 1.210E+01	 0.000E+00	 2.746E+04	 4.180E+03	 3.808E+03	 5.000E+03	 4.309E+01
   30.3250	 2.000E+01	 1.745E+01	 1.210E+01	 0.000E+00	 2.746E+04	 4.180E+03	 3.807E+03	 5.000E+03	 4.309E+01
   30.3375	 2.000E+01	 1.745E+01	 1.210E+01	 0.000E+00	 2.746E+04	 4.180E+03	 3.806E+03	 5.000E+03	 4.309E+01
   30.3500	 2.000E+01	 1.745E+01	 1.210E+01	 0.000E+00	 2.746E+04	 4.180E+03	 3.805E+03	 5.000E+03	 4.309E+01
   30.3625	 2.000E+01	 1.745E+01	 1.210E+01	 0.000E+00	 2.747E+04	 4.180E+03	 3.804E+03	 5.000E+03	 4.309E+01
   30.3750	 2.000E+01	 1.745E+01	 1.210E+01	 0.000E+00	 2.747E+04	 4.180E+03	 3.803E+03	 5.000E+03	 4.309E+01
   30.3875	 2.000E+01	 1.745E+01	 1.210E+01	 0.000E+00	 2.747E+04	 4.180E+03	 3.802E+03	 5.000E+03	 4.309E+01
   30.4000	 2.000E+01	 1.745E+01	 1.210E+01	 0.000E+00	 2.747E+04	 4.180E+03	 3.802E+03	 5.000E+03	 4.309E+01
   30.4125	 2.000E+01	 1.745E+01	 1.210E+01	 0.000E+00	 2.747E+04	 4.180E+03	 3.801E+03	 5.000E+03	 4.309E+01
   30.4250	 2.000E+01	 1.745E+01	 1.210E+01	 0.000E+00	 2.747E+04	 4.180E+03	 3.801E+03	 5.000E+03	 4.309E+01
   30.4375	 2.000E+01	 1.745E+01	 1.210E+01	 0.000E+00	 2.747E+04	 4.180E+03	 3.801E+03	 5.000E+03	 4.309E+01
   30.4500	 2.000E+01	 1.745E+01	 1.210E+01	 0.000E+00	 2.747E+04	 4.180E+03	 3.801E+03	 5.000E+03	 4.309E+01
   30.4625	 2.000E+01	 1.745E+01	 1.210E+01	 0.000E+00	 2.747E+04	 4.180E+03	 3.801E+03	 5.000E+03	 4.309E+01
   30.4750	 2.000E+01	 1.745E+01	 1.210E+01	 0.000E+00	 2.747E+04	 4.180E+03	 3.801E+03	 5.000E+03	 4.309E+01
   30.4875	 2.000E+01	 1.745E+01	 1.210E+01	 0.000E+00	 2.747E+04	 4.180E+03	 3.801E+03	 5.000E+03	 4.309E+01
   30.5000	 2.000E+01	 1.745E+01	 1.210E+01	 0.000E+00	 2.747E+04	 4.180E+03	 3.801E+03	 5.000E+03	 4.309E+01
   30.5125	 2.000E+01	 1.745E+01	 1.210E+01	 0.000E+00	 2.747E+04	 4.180E+03	 3.802E+03	 5.000E+03	 4.309E+01
   30.5250	 2.000E+01	 1.745E+01	 1.210E+01	 0.000E+00	 2.748E+04	 4.180E+03	 3.802E+03	 5.000E+03	 4.309E+01
   30.5375	 2.000E+01	 1.745E+01	 1.210E+01	 0.000E+00	 2.748E+04	 4.180E+03	 3.803E+03	 5.000E+03	 4.309E+01
   30.5500	 2.000E+01	 1.745E+01	 1.210E+01	 0.000E+00	 2.748E+04	 4.180E+03	 3.804E+03	 5.000E+03	 4.309E+01
   30.5625	 2.000E+01	 1.745E+01	 1.210E+01	 0.000E+00	 2.748E+04	 4.180E+03	 3.805E+03	 5.000E+03	 4.309E+01
   30.5750	 2.000E+01	 1.745E+01	 1.210E+01	 0.000E+00	 2.748E+04	 4.180E+03	 3.806E+03	 5.000E+03	 4.309E+01
   30.5875	 2.000E+01	 1.745E+01	 1.210E+01	 0.000E+00	 2.748E+04	 4.180E+03	 3.807E+03	 5.000E+03	 4.309E+01
   30.6000	 2.000E+01	 1.745E+01	 1.210E+01	 0.000E+00	 2.748E+04	 4.180E+03	 3.808E+03	 5.000E+03	 4.309E+01
   30.6125	 2.000E+01	 1.745E+01	 1.210E+01	 0.000E+00	 2.748E+04	 4.180E+03	 3.809E+03	 5.000E+03	 4.309E+01
   30.6250	 2.000E+01	 1.745E+01	 1.210E+01	 0.000E+00	 2.748E+04	 4.180E+03	 3.811E+03	 5.000E+03	 4.309E+01
   30.6375	 2.000E+01	 1.745E+01	 1.210E+01	 0.000E+00	 2.748E+04	 4.180E+03	 3.812E+03	 5.000E+03	 4.309E+01
   30.6500	 2.000E+01	 1.745E+01	 1.210E+01	 0.000E+00	 2.748E+04	 4.180E+03	 3.814E+03	 5.000E+03	 4.309E+01
   30.6625	 2.000E+01	 1.745E+01	 1.210E+01	 0.000E+00	 2.748E+04	 4.180E+03	 3.815E+03	 5.000E+03	 4.309E+01
   30.6750	 2.000E+01	 1.745E+01	 1.210E+01	 0.000E+00	 2.748E+04	 4.180E+03	 3.817E+03	 5.000E+03	 4.309E+01
   30.6875	 2.000E+01	 1.745E+01	 1.210E+01	 0.000E+00	 2.748E+04	 4.180E+03	 3.819E+03	 5.000E+03	 4.309E+01
   30.7000	 2.000E+01	 1.745E+01	 1.210E+01	 0.000E+00	 2.748E+04	 4.180E+03	 3.821E+03	 5.000E+03	 4.309E+01
   30.7125	 2.000E+01	 1.745E+01	 1.210E+01	 0.000E+00	 2.748E+04	 4.180E+03	 3.824E+03	 5.000E+03	 4.309E+01
   30.7250	 2.000E+01	 1.745E+01	 1.210E+01	 0.000E+00	 2.749E+04	 4.180E+03	 3.826E+03	 5.000E+03	 4.309E+01
   30.7375	 2.000E+01	 1.745E+01	 1.210E+01	 0.000E+00	 2.749E+04	 4.180E+03	 3.828E+03	 5.000E+03	 4.309E+01
   30.7500	 2.000E+01	 1.745E+01	 1.210E+01	 0.000E+00	 2.749E+04	 4.180E+03	 3.831E+03	 5.000E+03	 4.309E+01
   30.7625	 2.000E+01	 1.745E+01	 1.210E+01	 0.000E+00	 2.749E+04	 4.180E+03	 3.833E+03	 5.000E+03	 4.309E+01
   30.7750	 2.000E+01	 1.745E+01	 1.210E+01	 0.000E+00	 2.749E+04	 4.180E+03	 3.836E+03	 5.000E+03	 4.309E+01
   30.7875	 2.000E+01	 1.745E+01	 1.210E+01	 0.000E+00	 2.749E+04	 4.180E+03	 3.839E+03	 5.000E+03	 4.309E+01
   30.8000	 2.000E+01	 1.745E+01	 1.210E+01	 0.000E+00	 2.749E+04	 4.180E+03	 3.842E+03	 5.000E+03	 4.309E+01
   30.8125	 2.000E+01	 1.745E+01	 1.210E+01	 0.000E+00	 2.749E+04	 4.180E+03	 3.845E+03	 5.000E+03	 4.309E+01
   30.8250	 2.000E+01	 1.745E+01	 1.210E+01	 0.000E+00	 2.749E+04	 4.180E+03	 3.848E+03	 5.000E+03	 4.309E+01
   30.8375	 2.000E+01	 1.745E+01	 1.210E+01	 0.000E+00	 2.749E+04	 4.180E+03	 3.851E+03	 5.000E+03	 4.309E+01
   30.8500	 2.000E+01	 1.745E+01	 1.210E+01	 0.000E+00	 2.749E+04	 4.180E+03	 3.854E+03	 5.000E+03	 4.309E+01
   30.8625	 2.000E+01	 1.745E+01	 1.210E+01	 0.000E+00	 2.749E+04	 4.180E+03	 3.858E+03	 5.000E+03	 4.309E+01
   30.8750	 2.000E+01	 1.745E+01	 1.210E+01	 0.000E+00	 2.749E+04	 4.180E+03	 3.861E+03	 5.000E+03	 4.309E+01
   30.8875	 2.000E+01	 1.745E+01	 1.210E+01	 0.000E+00	 2.749E+04	 4.180E+03	 3.865E+03	 5.000E+03	 4.309E+01
   30.9000	 2.000E+01	 1.745E+01	 1.210E+01	 0.000E+00	 2.749E+04	 4.180E+03	 3.869E+03	 5.000E+03	 4.309E+01
   30.9125	 2.000E+01	 1.745E+01	 1.210E+01	 0.000E+00	 2.749E+04	 4.180E+03	 3.872E+03	 5.000E+03	 4.309E+01
   30.9250	 2.000E+01	 1.745E+01	 1.210E+01	 0.000E+00	 2.749E+04	 4.180E+03	 3.876E+03	 5.000E+03	 4.309E+01
   30.9375	 2.000E+01	 1.745E+01	 1.210E+01	 0.000E+00	 2.749E+04	 4.180E+03	 3.880E+03	 5.000E+03	 4.309E+01
   30.9500	 2.000E+01	 1.745E+01	 1.210E+01	 0.000E+00	 2.749E+04	 4.180E+03	 3.884E+03	 5.000E+03	 4.309E+01
   30.9625	 2.000E+01	 1.745E+01	 1.210E+01	 0.000E+00	 2.749E+04	 4.180E+03	 3.889E+03	 5.000E+03	 4.309E+01
   30.9750	 2.000E+01	 1.745E+01	 1.210E+01	 0.000E+00	 2.749E+04	 4.180E+03	 3.893E+03	 5.000E+03	 4.309E+01
   30.9875	 2.000E+01	 1.745E+01	 1.210E+01	 0.000E+00	 2.749E+04	 4.180E+03	 3.897E+03	 5.000E+03	 4.309E+01
   31.0000	 2.000E+01	 1.745E+01	 1.210E+01	 0.000E+00	 2.749E+04	 4.180E+03	 3.902E+03	 5.000E+03	 4.309E+01
   31.0125	 2.000E+01	 1.745E+01	 1.210E+01	 0.000E+00	 2.749E+04	 4.180E+03	 3.906E+03	 5.000E+03	 4.309E+01
   31.0250	 2.000E+01	 1.745E+01	 1.210E+01	 0.000E+00	 2.749E+04	 4.180E+03	 3.911E+03	 5.000E+03	 4.309E+01
   31.0375	 2.000E+01	 1.745E+01	 1.210E+01	 0.000E+00	 2.749E+04	 4.180E+03	 3.915E+03	 5.000E+03	 4.309E+01
   31.0500	 2.000E+01	 1.745E+01	 1.210E+01	 0.000E+00	 2.749E+04	 4.180E+03	 3.920E+03	 5.000E+03	 4.309E+01
   31.0625	 2.000E+01	 1.745E+01	 1.210E+01	 0.000E+00	 2.749E+04	 4.180E+03	 3.925E+03	 5.000E+03	 4.309E+01
   31.0750	 2.000E+01	 1.745E+01	 1.210E+01	 0.000E+00	 2.749E+04	 4.180E+03	 3.930E+03	 5.000E+03	 4.309E+01
   31.0875	 2.000E+01	 1.745E+01	 1.210E+01	 0.000E+00	 2.749E+04	 4.180E+03	 3.935E+03	 5.000E+03	 4.309E+01
   31.1000	 2.000E+01	 1.745E+01	 1.210E+01	 0.000E+00	 2.748E+04	 4.180E+03	 3.940E+03	 5.000E+03	 4.309E+01
   31.1125	 2.000E+01	 1.745E+01	 1.210E+01	 0.000E+00	 2.748E+04	 4.180E+03	 3.945E+03	 5.000E+03	 4.309E+01
   31.1250	 2.000E+01	 1.745E+01	 1.210E+01	 0.000E+00	 2.748E+04	 4.180E+03	 3.951E+03	 5.000E+03	 4.309E+01
   31.1375	 2.000E+01	 1.745E+01	 1.210E+01	 0.000E+00	 2.748E+04	 4.180E+03	 3.956E+03	 5.000E+03	 4.309E+01
   31.1500	 2.000E+01	 1.745E+01	 1.210E+01	 0.000E+00	 2.748E+04	 4.180E+03	 3.961E+03	 5.000E+03	 4.309E+01
   31.1625	 2.000E+01	 1.745E+01	 1.210E+01	 0.000E+00	 2.748E+04	 4.180E+03	 3.967E+03	 5.000E+03	 4.309E+01
   31.1750	 2.000E+01	 1.745E+01	 1.210E+01	 0.000E+00	 2.748E+04	 4.180E+03	 3.972E+03	 5.000E+03	 4.309E+01
   31.1875	 2.000E+01	 1.745E+01	 1.210E+01	 0.000E+00	 2.748E+04	 4.180E+03	 3.978E+03	 5.000E+03	 4.309E+01
   31.2000	 2.000E+01	 1.745E+01	 1.210E+01	 0.000E+00	 2.748E+04	 4.180E+03	 3.984E+03	 5.000E+03	 4.309E+01
   31.2125	 2.000E+01	 1.745E+01	 1.210E+01	 0.000E+00	 2.748E+04	 4.180E+03	 3.989E+03	 5.000E+03	 4.309E+01
   31.2250	 2.000E+01	 1.745E+01	 1.210E+01	 0.000E+00	 2.748E+04	 4.180E+03	 3.995E+03	 5.000E+03	 4.309E+01
   31.2375	 2.000E+01	 1.745E+01	 1.210E+01	 0.000E+00	 2.748E+04	 4.180E+03	 4.001E+03	 5.000E+03	 4.309E+01
   31.2500	 2.000E+01	 1.745E+01	 1.210E+01	 0.000E+00	 2.748E+04	 4.180E+03	 4.007E+03	 5.000E+03	 4.309E+01
   31.2625	 2.000E+01	 1.745E+01	 1.210E+01	 0.000E+00	 2.748E+04	 4.180E+03	 4.013E+03	 5.000E+03	 4.309E+01
   31.2750	 2.000E+01	 1.745E+01	 1.210E+01	 0.000E+00	 2.748E+04	 4.180E+03	 4.019E+03	 5.000E+03	 4.309E+01
   31.2875	 2.000E+01	 1.745E+01	 1.210E+01	 0.000E+00	 2.748E+04	 4.180E+03	 4.025E+03	 5.000E+03	 4.309E+01
   31.3000	 2.000E+01	 1.745E+01	 1.210E+01	 0.000E+00	 2.748E+04	 4.180E+03	 4.031E+03	 5.000E+03	 4.309E+01
   31.3125	 2.000E+01	 1.745E+01	 1.210E+01	 0.000E+00	 2.748E+04	 4.180E+03	 4.037E+03	 5.000E+03	 4.309E+01
   31.3250	 2.000E+01	 1.745E+01	 1.210E+01	 0.000E+00	 2.748E+04	 4.180E+03	 4.044E+03	 5.000E+03	 4.309E+01
   31.3375	 2.000E+01	 1.745E+01	 1.210E+01	 0.000E+00	 2.747E+04	 4.180E+03	 4.050E+03	 5.000E+03	 4.309E+01
   31.3500	 2.000E+01	 1.745E+01	 1.210E+01	 0.000E+00	 2.747E+04	 4.180E+03	 4.056E+03	 5.000E+03	 4.309E+01
   31.3625	 2.000E+01	 1.745E+01	 1.210E+01	 0.000E+00	 2.747E+04	 4.180E+03	 4.062E+03	 5.000E+03	 4.309E+01
   31.3750	 2.000E+01	 1.745E+01	 1.210E+01	 0.000E+00	 2.747E+04	 4.180E+03	 4.069E+03	 5.000E+03	 4.309E+01
   31.3875	 2.000E+01	 1.745E+01	 1.210E+01	 0.000E+00	 2.747E+04	 4.180E+03	 4.075E+03	 5.000E+03	 4.309E+01
   31.4000	 2.000E+01	 1.745E+01	 1.210E+01	 0.000E+00	 2.747E+04	 4.180E+03	 4.082E+03	 5.000E+03	 4.309E+01
   31.4125	 2.000E+01	 1.745E+01	 1.210E+01	 0.000E+00	 2.747E+04	 4.180E+03	 4.088E+03	 5.000E+03	 4.309E+01
   31.4250	 2.000E+01	 1.745E+01	 1.210E+01	 0.000E+00	 2.747E+04	 4.180E+03	 4.095E+03	 5.000E+03	 4.309E+01
   31.4375	 2.000E+01	 1.745E+01	 1.210E+01	 0.000E+00	 2.747E+04	 4.180E+03	 4.101E+03	 5.000E+03	 4.309E+01
   31.4500	 2.000E+01	 1.745E+01	 1.210E+01	 0.000E+00	 2.747E+04	 4.180E+03	 4.108E+03	 5.000E+03	 4.309E+01
   31.4625	 2.000E+01	 1.745E+01	 1.210E+01	 0.000E+00	 2.747E+04	 4.180E+03	 4.115E+03	 5.000E+03	 4.309E+01
   31.4750	 2.000E+01	 1.745E+01	 1.210E+01	 0.000E+00	 2.747E+04	 4.180E+03	 4.121E+03	 5.000E+03	 4.309E+01
   31.4875	 2.000E+01	 1.745E+01	 1.210E+01	 0.000E+00	 2.747E+04	 4.180E+03	 4.128E+03	 5.000E+03	 4.309E+01
   31.5000	 2.000E+01	 1.745E+01	 1.210E+01	 0.000E+00	 2.747E+04	 4.180E+03	 4.135E+03	 5.000E+03	 4.309E+01
   31.5125	 2.000E+01	 1.745E+01	 1.210E+01	 0.000E+00	 2.747E+04	 4.180E+03	 4.141E+03	 5.000E+03	 4.309E+01
   31.5250	 2.000E+01	 1.745E+01	 1.210E+01	 0.000E+00	 2.747E+04	 4.180E+03	 4.148E+03	 5.000E+03	 4.309E+01
   31.5375	 2.000E+01	 1.745E+01	 1.210E+01	 0.000E+00	 2.747E+04	 4.180E+03	 4.155E+03	 5.000E+03	 4.309E+01
   31.5500	 2.000E+01	 1.745E+01	 1.210E+01	 0.000E+00	 2.746E+04	 4.180E+03	 4.162E+03	 5.000E+03	 4.309E+01
   31.5625	 2.000E+01	 1.745E+01	 1.210E+01	 0.000E+00	 2.746E+04	 4.180E+03	 4.168E+03	 5.000E+03	 4.309E+01
   31.5750	 2.000E+01	 1.745E+01	 1.210E+01	 0.000E+00	 2.746E+04	 4.180E+03	 4.175E+03	 5.000E+03	 4.309E+01
   31.5875	 2.000E+01	 1.745E+01	 1.210E+01	 0.000E+00	 2.746E+04	 4.180E+03	 4.182E+03	 5.000E+03	 4.309E+01
   31.6000	 2.000E+01	 1.745E+01	 1.210E+01	 0.000E+00	 2.746E+04	 4.180E+03	 4.189E+03	 5.000E+03	 4.309E+01
   31.6125	 2.000E+01	 1.745E+01	 1.210E+01	 0.000E+00	 2.746E+04	 4.180E+03	 4.196E+03	 5.000E+03	 4.309E+01
   31.6250	 2.000E+01	 1.745E+01	 1.210E+01	 0.000E+00	 2.746E+04	 4.180E+03	 4.203E+03	 5.000E+03	 4.309E+01
   31.6375	 2.000E+01	 1.745E+01	 1.210E+01	 0.000E+00	 2.746E+04	 4.180E+03	 4.210E+03	 5.000E+03	 4.309E+01
   31.6500	 2.000E+01	 1.745E+01	 1.210E+01	 0.000E+00	 2.746E+04	 4.180E+03	 4.216E+03	 5.000E+03	 4.309E+01
   31.6625	 2.000E+01	 1.745E+01	 1.210E+01	 0.000E+00	 2.746E+04	 4.180E+03	 4.223E+03	 5.000E+03	 4.309E+01
   31.6750	 2.000E+01	 1.745E+01	 1.210E+01	 0.000E+00	 2.746E+04	 4.180E+03	 4.230E+03	 5.000E+03	 4.309E+01
   31.6875	 2.000E+01	 1.745E+01	 1.210E+01	 0.000E+00	 2.746E+04	 4.180E+03	 4.237E+03	 5.000E+03	 4.309E+01
   31.7000	 2.000E+01	 1.745E+01	 1.210E+01	 0.000E+00	 2.746E+04	 4.180E+03	 4.244E+03	 5.000E+03	 4.309E+01
   31.7125	 2.000E+01	 1.745E+01	 1.210E+01	 0.000E+00	 2.746E+04	 4.180E+03	 4.251E+03	 5.000E+03	 4.309E+01
   31.7250	 2.000E+01	 1.745E+01	 1.210E+01	 0.000E+00	 2.746E+04	 4.180E+03	 4.258E+03	 5.000E+03	 4.309E+01
   31.7375	 2.000E+01	 1.745E+01	 1.210E+01	 0.000E+00	 2.746E+04	 4.180E+03	 4.264E+03	 5.000E+03	 4.309E+01
   31.7500	 2.000E+01	 1.745E+01	 1.210E+01	 0.000E+00	 2.746E+04	 4.180E+03	 4.271E+03	 5.000E+03	 4.309E+01
   31.7625	 2.000E+01	 1.745E+01	 1.210E+01	 0.000E+00	 2.746E+04	 4.180E+03	 4.278E+03	 5.000E+03	 4.309E+01
   31.7750	 2.000E+01	 1.745E+01	 1.210E+01	 0.000E+00	 2.746E+04	 4.180E+03	 4.285E+03	 5.000E+03	 4.309E+01
   31.7875	 2.000E+01	 1.745E+01	 1.210E+01	 0.000E+00	 2.746E+04	 4.180E+03	 4.292E+03	 5.000E+03	 4.309E+01
   31.8000	 2.000E+01	 1.745E+01	 1.210E+01	 0.000E+00	 2.746E+04	 4.180E+03	 4.298E+03	 5.000E+03	 4.309E+01
   31.8125	 2.000E+01	 1.745E+01	 1.210E+01	 0.000E+00	 2.746E+04	 4.180E+03	 4.305E+03	 5.000E+03	 4.309E+01
   31.8250	 2.000E+01	 1.745E+01	 1.210E+01	 0.000E+00	 2.746E+04	 4.180E+03	 4.312E+03	 5.000E+03	 4.309E+01
   31.8375	 2.000E+01	 1.745E+01	 1.210E+01	 0.000E+00	 2.746E+04	 4.180E+03	 4.318E+03	 5.000E+03	 4.309E+01
   31.8500	 2.000E+01	 1.745E+01	 1.210E+01	 0.000E+00	 2.746E+04	 4.180E+03	 4.325E+03	 5.000E+03	 4.309E+01
   31.8625	 2.000E+01	 1.745E+01	 1.210E+01	 0.000E+00	 2.746E+04	 4.180E+03	 4.332E+03	 5.000E+03	 4.309E+01
   31.8750	 2.000E+01	 1.745E+01	 1.210E+01	 0.000E+00	 2.746E+04	 4.180E+03	 4.338E+03	 5.000E+03	 4.309E+01
   31.8875	 2.000E+01	 1.745E+01	 1.210E+01	 0.000E+00	 2.746E+04	 4.180E+03	 4.345E+03	 5.000E+03	 4.309E+01
   31.9000	 2.000E+01	 1.745E+01	 1.210E+01	 0.000E+00	 2.746E+04	 4.180E+03	 4.351E+03	 5.000E+03	 4.309E+01
   31.9125	 2.000E+01	 1.745E+01	 1.210E+01	 0.000E+00	 2.746E+04	 4.180E+03	 4.358E+03	 5.000E+03	 4.309E+01
   31.9250	 2.000E+01	 1.745E+01	 1.210E+01	 0.000E+00	 2.746E+04	 4.180E+03	 4.364E+03	 5.000E+03	 4.309E+01
   31.9375	 2.000E+01	 1.745E+01	 1.210E+01	 0.000E+00	 2.746E+04	 4.180E+03	 4.370E+03	 5.000E+03	 4.309E+01
   31.9500	 2.000E+01	 1.745E+01	 1.210E+01	 0.000E+00	 2.746E+04	 4.180E+03	 4.377E+03	 5.000E+03	 4.309E+01
   31.9625	 2.000E+01	 1.745E+01	 1.210E+01	 0.000E+00	 2.746E+04	 4.180E+03	 4.383E+03	 5.000E+03	 4.309E+01
   31.9750	 2.000E+01	 1.745E+01	 1.210E+01	 0.000E+00	 2.746E+04	 4.180E+03	 4.389E+03	 5.000E+03	 4.309E+01
   31.9875	 2.000E+01	 1.745E+01	 1.210E+01	 0.000E+00	 2.746E+04	 4.180E+03	 4.395E+03	 5.000E+03	 4.309E+01
   32.0000	 2.000E+01	 1.745E+01	 1.210E+01	 0.000E+00	 2.746E+04	 4.180E+03	 4.401E+03	 5.000E+03	 4.309E+01
   32.0125	 2.000E+01	 1.745E+01	 1.210E+01	 0.000E+00	 2.747E+04	 4.180E+03	 4.407E+03	 5.000E+03	 4.309E+01
   32.0250	 2.000E+01	 1.745E+01	 1.210E+01	 0.000E+00	 2.747E+04	 4.180E+03	 4.413E+03	 5.000E+03	 4.309E+01
   32.0375	 2.000E+01	 1.745E+01	 1.210E+01	 0.000E+00	 2.747E+04	 4.180E+03	 4.419E+03	 5.000E+03	 4.309E+01
   32.0500	 2.000E+01	 1.745E+01	 1.210E+01	 0.000E+00	 2.747E+04	 4.180E+03	 4.425E+03	 5.000E+03	 4.309E+01
   32.0625	 2.000E+01	 1.745E+01	 1.210E+01	 0.000E+00	 2.747E+04	 4.180E+03	 4.431E+03	 5.000E+03	 4.309E+01
   32.0750	 2.000E+01	 1.745E+01	 1.210E+01	 0.000E+00	 2.747E+04	 4.180E+03	 4.437E+03	 5.000E+03	 4.309E+01
   32.0875	 2.000E+01	 1.745E+01	 1.210E+01	 0.000E+00	 2.747E+04	 4.180E+03	 4.443E+03	 5.000E+03	 4.309E+01
   32.1000	 2.000E+01	 1.745E+01	 1.210E+01	 0.000E+00	 2.747E+04	 4.180E+03	 4.448E+03	 5.000E+03	 4.309E+01
   32.1125	 2.000E+01	 1.745E+01	 1.210E+01	 0.000E+00	 2.747E+04	 4.180E+03	 4.454E+03	 5.000E+03	 4.309E+01
   32.1250	 2.000E+01	 1.745E+01	 1.210E+01	 0.000E+00	 2.747E+04	 4.180E+03	 4.459E+03	 5.000E+03	 4.309E+01
   32.1375	 2.000E+01	 1.745E+01	 1.210E+01	 0.000E+00	 2.747E+04	 4.180E+03	 4.465E+03	 5.000E+03	 4.309E+01
   32.1500	 2.000E+01	 1.745E+01	 1.210E+01	 0.000E+00	 2.747E+04	 4.180E+03	 4.470E+03	 5.000E+03	 4.309E+01
   32.1625	 2.000E+01	 1.745E+01	 1.210E+01	 0.000E+00	 2.747E+04	 4.180E+03	 4.476E+03	 5.000E+03	 4.309E+01
   32.1750	 2.000E+01	 1.745E+01	 1.210E+01	 0.000E+00	 2.748E+04	 4.180E+03	 4.481E+03	 5.000E+03	 4.309E+01
   32.1875	 2.000E+01	 1.745E+01	 1.210E+01	 0.000E+00	 2.748E+04	 4.180E+03	 4.486E+03	 5.000E+03	 4.309E+01
   32.2000	 2.000E+01	 1.745E+01	 1.210E+01	 0.000E+00	 2.748E+04	 4.180E+03	 4.491E+03	 5.000E+03	 4.309E+01
   32.2125	 2.000E+01	 1.745E+01	 1.210E+01	 0.000E+00	 2.748E+04	 4.180E+03	 4.496E+03	 5.000E+03	 4.309E+01
   32.2250	 2.000E+01	 1.745E+01	 1.210E+01	 0.000E+00	 2.748E+04	 4.180E+03	 4.501E+03	 5.000E+03	 4.309E+01
   32.2375	 2.000E+01	 1.745E+01	 1.210E+01	 0.000E+00	 2.748E+04	 4.180E+03	 4.506E+03	 5.000E+03	 4.309E+01
   32.2500	 2.000E+01	 1.745E+01	 1.210E+01	 0.000E+00	 2.748E+04	 4.180E+03	 4.511E+03	 5.000E+03	 4.309E+01
   32.2625	 2.000E+01	 1.745E+01	 1.210E+01	 0.000E+00	 2.748E+04	 4.180E+03	 4.515E+03	 5.000E+03	 4.309E+01
   32.2750	 2.000E+01	 1.745E+01	 1.210E+01	 0.000E+00	 2.748E+04	 4.180E+03	 4.520E+03	 5.000E+03	 4.309E+01
   32.2875	 2.000E+01	 1.745E+01	 1.210E+01	 0.000E+00	 2.748E+04	 4.180E+03	 4.525E+03	 5.000E+03	 4.309E+01
   32.3000	 2.000E+01	 1.745E+01	 1.210E+01	 0.000E+00	 2.748E+04	 4.180E+03	 4.529E+03	 5.000E+03	 4.309E+01
   32.3125	 2.000E+01	 1.745E+01	 1.210E+01	 0.000E+00	 2.748E+04	 4.180E+03	 4.533E+03	 5.000E+03	 4.309E+01
   32.3250	 2.000E+01	 1.745E+01	 1.210E+01	 0.000E+00	 2.748E+04	 4.180E+03	 4.538E+03	 5.000E+03	 4.309E+01
   32.3375	 2.000E+01	 1.745E+01	 1.210E+01	 0.000E+00	 2.748E+04	 4.180E+03	 4.542E+03	 5.000E+03	 4.309E+01
   32.3500	 2.000E+01	 1.745E+01	 1.210E+01	 0.000E+00	 2.748E+04	 4.180E+03	 4.546E+03	 5.000E+03	 4.309E+01
   32.3625	 2.000E+01	 1.745E+01	 1.210E+01	 0.000E+00	 2.748E+04	 4.180E+03	 4.550E+03	 5.000E+03	 4.309E+01
   32.3750	 2.000E+01	 1.745E+01	 1.210E+01	 0.000E+00	 2.749E+04	 4.180E+03	 4.554E+03	 5.000E+03	 4.309E+01
   32.3875	 2.000E+01	 1.745E+01	 1.210E+01	 0.000E+00	 2.749E+04	 4.180E+03	 4.558E+03	 5.000E+03	 4.309E+01
   32.4000	 2.000E+01	 1.745E+01	 1.210E+01	 0.000E+00	 2.749E+04	 4.180E+03	 4.561E+03	 5.000E+03	 4.309E+01
   32.4125	 2.000E+01	 1.745E+01	 1.210E+01	 0.000E+00	 2.749E+04	 4.180E+03	 4.565E+03	 5.000E+03	 4.309E+01
   32.4250	 2.000E+01	 1.745E+01	 1.210E+01	 0.000E+00	 2.749E+04	 4.180E+03	 4.569E+03	 5.000E+03	 4.309E+01
   32.4375	 2.000E+01	 1.745E+01	 1.210E+01	 0.000E+00	 2.749E+04	 4.180E+03	 4.572E+03	 5.000E+03	 4.309E+01
   32.4500	 2.000E+01	 1.745E+01	 1.210E+01	 0.000E+00	 2.749E+04	 4.180E+03	 4.576E+03	 5.000E+03	 4.309E+01
   32.4625	 2.000E+01	 1.745E+01	 1.210E+01	 0.000E+00	 2.749E+04	 4.180E+03	 4.579E+03	 5.000E+03	 4.309E+01
   32.4750	 2.000E+01	 1.745E+01	 1.210E+01	 0.000E+00	 2.749E+04	 4.180E+03	 4.582E+03	 5.000E+03	 4.309E+01
   32.4875	 2.000E+01	 1.745E+01	 1.210E+01	 0.000E+00	 2.749E+04	 4.180E+03	 4.585E+03	 5.000E+03	 4.309E+01
   32.5000	 2.000E+01	 1.745E+01	 1.210E+01	 0.000E+00	 2.749E+04	 4.180E+03	 4.588E+03	 5.000E+03	 4.309E+01
   32.5125	 2.000E+01	 1.745E+01	 1.210E+01	 0.000E+00	 2.749E+04	 4.180E+03	 4.591E+03	 5.000E+03	 4.309E+01
   32.5250	 2.000E+01	 1.745E+01	 1.210E+01	 0.000E+00	 2.749E+04	 4.180E+03	 4.594E+03	 5.000E+03	 4.309E+01
   32.5375	 2.000E+01	 1.745E+01	 1.210E+01	 0.000E+00	 2.749E+04	 4.180E+03	 4.597E+03	 5.000E+03	 4.309E+01
   32.5500	 2.000E+01	 1.745E+01	 1.210E+01	 0.000E+00	 2.749E+04	 4.180E+03	 4.599E+03	 5.000E+03	 4.309E+01
   32.5625	 2.000E+01	 1.745E+01	 1.210E+01	 0.000E+00	 2.749E+04	 4.180E+03	 4.602E+03	 5.000E+03	 4.309E+01
   32.5750	 2.000E+01	 1.745E+01	 1.210E+01	 0.000E+00	 2.749E+04	 4.180E+03	 4.604E+03	 5.000E+03	 4.309E+01
   32.5875	 2.000E+01	 1.745E+01	 1.210E+01	 0.000E+00	 2.749E+04	 4.180E+03	 4.607E+03	 5.000E+03	 4.309E+01
   32.6000	 2.000E+01	 1.745E+01	 1.210E+01	 0.000E+00	 2.749E+04	 4.180E+03	 4.609E+03	 5.000E+03	 4.309E+01
   32.6125	 2.000E+01	 1.745E+01	 1.210E+01	 0.000E+00	 2.749E+04	 4.180E+03	 4.611E+03	 5.000E+03	 4.309E+01
   32.6250	 2.000E+01	 1.745E+01	 1.210E+01	 0.000E+00	 2.749E+04	 4.180E+03	 4.613E+03	 5.000E+03	 4.309E+01
   32.6375	 2.000E+01	 1.745E+01	 1.210E+01	 0.000E+00	 2.749E+04	 4.180E+03	 4.615E+03	 5.000E+03	 4.309E+01
   32.6500	 2.000E+01	 1.745E+01	 1.210E+01	 0.000E+00	 2.749E+04	 4.180E+03	 4.617E+03	 5.000E+03	 4.309E+01
   32.6625	 2.000E+01	 1.745E+01	 1.210E+01	 0.000E+00	 2.749E+04	 4.180E+03	 4.619E+03	 5.000E+03	 4.309E+01
   32.6750	 2.000E+01	 1.745E+01	 1.210E+01	 0.000E+00	 2.749E+04	 4.180E+03	 4.621E+03	 5.000E+03	 4.309E+01
   32.6875	 2.000E+01	 1.745E+01	 1.210E+01	 0.000E+00	 2.749E+04	 4.180E+03	 4.622E+03	 5.000E+03	 4.309E+01
   32.7000	 2.000E+01	 1.745E+01	 1.210E+01	 0.000E+00	 2.749E+04	 4.180E+03	 4.624E+03	 5.000E+03	 4.309E+01
   32.7125	 2.000E+01	 1.745E+01	 1.210E+01	 0.000E+00	 2.749E+04	 4.180E+03	 4.625E+03	 5.000E+03	 4.309E+01
   32.7250	 2.000E+01	 1.745E+01	 1.210E+01	 0.000E+00	 2.749E+04	 4.180E+03	 4.626E+03	 5.000E+03	 4.309E+01
   32.7375	 2.000E+01	 1.745E+01	 1.210E+01	 0.000E+00	 2.749E+04	 4.180E+03	 4.628E+03	 5.000E+03	 4.309E+01
   32.7500	 2.000E+01	 1.745E+01	 1.210E+01	 0.000E+00	 2.749E+04	 4.180E+03	 4.629E+03	 5.000E+03	 4.309E+01
   32.7625	 2.000E+01	 1.745E+01	 1.210E+01	 0.000E+00	 2.748E+04	 4.180E+03	 4.630E+03	 5.000E+03	 4.309E+01
   32.7750	 2.000E+01	 1.745E+01	 1.210E+01	 0.000E+00	 2.748E+04	 4.180E+03	 4.631E+03	 5.000E+03	 4.309E+01
   32.7875	 2.000E+01	 1.745E+01	 1.210E+01	 0.000E+00	 2.748E+04	 4.180E+03	 4.632E+03	 5.000E+03	 4.309E+01
   32.8000	 2.000E+01	 1.745E+01	 1.210E+01	 0.000E+00	 2.748E+04	 4.180E+03	 4.632E+03	 5.000E+03	 4.309E+01
   32.8125	 2.000E+01	 1.745E+01	 1.210E+01	 0.000E+00	 2.748E+04	 4.180E+03	 4.633E+03	 5.000E+03	 4.309E+01
   32.8250	 2.000E+01	 1.745E+01	 1.210E+01	 0.000E+00	 2.748E+04	 4.180E+03	 4.633E+03	 5.000E+03	 4.309E+01
   32.8375	 2.000E+01	 1.745E+01	 1.210E+01	 0.000E+00	 2.748E+04	 4.180E+03	 4.634E+03	 5.000E+03	 4.309E+01
   32.8500	 2.000E+01	 1.745E+01	 1.210E+01	 0.000E+00	 2.748E+04	 4.180E+03	 4.634E+03	 5.000E+03	 4.309E+01
   32.8625	 2.000E+01	 1.745E+01	 1.210E+01	 0.000E+00	 2.748E+04	 4.180E+03	 4.634E+03	 5.000E+03	 4.309E+01
   32.8750	 2.000E+01	 1.745E+01	 1.210E+01	 0.000E+00	 2.748E+04	 4.180E+03	 4.635E+03	 5.000E+03	 4.309E+01
   32.8875	 2.000E+01	 1.745E+01	 1.210E+01	 0.000E+00	 2.748E+04	 4.180E+03	 4.635E+03	 5.000E+03	 4.309E+01
   32.9000	 2.000E+01	 1.745E+01	 1.210E+01	 0.000E+00	 2.748E+04	 4.180E+03	 4.635E+03	 5.000E+03	 4.309E+01
   32.9125	 2.000E+01	 1.745E+01	 1.210E+01	 0.000E+00	 2.748E+04	 4.180E+03	 4.634E+03	 5.000E+03	 4.309E+01
   32.9250	 2.000E+01	 1.745E+01	 1.210E+01	 0.000E+00	 2.748E+04	 4.180E+03	 4.634E+03	 5.000E+03	 4.309E+01
   32.9375	 2.000E+01	 1.745E+01	 1.210E+01	 0.000E+00	 2.748E+04	 4.180E+03	 4.634E+03	 5.000E+03	 4.309E+01
   32.9500	 2.000E+01	 1.745E+01	 1.210E+01	 0.000E+00	 2.748E+04	 4.180E+03	 4.633E+03	 5.000E+03	 4.309E+01
   32.9625	 2.000E+01	 1.745E+01	 1.210E+01	 0.000E+00	 2.748E+04	 4.180E+03	 4.633E+03	 5.000E+03	 4.309E+01
   32.9750	 2.000E+01	 1.745E+01	 1.210E+01	 0.000E+00	 2.748E+04	 4.180E+03	 4.632E+03	 5.000E+03	 4.309E+01
   32.9875	 2.000E+01	 1.745E+01	 1.210E+01	 0.000E+00	 2.747E+04	 4.180E+03	 4.632E+03	 5.000E+03	 4.309E+01
   33.0000	 2.000E+01	 1.745E+01	 1.210E+01	 0.000E+00	 2.747E+04	 4.180E+03	 4.631E+03	 5.000E+03	 4.309E+01
   33.0125	 2.000E+01	 1.745E+01	 1.210E+01	 0.000E+00	 2.747E+04	 4.180E+03	 4.630E+03	 5.000E+03	 4.309E+01
   33.0250	 2.000E+01	 1.745E+01	 1.210E+01	 0.000E+00	 2.747E+04	 4.180E+03	 4.629E+03	 5.000E+03	 4.309E+01
   33.0375	 2.000E+01	 1.745E+01	 1.210E+01	 0.000E+00	 2.747E+04	 4.180E+03	 4.628E+03	 5.000E+03	 4.309E+01
   33.0500	 2.000E+01	 1.745E+01	 1.210E+01	 0.000E+00	 2.747E+04	 4.180E+03	 4.627E+03	 5.000E+03	 4.309E+01
   33.0625	 2.000E+01	 1.745E+01	 1.210E+01	 0.000E+00	 2.747E+04	 4.180E+03	 4.625E+03	 5.000E+03	 4.309E+01
   33.0750	 2.000E+01	 1.745E+01	 1.210E+01	 0.000E+00	 2.747E+04	 4.180E+03	 4.624E+03	 5.000E+03	 4.309E+01
   33.0875	 2.000E+01	 1.745E+01	 1.210E+01	 0.000E+00	 2.747E+04	 4.180E+03	 4.622E+03	 5.000E+03	 4.309E+01
   33.1000	 2.000E+01	 1.745E+01	 1.210E+01	 0.000E+00	 2.747E+04	 4.180E+03	 4.621E+03	 5.000E+03	 4.309E+01
   33.1125	 2.000E+01	 1.745E+01	 1.210E+01	 0.000E+00	 2.747E+04	 4.180E+03	 4.619E+03	 5.000E+03	 4.309E+01
   33.1250	 2.000E+01	 1.745E+01	 1.210E+01	 0.000E+00	 2.747E+04	 4.180E+03	 4.617E+03	 5.000E+03	 4.309E+01
   33.1375	 2.000E+01	 1.745E+01	 1.210E+01	 0.000E+00	 2.747E+04	 4.180E+03	 4.616E+03	 5.000E+03	 4.309E+01
   33.1500	 2.000E+01	 1.745E+01	 1.210E+01	 0.000E+00	 2.747E+04	 4.180E+03	 4.614E+03	 5.000E+03	 4.309E+01
   33.1625	 2.000E+01	 1.745E+01	 1.210E+01	 0.000E+00	 2.747E+04	 4.180E+03	 4.612E+03	 5.000E+03	 4.309E+01
   33.1750	 2.000E+01	 1.745E+01	 1.210E+01	 0.000E+00	 2.747E+04	 4.180E+03	 4.609E+03	 5.000E+03	 4.309E+01
   33.1875	 2.000E+01	 1.745E+01	 1.210E+01	 0.000E+00	 2.747E+04	 4.180E+03	 4.607E+03	 5.000E+03	 4.309E+01
   33.2000	 2.000E+01	 1.745E+01	 1.210E+01	 0.000E+00	 2.746E+04	 4.180E+03	 4.605E+03	 5.000E+03	 4.309E+01
   33.2125	 2.000E+01	 1.745E+01	 1.210E+01	 0.000E+00	 2.746E+04	 4.180E+03	 4.603E+03	 5.000E+03	 4.309E+01
   33.2250	 2.000E+01	 1.745E+01	 1.210E+01	 0.000E+00	 2.746E+04	 4.180E+03	 4.600E+03	 5.000E+03	 4.309E+01
   33.2375	 2.000E+01	 1.745E+01	 1.210E+01	 0.000E+00	 2.746E+04	 4.180E+03	 4.598E+03	 5.000E+03	 4.309E+01
   33.2500	 2.000E+01	 1.745E+01	 1.210E+01	 0.000E+00	 2.746E+04	 4.180E+03	 4.595E+03	 5.000E+03	 4.309E+01
   33.2625	 2.000E+01	 1.745E+01	 1.210E+01	 0.000E+00	 2.746E+04	 4.180E+03	 4.592E+03	 5.000E+03	 4.309E+01
   33.2750	 2.000E+01	 1.745E+01	 1.210E+01	 0.000E+00	 2.746E+04	 4.180E+03	 4.589E+03	 5.000E+03	 4.309E+01
   33.2875	 2.000E+01	 1.745E+01	 1.210E+01	 0.000E+00	 2.746E+04	 4.180E+03	 4.586E+03	 5.000E+03	 4.309E+01
   33.3000	 2.000E+01	 1.745E+01	 1.210E+01	 0.000E+00	 2.746E+04	 4.180E+03	 4.584E+03	 5.000E+03	 4.309E+01
   33.3125	 2.000E+01	 1.745E+01	 1.210E+01	 0.000E+00	 2.746E+04	 4.180E+03	 4.580E+03	 5.000E+03	 4.309E+01
   33.3250	 2.000E+01	 1.745E+01	 1.210E+01	 0.000E+00	 2.746E+04	 4.180E+03	 4.577E+03	 5.000E+03	 4.309E+01
   33.3375	 2.000E+01	 1.745E+01	 1.210E+01	 0.000E+00	 2.746E+04	 4.180E+03	 4.574E+03	 5.000E+03	 4.309E+01
   33.3500	 2.000E+01	 1.745E+01	 1.210E+01	 0.000E+00	 2.746E+04	 4.180E+03	 4.571E+03	 5.000E+03	 4.309E+01
   33.3625	 2.000E+01	 1.745E+01	 1.210E+01	 0.000E+00	 2.746E+04	 4.180E+03	 4.567E+03	 5.000E+03	 4.309E+01
   33.3750	 2.000E+01	 1.745E+01	 1.210E+01	 0.000E+00	 2.746E+04	 4.180E+03	 4.564E+03	 5.000E+03	 4.309E+01
   33.3875	 2.000E+01	 1.745E+01	 1.210E+01	 0.000E+00	 2.746E+04	 4.180E+03	 4.560E+03	 5.000E+03	 4.309E+01
   33.4000	 2.000E+01	 1.745E+01	 1.210E+01	 0.000E+00	 2.746E+04	 4.180E+03	 4.557E+03	 5.000E+03	 4.309E+01
   33.4125	 2.000E+01	 1.745E+01	 1.210E+01	 0.000E+00	 2.746E+04	 4.180E+03	 4.553E+03	 5.000E+03	 4.309E+01
   33.4250	 2.000E+01	 1.745E+01	 1.210E+01	 0.000E+00	 2.746E+04	 4.180E+03	 4.549E+03	 5.000E+03	 4.309E+01
   33.4375	 2.000E+01	 1.745E+01	 1.210E+01	 0.000E+00	 2.746E+04	 4.180E+03	 4.545E+03	 5.000E+03	 4.309E+01
   33.4500	 2.000E+01	 1.745E+01	 1.210E+01	 0.000E+00	 2.746E+04	 4.180E+03	 4.542E+03	 5.000E+03	 4.309E+01
   33.4625	 2.000E+01	 1.745E+01	 1.210E+01	 0.000E+00	 2.746E+04	 4.180E+03	 4.538E+03	 5.000E+03	 4.309E+01
   33.4750	 2.000E+01	 1.745E+01	 1.210E+01	 0.000E+00	 2.746E+04	 4.180E+03	 4.534E+03	 5.000E+03	 4.309E+01
   33.4875	 2.000E+01	 1.745E+01	 1.210E+01	 0.000E+00	 2.746E+04	 4.180E+03	 4.529E+03	 5.000E+03	 4.309E+01
   33.5000	 2.000E+01	 1.745E+01	 1.210E+01	 0.000E+00	 2.746E+04	 4.180E+03	 4.525E+03	 5.000E+03	 4.309E+01
   33.5125	 2.000E+01	 1.745E+01	 1.210E+01	 0.000E+00	 2.746E+04	 4.180E+03	 4.521E+03	 5.000E+03	 4.309E+01
   33.5250	 2.000E+01	 1.745E+01	 1.210E+01	 0.000E+00	 2.746E+04	 4.180E+03	 4.517E+03	 5.000E+03	 4.309E+01
   33.5375	 2.000E+01	 1.745E+01	 1.210E+01	 0.000E+00	 2.746E+04	 4.180E+03	 4.512E+03	 5.000E+03	 4.309E+01
   33.5500	 2.000E+01	 1.745E+01	 1.210E+01	 0.000E+00	 2.746E+04	 4.180E+03	 4.508E+03	 5.000E+03	 4.309E+01
   33.5625	 2.000E+01	 1.745E+01	 1.210E+01	 0.000E+00	 2.746E+04	 4.180E+03	 4.503E+03	 5.000E+03	 4.309E+01
   33.5750	 2.000E+01	 1.745E+01	 1.210E+01	 0.000E+00	 2.746E+04	 4.180E+03	 4.498E+03	 5.000E+03	 4.309E+01
   33.5875	 2.000E+01	 1.745E+01	 1.210E+01	 0.000E+00	 2.746E+04	 4.180E+03	 4.494E+03	 5.000E+03	 4.309E+01
   33.6000	 2.000E+01	 1.745E+01	 1.210E+01	 0.000E+00	 2.746E+04	 4.180E+03	 4.489E+03	 5.000E+03	 4.309E+01
   33.6125	 2.000E+01	 1.745E+01	 1.210E+01	 0.000E+00	 2.746E+04	 4.180E+03	 4.484E+03	 5.000E+03	 4.309E+01
   33.6250	 2.000E+01	 1.745E+01	 1.210E+01	 0.000E+00	 2.746E+04	 4.180E+03	 4.479E+03	 5.000E+03	 4.309E+01
   33.6375	 2.000E+01	 1.745E+01	 1.210E+01	 0.000E+00	 2.746E+04	 4.180E+03	 4.474E+03	 5.000E+03	 4.309E+01
   33.6500	 2.000E+01	 1.745E+01	 1.210E+01	 0.000E+00	 2.746E+04	 4.180E+03	 4.469E+03	 5.000E+03	 4.309E+01
   33.6625	 2.000E+01	 1.745E+01	 1.210E+01	 0.000E+00	 2.747E+04	 4.180E+03	 4.464E+03	 5.000E+03	 4.309E+01
   33.6750	 2.000E+01	 1.745E+01	 1.210E+01	 0.000E+00	 2.747E+04	 4.180E+03	 4.459E+03	 5.000E+03	 4.309E+01
   33.6875	 2.000E+01	 1.745E+01	 1.210E+01	 0.000E+00	 2.747E+04	 4.180E+03	 4.454E+03	 5.000E+03	 4.309E+01
   33.7000	 2.000E+01	 1.745E+01	 1.210E+01	 0.000E+00	 2.747E+04	 4.180E+03	 4.449E+03	 5.000E+03	 4.309E+01
   33.7125	 2.000E+01	 1.745E+01	 1.210E+01	 0.000E+00	 2.747E+04	 4.180E+03	 4.444E+03	 5.000E+03	 4.309E+01
   33.7250	 2.000E+01	 1.745E+01	 1.210E+01	 0.000E+00	 2.747E+04	 4.180E+03	 4.438E+03	 5.000E+03	 4.309E+01
   33.7375	 2.000E+01	 1.745E+01	 1.210E+01	 0.000E+00	 2.747E+04	 4.180E+03	 4.433E+03	 5.000E+03	 4.309E+01
   33.7500	 2.000E+01	 1.745E+01	 1.210E+01	 0.000E+00	 2.747E+04	 4.180E+03	 4.428E+03	 5.000E+03	 4.309E+01
   33.7625	 2.000E+01	 1.745E+01	 1.210E+01	 0.000E+00	 2.747E+04	 4.180E+03	 4.422E+03	 5.000E+03	 4.309E+01
   33.7750	 2.000E+01	 1.745E+01	 1.210E+01	 0.000E+00	 2.747E+04	 4.180E+03	 4.417E+03	 5.000E+03	 4.309E+01
   33.7875	 2.000E+01	 1.745E+01	 1.210E+01	 0.000E+00	 2.747E+04	 4.180E+03	 4.411E+03	 5.000E+03	 4.309E+01
   33.8000	 2.000E+01	 1.745E+01	 1.210E+01	 0.000E+00	 2.747E+04	 4.180E+03	 4.405E+03	 5.000E+03	 4.309E+01
   33.8125	 2.000E+01	 1.745E+01	 1.210E+01	 0.000E+00	 2.747E+04	 4.180E+03	 4.400E+03	 5.000E+03	 4.309E+01
   33.8250	 2.000E+01	 1.745E+01	 1.210E+01	 0.000E+00	 2.748E+04	 4.180E+03	 4.394E+03	 5.000E+03	 4.309E+01
   33.8375	 2.000E+01	 1.745E+01	 1.210E+01	 0.000E+00	 2.748E+04	 4.180E+03	 4.388E+03	 5.000E+03	 4.309E+01
   33.8500	 2.000E+01	 1.745E+01	 1.210E+01	 0.000E+00	 2.748E+04	 4.180E+03	 4.382E+03	 5.000E+03	 4.309E+01
   33.8625	 2.000E+01	 1.745E+01	 1.210E+01	 0.000E+00	 2.748E+04	 4.180E+03	 4.377E+03	 5.000E+03	 4.309E+01
   33.8750	 2.000E+01	 1.745E+01	 1.210E+01	 0.000E+00	 2.748E+04	 4.180E+03	 4.371E+03	 5.000E+03	 4.309E+01
   33.8875	 2.000E+01	 1.745E+01	 1.210E+01	 0.000E+00	 2.748E+04	 4.180E+03	 4.365E+03	 5.000E+03	 4.309E+01
   33.9000	 2.000E+01	 1.745E+01	 1.210E+01	 0.000E+00	 2.748E+04	 4.180E+03	 4.359E+03	 5.000E+03	 4.309E+01
   33.9125	 2.000E+01	 1.745E+01	 1.210E+01	 0.000E+00	 2.748E+04	 4.180E+03	 4.353E+03	 5.000E+03	 4.309E+01
   33.9250	 2.000E+01	 1.745E+01	 1.210E+01	 0.000E+00	 2.748E+04	 4.180E+03	 4.347E+03	 5.000E+03	 4.309E+01
   33.9375	 2.000E+01	 1.745E+01	 1.210E+01	 0.000E+00	 2.748E+04	 4.180E+03	 4.341E+03	 5.000E+03	 4.309E+01
   33.9500	 2.000E+01	 1.745E+01	 1.210E+01	 0.000E+00	 2.748E+04	 4.180E+03	 4.335E+03	 5.000E+03	 4.309E+01
   33.9625	 2.000E+01	 1.745E+01	 1.210E+01	 0.000E+00	 2.748E+04	 4.180E+03	 4.329E+03	 5.000E+03	 4.309E+01
   33.9750	 2.000E+01	 1.745E+01	 1.210E+01	 0.000E+00	 2.748E+04	 4.180E+03	 4.322E+03	 5.000E+03	 4.309E+01
   33.9875	 2.000E+01	 1.745E+01	 1.210E+01	 0.000E+00	 2.748E+04	 4.180E+03	 4.316E+03	 5.000E+03	 4.309E+01
   34.0000	 2.000E+01	 1.745E+01	 1.210E+01	 0.000E+00	 2.748E+04	 4.180E+03	 4.310E+03	 5.000E+03	 4.309E+01
   34.0125	 2.000E+01	 1.745E+01	 1.210E+01	 0.000E+00	 2.748E+04	 4.180E+03	 4.304E+03	 5.000E+03	 4.309E+01
   34.0250	 2.000E+01	 1.745E+01	 1.210E+01	 0.000E+00	 2.749E+04	 4.180E+03	 4.298E+03	 5.000E+03	 4.309E+01
   34.0375	 2.000E+01	 1.745E+01	 1.210E+01	 0.000E+00	 2.749E+04	 4.180E+03	 4.291E+03	 5.000E+03	 4.309E+01
   34.0500	 2.000E+01	 1.745E+01	 1.210E+01	 0.000E+00	 2.749E+04	 4.180E+03	 4.285E+03	 5.000E+03	 4.309E+01
   34.0625	 2.000E+01	 1.745E+01	 1.210E+01	 0.000E+00	 2.749E+04	 4.180E+03	 4.279E+03	 5.000E+03	 4.309E+01
   34.0750	 2.000E+01	 1.745E+01	 1.210E+01	 0.000E+00	 2.749E+04	 4.180E+03	 4.273E+03	 5.000E+03	 4.309E+01
   34.0875	 2.000E+01	 1.745E+01	 1.210E+01	 0.000E+00	 2.749E+04	 4.180E+03	 4.266E+03	 5.000E+03	 4.309E+01
   34.1000	 2.000E+01	 1.745E+01	 1.210E+01	 0.000E+00	 2.749E+04	 4.180E+03	 4.260E+03	 5.000E+03	 4.309E+01
   34.1125	 2.000E+01	 1.745E+01	 1.210E+01	 0.000E+00	 2.749E+04	 4.180E+03	 4.254E+03	 5.000E+03	 4.309E+01
   34.1250	 2.000E+01	 1.745E+01	 1.210E+01	 0.000E+00	 2.749E+04	 4.180E+03	 4.247E+03	 5.000E+03	 4.309E+01
   34.1375	 2.000E+01	 1.745E+01	 1.210E+01	 0.000E+00	 2.749E+04	 4.180E+03	 4.241E+03	 5.000E+03	 4.309E+01
   34.1500	 2.000E+01	 1.745E+01	 1.210E+01	 0.000E+00	 2.749E+04	 4.180E+03	 4.234E+03	 5.000E+03	 4.309E+01
   34.1625	 2.000E+01	 1.745E+01	 1.210E+01	 0.000E+00	 2.749E+04	 4.180E+03	 4.228E+03	 5.000E+03	 4.309E+01
   34.1750	 2.000E+01	 1.745E+01	 1.210E+01	 0.000E+00	 2.749E+04	 4.180E+03	 4.221E+03	 5.000E+03	 4.309E+01
   34.1875	 2.000E+01	 1.745E+01	 1.210E+01	 0.000E+00	 2.749E+04	 4.180E+03	 4.215E+03	 5.000E+03	 4.309E+01
   34.2000	 2.000E+01	 1.745E+01	 1.210E+01	 0.000E+00	 2.749E+04	 4.180E+03	 4.208E+03	 5.000E+03	 4.309E+01
   34.2125	 2.000E+01	 1.745E+01	 1.210E+01	 0.000E+00	 2.749E+04	 4.180E+03	 4.202E+03	 5.000E+03	 4.309E+01
   34.2250	 2.000E+01	 1.745E+01	 1.210E+01	 0.000E+00	 2.749E+04	 4.180E+03	 4.195E+03	 5.000E+03	 4.309E+01
   34.2375	 2.000E+01	 1.745E+01	 1.210E+01	 0.000E+00	 2.749E+04	 4.180E+03	 4.189E+03	 5.000E+03	 4.309E+01
   34.2500	 2.000E+01	 1.745E+01	 1.210E+01	 0.000E+00	 2.749E+04	 4.180E+03	 4.182E+03	 5.000E+03	 4.309E+01
   34.2625	 2.000E+01	 1.745E+01	 1.210E+01	 0.000E+00	 2.749E+04	 4.180E+03	 4.176E+03	 5.000E+03	 4.309E+01
   34.2750	 2.000E+01	 1.745E+01	 1.210E+01	 0.000E+00	 2.749E+04	 4.180E+03	 4.169E+03	 5.000E+03	 4.309E+01
   34.2875	 2.000E+01	 1.745E+01	 1.210E+01	 0.000E+00	 2.749E+04	 4.180E+03	 4.163E+03	 5.000E+03	 4.309E+01
   34.3000	 2.000E+01	 1.745E+01	 1.210E+01	 0.000E+00	 2.749E+04	 4.180E+03	 4.157E+03	 5.000E+03	 4.309E+01
   34.3125	 2.000E+01	 1.745E+01	 1.210E+01	 0.000E+00	 2.749E+04	 4.180E+03	 4.150E+03	 5.000E+03	 4.309E+01
   34.3250	 2.000E+01	 1.745E+01	 1.210E+01	 0.000E+00	 2.749E+04	 4.180E+03	 4.144E+03	 5.000E+03	 4.309E+01
   34.3375	 2.000E+01	 1.745E+01	 1.210E+01	 0.000E+00	 2.749E+04	 4.180E+03	 4.137E+03	 5.000E+03	 4.309E+01
   34.3500	 2.000E+01	 1.745E+01	 1.210E+01	 0.000E+00	 2.749E+04	 4.180E+03	 4.131E+03	 5.000E+03	 4.309E+01
   34.3625	 2.000E+01	 1.745E+01	 1.210E+01	 0.000E+00	 2.749E+04	 4.180E+03	 4.124E+03	 5.000E+03	 4.309E+01
   34.3750	 2.000E+01	 1.745E+01	 1.210E+01	 0.000E+00	 2.749E+04	 4.180E+03	 4.118E+03	 5.000E+03	 4.309E+01
   34.3875	 2.000E+01	 1.745E+01	 1.210E+01	 0.000E+00	 2.749E+04	 4.180E+03	 4.111E+03	 5.000E+03	 4.309E+01
   34.4000	 2.000E+01	 1.745E+01	 1.210E+01	 0.000E+00	 2.749E+04	 4.180E+03	 4.105E+03	 5.000E+03	 4.309E+01
   34.4125	 2.000E+01	 1.745E+01	 1.210E+01	 0.000E+00	 2.748E+04	 4.180E+03	 4.099E+03	 5.000E+03	 4.309E+01
   34.4250	 2.000E+01	 1.745E+01	 1.210E+01	 0.000E+00	 2.748E+04	 4.180E+03	 4.093E+03	 5.000E+03	 4.309E+01
   34.4375	 2.000E+01	 1.745E+01	 1.210E+01	 0.000E+00	 2.748E+04	 4.180E+03	 4.086E+03	 5.000E+03	 4.309E+01
   34.4500	 2.000E+01	 1.745E+01	 1.210E+01	 0.000E+00	 2.748E+04	 4.180E+03	 4.080E+03	 5.000E+03	 4.309E+01
   34.4625	 2.000E+01	 1.745E+01	 1.210E+01	 0.000E+00	 2.748E+04	 4.180E+03	 4.074E+03	 5.000E+03	 4.309E+01
   34.4750	 2.000E+01	 1.745E+01	 1.210E+01	 0.000E+00	 2.748E+04	 4.180E+03	 4.068E+03	 5.000E+03	 4.309E+01
   34.4875	 2.000E+01	 1.745E+01	 1.210E+01	 0.000E+00	 2.748E+04	 4.180E+03	 4.062E+03	 5.000E+03	 4.309E+01
   34.5000	 2.000E+01	 1.745E+01	 1.210E+01	 0.000E+00	 2.748E+04	 4.180E+03	 4.056E+03	 5.000E+03	 4.309E+01
   34.5125	 2.000E+01	 1.745E+01	 1.210E+01	 0.000E+00	 2.748E+04	 4.180E+03	 4.050E+03	 5.000E+03	 4.309E+01
   34.5250	 2.000E+01	 1.745E+01	 1.210E+01	 0.000E+00	 2.748E+04	 4.180E+03	 4.044E+03	 5.000E+03	 4.309E+01
   34.5375	 2.000E+01	 1.745E+01	 1.210E+01	 0.000E+00	 2.748E+04	 4.180E+03	 4.038E+03	 5.000E+03	 4.309E+01
   34.5500	 2.000E+01	 1.745E+01	 1.210E+01	 0.000E+00	 2.748E+04	 4.180E+03	 4.032E+03	 5.000E+03	 4.309E+01
   34.5625	 2.000E+01	 1.745E+01	 1.210E+01	 0.000E+00	 2.748E+04	 4.180E+03	 4.026E+03	 5.000E+03	 4.309E+01
   34.5750	 2.000E+01	 1.745E+01	 1.210E+01	 0.000E+00	 2.748E+04	 4.180E+03	 4.020E+03	 5.000E+03	 4.309E+01
   34.5875	 2.000E+01	 1.745E+01	 1.210E+01	 0.000E+00	 2.748E+04	 4.180E+03	 4.014E+03	 5.000E+03	 4.309E+01
   34.6000	 2.000E+01	 1.745E+01	 1.210E+01	 0.000E+00	 2.748E+04	 4.180E+03	 4.009E+03	 5.000E+03	 4.309E+01
   34.6125	 2.000E+01	 1.745E+01	 1.210E+01	 0.000E+00	 2.748E+04	 4.180E+03	 4.003E+03	 5.000E+03	 4.309E+01
   34.6250	 2.000E+01	 1.745E+01	 1.210E+01	 0.000E+00	 2.748E+04	 4.180E+03	 3.997E+03	 5.000E+03	 4.309E+01
   34.6375	 2.000E+01	 1.745E+01	 1.210E+01	 0.000E+00	 2.748E+04	 4.180E+03	 3.992E+03	 5.000E+03	 4.309E+01
   34.6500	 2.000E+01	 1.745E+01	 1.210E+01	 0.000E+00	 2.747E+04	 4.180E+03	 3.986E+03	 5.000E+03	 4.309E+01
   34.6625	 2.000E+01	 1.745E+01	 1.210E+01	 0.000E+00	 2.747E+04	 4.180E+03	 3.981E+03	 5.000E+03	 4.309E+01
   34.6750	 2.000E+01	 1.745E+01	 1.210E+01	 0.000E+00	 2.747E+04	 4.180E+03	 3.975E+03	 5.000E+03	 4.309E+01
   34.6875	 2.000E+01	 1.745E+01	 1.210E+01	 0.000E+00	 2.747E+04	 4.180E+03	 3.970E+03	 5.000E+03	 4.309E+01
   34.7000	 2.000E+01	 1.745E+01	 1.210E+01	 0.000E+00	 2.747E+04	 4.180E+03	 3.965E+03	 5.000E+03	 4.309E+01
   34.7125	 2.000E+01	 1.745E+01	 1.210E+01	 0.000E+00	 2.747E+04	 4.180E+03	 3.960E+03	 5.000E+03	 4.309E+01
   34.7250	 2.000E+01	 1.745E+01	 1.210E+01	 0.000E+00	 2.747E+04	 4.180E+03	 3.955E+03	 5.000E+03	 4.309E+01
   34.7375	 2.000E+01	 1.745E+01	 1.210E+01	 0.000E+00	 2.747E+04	 4.180E+03	 3.949E+03	 5.000E+03	 4.309E+01
   34.7500	 2.000E+01	 1.745E+01	 1.210E+01	 0.000E+00	 2.747E+04	 4.180E+03	 3.944E+03	 5.000E+03	 4.309E+01
   34.7625	 2.000E+01	 1.745E+01	 1.210E+01	 0.000E+00	 2.747E+04	 4.180E+03	 3.939E+03	 5.000E+03	 4.309E+01
   34.7750	 2.000E+01	 1.745E+01	 1.210E+01	 0.000E+00	 2.747E+04	 4.180E+03	 3.934E+03	 5.000E+03	 4.309E+01
   34.7875	 2.000E+01	 1.745E+01	 1.210E+01	 0.000E+00	 2.747E+04	 4.180E+03	 3.930E+03	 5.000E+03	 4.309E+01
   34.8000	 2.000E+01	 1.745E+01	 1.210E+01	 0.000E+00	 2.747E+04	 4.180E+03	 3.925E+03	 5.000E+03	 4.309E+01
   34.8125	 2.000E+01	 1.745E+01	 1.210E+01	 0.000E+00	 2.747E+04	 4.180E+03	 3.920E+03	 5.000E+03	 4.309E+01
   34.8250	 2.000E+01	 1.745E+01	 1.210E+01	 0.000E+00	 2.747E+04	 4.180E+03	 3.915E+03	 5.000E+03	 4.309E+01
   34.8375	 2.000E+01	 1.745E+01	 1.210E+01	 0.000E+00	 2.747E+04	 4.180E+03	 3.911E+03	 5.000E+03	 4.309E+01
   34.8500	 2.000E+01	 1.745E+01	 1.210E+01	 0.000E+00	 2.746E+04	 4.180E+03	 3.906E+03	 5.000E+03	 4.309E+01
   34.8625	 2.000E+01	 1.745E+01	 1.210E+01	 0.000E+00	 2.746E+04	 4.180E+03	 3.902E+03	 5.000E+03	 4.309E+01
   34.8750	 2.000E+01	 1.745E+01	 1.210E+01	 0.000E+00	 2.746E+04	 4.180E+03	 3.897E+03	 5.000E+03	 4.309E+01
   34.8875	 2.000E+01	 1.745E+01	 1.210E+01	 0.000E+00	 2.746E+04	 4.180E+03	 3.893E+03	 5.000E+03	 4.309E+01
   34.9000	 2.000E+01	 1.745E+01	 1.210E+01	 0.000E+00	 2.746E+04	 4.180E+03	 3.889E+03	 5.000E+03	 4.309E+01
   34.9125	 2.000E+01	 1.745E+01	 1.210E+01	 0.000E+00	 2.746E+04	 4.180E+03	 3.885E+03	 5.000E+03	 4.309E+01
   34.9250	 2.000E+01	 1.745E+01	 1.210E+01	 0.000E+00	 2.746E+04	 4.180E+03	 3.881E+03	 5.000E+03	 4.309E+01
   34.9375	 2.000E+01	 1.745E+01	 1.210E+01	 0.000E+00	 2.746E+04	 4.180E+03	 3.877E+03	 5.000E+03	 4.309E+01
   34.9500	 2.000E+01	 1.745E+01	 1.210E+01	 0.000E+00	 2.746E+04	 4.180E+03	 3.873E+03	 5.000E+03	 4.309E+01
   34.9625	 2.000E+01	 1.745E+01	 1.210E+01	 0.000E+00	 2.746E+04	 4.180E+03	 3.870E+03	 5.000E+03	 4.309E+01
   34.9750	 2.000E+01	 1.745E+01	 1.210E+01	 0.000E+00	 2.746E+04	 4.180E+03	 3.866E+03	 5.000E+03	 4.309E+01
   34.9875	 2.000E+01	 1.745E+01	 1.210E+01	 0.000E+00	 2.746E+04	 4.180E+03	 3.863E+03	 5.000E+03	 4.309E+01
   35.0000	 2.000E+01	 1.745E+01	 1.210E+01	 0.000E+00	 2.746E+04	 4.180E+03	 3.859E+03	 5.000E+03	 4.309E+01
   35.0125	 2.000E+01	 1.745E+01	 1.210E+01	 0.000E+00	 2.746E+04	 4.180E+03	 3.856E+03	 5.000E+03	 4.309E+01
   35.0250	 2.000E+01	 1.745E+01	 1.210E+01	 0.000E+00	 2.746E+04	 4.180E+03	 3.853E+03	 5.000E+03	 4.309E+01
   35.0375	 2.000E+01	 1.745E+01	 1.210E+01	 0.000E+00	 2.746E+04	 4.180E+03	 3.849E+03	 5.000E+03	 4.309E+01
   35.0500	 2.000E+01	 1.745E+01	 1.210E+01	 0.000E+00	 2.746E+04	 4.180E+03	 3.846E+03	 5.000E+03	 4.309E+01
   35.0625	 2.000E+01	 1.745E+01	 1.210E+01	 0.000E+00	 2.746E+04	 4.180E+03	 3.843E+03	 5.000E+03	 4.309E+01
   35.0750	 2.000E+01	 1.745E+01	 1.210E+01	 0.000E+00	 2.746E+04	 4.180E+03	 3.840E+03	 5.000E+03	 4.309E+01
   35.0875	 2.000E+01	 1.745E+01	 1.210E+01	 0.000E+00	 2.746E+04	 4.180E+03	 3.838E+03	 5.000E+03	 4.309E+01
   35.1000	 2.000E+01	 1.745E+01	 1.210E+01	 0.000E+00	 2.746E+04	 4.180E+03	 3.835E+03	 5.000E+03	 4.309E+01
   35.1125	 2.000E+01	 1.745E+01	 1.210E+01	 0.000E+00	 2.746E+04	 4.180E+03	 3.832E+03	 5.000E+03	 4.309E+01
   35.1250	 2.000E+01	 1.745E+01	 1.210E+01	 0.000E+00	 2.746E+04	 4.180E+03	 3.830E+03	 5.000E+03	 4.309E+01
   35.1375	 2.000E+01	 1.745E+01	 1.210E+01	 0.000E+00	 2.746E+04	 4.180E+03	 3.827E+03	 5.000E+03	 4.309E+01
   35.1500	 2.000E+01	 1.745E+01	 1.210E+01	 0.000E+00	 2.746E+04	 4.180E+03	 3.825E+03	 5.000E+03	 4.309E+01
   35.1625	 2.000E+01	 1.745E+01	 1.210E+01	 0.000E+00	 2.746E+04	 4.180E+03	 3.823E+03	 5.000E+03	 4.309E+01
   35.1750	 2.000E+01	 1.745E+01	 1.210E+01	 0.000E+00	 2.746E+04	 4.180E+03	 3.821E+03	 5.000E+03	 4.309E+01
   35.1875	 2.000E+01	 1.745E+01	 1.210E+01	 0.000E+00	 2.746E+04	 4.180E+03	 3.819E+03	 5.000E+03	 4.309E+01
   35.2000	 2.000E+01	 1.745E+01	 1.210E+01	 0.000E+00	 2.746E+04	 4.180E+03	 3.817E+03	 5.000E+03	 4.309E+01
   35.2125	 2.000E+01	 1.745E+01	 1.210E+01	 0.000E+00	 2.746E+04	 4.180E+03	 3.815E+03	 5.000E+03	 4.309E+01
   35.2250	 2.000E+01	 1.745E+01	 1.210E+01	 0.000E+00	 2.746E+04	 4.180E+03	 3.813E+03	 5.000E+03	 4.309E+01
   35.2375	 2.000E+01	 1.745E+01	 1.210E+01	 0.000E+00	 2.746E+04	 4.180E+03	 3.812E+03	 5.000E+03	 4.309E+01
   35.2500	 2.000E+01	 1.745E+01	 1.210E+01	 0.000E+00	 2.746E+04	 4.180E+03	 3.810E+03	 5.000E+03	 4.309E+01
   35.2625	 2.000E+01	 1.745E+01	 1.210E+01	 0.000E+00	 2.746E+04	 4.180E+03	 3.809E+03	 5.000E+03	 4.309E+01
   35.2750	 2.000E+01	 1.745E+01	 1.210E+01	 0.000E+00	 2.746E+04	 4.180E+03	 3.808E+03	 5.000E+03	 4.309E+01
   35.2875	 2.000E+01	 1.745E+01	 1.210E+01	 0.000E+00	 2.746E+04	 4.180E+03	 3.807E+03	 5.000E+03	 4.309E+01
   35.3000	 2.000E+01	 1.745E+01	 1.210E+01	 0.000E+00	 2.746E+04	 4.180E+03	 3.805E+03	 5.000E+03	 4.309E+01
   35.3125	 2.000E+01	 1.745E+01	 1.210E+01	 0.000E+00	 2.747E+04	 4.180E+03	 3.804E+03	 5.000E+03	 4.309E+01
   35.3250	 2.000E+01	 1.745E+01	 1.210E+01	 0.000E+00	 2.747E+04	 4.180E+03	 3.804E+03	 5.000E+03	 4.309E+01
   35.3375	 2.000E+01	 1.745E+01	 1.210E+01	 0.000E+00	 2.747E+04	 4.180E+03	 3.803E+03	 5.000E+03	 4.309E+01
   35.3500	 2.000E+01	 1.745E+01	 1.210E+01	 0.000E+00	 2.747E+04	 4.180E+03	 3.802E+03	 5.000E+03	 4.309E+01
   35.3625	 2.000E+01	 1.745E+01	 1.210E+01	 0.000E+00	 2.747E+04	 4.180E+03	 3.802E+03	 5.000E+03	 4.309E+01
   35.3750	 2.000E+01	 1.745E+01	 1.210E+01	 0.000E+00	 2.747E+04	 4.180E+03	 3.801E+03	 5.000E+03	 4.309E+01
   35.3875	 2.000E+01	 1.745E+01	 1.210E+01	 0.000E+00	 2.747E+04	 4.180E+03	 3.801E+03	 5.000E+03	 4.309E+01
   35.4000	 2.000E+01	 1.745E+01	 1.210E+01	 0.000E+00	 2.747E+04	 4.180E+03	 3.801E+03	 5.000E+03	 4.309E+01
   35.4125	 2.000E+01	 1.745E+01	 1.210E+01	 0.000E+00	 2.747E+04	 4.180E+03	 3.801E+03	 5.000E+03	 4.309E+01
   35.4250	 2.000E+01	 1.745E+01	 1.210E+01	 0.000E+00	 2.747E+04	 4.180E+03	 3.801E+03	 5.000E+03	 4.309E+01
   35.4375	 2.000E+01	 1.745E+01	 1.210E+01	 0.000E+00	 2.747E+04	 4.180E+03	 3.801E+03	 5.000E+03	 4.309E+01
   35.4500	 2.000E+01	 1.745E+01	 1.210E+01	 0.000E+00	 2.747E+04	 4.180E+03	 3.801E+03	 5.000E+03	 4.309E+01
   35.4625	 2.000E+01	 1.745E+01	 1.210E+01	 0.000E+00	 2.747E+04	 4.180E+03	 3.802E+03	 5.000E+03	 4.309E+01
   35.4750	 2.000E+01	 1.745E+01	 1.210E+01	 0.000E+00	 2.748E+04	 4.180E+03	 3.802E+03	 5.000E+03	 4.309E+01
   35.4875	 2.000E+01	 1.745E+01	 1.210E+01	 0.000E+00	 2.748E+04	 4.180E+03	 3.803E+03	 5.000E+03	 4.309E+01
   35.5000	 2.000E+01	 1.745E+01	 1.210E+01	 0.000E+00	 2.748E+04	 4.180E+03	 3.803E+03	 5.000E+03	 4.309E+01
   35.5125	 2.000E+01	 1.745E+01	 1.210E+01	 0.000E+00	 2.748E+04	 4.180E+03	 3.804E+03	 5.000E+03	 4.309E+01
   35.5250	 2.000E+01	 1.745E+01	 1.210E+01	 0.000E+00	 2.748E+04	 4.180E+03	 3.805E+03	 5.000E+03	 4.309E+01
   35.5375	 2.000E+01	 1.745E+01	 1.210E+01	 0.000E+00	 2.748E+04	 4.180E+03	 3.806E+03	 5.000E+03	 4.309E+01
   35.5500	 2.000E+01	 1.745E+01	 1.210E+01	 0.000E+00	 2.748E+04	 4.180E+03	 3.807E+03	 5.000E+03	 4.309E+01
   35.5625	 2.000E+01	 1.745E+01	 1.210E+01	 0.000E+00	 2.748E+04	 4.180E+03	 3.808E+03	 5.000E+03	 4.309E+01
   35.5750	 2.000E+01	 1.745E+01	 1.210E+01	 0.000E+00	 2.748E+04	 4.180E+03	 3.810E+03	 5.000E+03	 4.309E+01
   35.5875	 2.000E+01	 1.745E+01	 1.210E+01	 0.000E+00	 2.748E+04	 4.180E+03	 3.811E+03	 5.000E+03	 4.309E+01
   35.6000	 2.000E+01	 1.745E+01	 1.210E+01	 0.000E+00	 2.748E+04	 4.180E+03	 3.813E+03	 5.000E+03	 4.309E+01
   35.6125	 2.000E+01	 1.745E+01	 1.210E+01	 0.000E+00	 2.748E+04	 4.180E+03	 3.814E+03	 5.000E+03	 4.309E+01
   35.6250	 2.000E+01	 1.745E+01	 1.210E+01	 0.000E+00	 2.748E+04	 4.180E+03	 3.816E+03	 5.000E+03	 4.309E+01
   35.6375	 2.000E+01	 1.745E+01	 1.210E+01	 0.000E+00	 2.748E+04	 4.180E+03	 3.818E+03	 5.000E+03	 4.309E+01
   35.6500	 2.000E+01	 1.745E+01	 1.210E+01	 0.000E+00	 2.748E+04	 4.180E+03	 3.820E+03	 5.000E+03	 4.309E+01
   35.6625	 2.000E+01	 1.745E+01	 1.210E+01	 0.000E+00	 2.748E+04	 4.180E+03	 3.822E+03	 5.000E+03	 4.309E+01
   35.6750	 2.000E+01	 1.745E+01	 1.210E+01	 0.000E+00	 2.748E+04	 4.180E+03	 3.824E+03	 5.000E+03	 4.309E+01
   35.6875	 2.000E+01	 1.745E+01	 1.210E+01	 0.000E+00	 2.749E+04	 4.180E+03	 3.827E+03	 5.000E+03	 4.309E+01
   35.7000	 2.000E+01	 1.745E+01	 1.210E+01	 0.000E+00	 2.749E+04	 4.180E+03	 3.829E+03	 5.000E+03	 4.309E+01
   35.7125	 2.000E+01	 1.745E+01	 1.210E+01	 0.000E+00	 2.749E+04	 4.180E+03	 3.831E+03	 5.000E+03	 4.309E+01
   35.7250	 2.000E+01	 1.745E+01	 1.210E+01	 0.000E+00	 2.749E+04	 4.180E+03	 3.834E+03	 5.000E+03	 4.309E+01
   35.7375	 2.000E+01	 1.745E+01	 1.210E+01	 0.000E+00	 2.749E+04	 4.180E+03	 3.837E+03	 5.000E+03	 4.309E+01
   35.7500	 2.000E+01	 1.745E+01	 1.210E+01	 0.000E+00	 2.749E+04	 4.180E+03	 3.840E+03	 5.000E+03	 4.309E+01
   35.7625	 2.000E+01	 1.745E+01	 1.210E+01	 0.000E+00	 2.749E+04	 4.180E+03	 3.843E+03	 5.000E+03	 4.309E+01
   35.7750	 2.000E+01	 1.745E+01	 1.210E+01	 0.000E+00	 2.749E+04	 4.180E+03	 3.846E+03	 5.000E+03	 4.309E+01
   35.7875	 2.000E+01	 1.745E+01	 1.210E+01	 0.000E+00	 2.749E+04	 4.180E+03	 3.849E+03	 5.000E+03	 4.309E+01
   35.8000	 2.000E+01	 1.745E+01	 1.210E+01	 0.000E+00	 2.749E+04	 4.180E+03	 3.852E+03	 5.000E+03	 4.309E+01
   35.8125	 2.000E+01	 1.745E+01	 1.210E+01	 0.000E+00	 2.749E+04	 4.180E+03	 3.855E+03	 5.000E+03	 4.309E+01
   35.8250	 2.000E+01	 1.745E+01	 1.210E+01	 0.000E+00	 2.749E+04	 4.180E+03	 3.859E+03	 5.000E+03	 4.309E+01
   35.8375	 2.000E+01	 1.745E+01	 1.210E+01	 0.000E+00	 2.749E+04	 4.180E+03	 3.862E+03	 5.000E+03	 4.309E+01
   35.8500	 2.000E+01	 1.745E+01	 1.210E+01	 0.000E+00	 2.749E+04	 4.180E+03	 3.866E+03	 5.000E+03	 4.309E+01
   35.8625	 2.000E+01	 1.745E+01	 1.210E+01	 0.000E+00	 2.749E+04	 4.180E+03	 3.870E+03	 5.000E+03	 4.309E+01
   35.8750	 2.000E+01	 1.745E+01	 1.210E+01	 0.000E+00	 2.749E+04	 4.180E+03	 3.874E+03	 5.000E+03	 4.309E+01
   35.8875	 2.000E+01	 1.745E+01	 1.210E+01	 0.000E+00	 2.749E+04	 4.180E+03	 3.878E+03	 5.000E+03	 4.309E+01
   35.9000	 2.000E+01	 1.745E+01	 1.210E+01	 0.000E+00	 2.749E+04	 4.180E+03	 3.882E+03	 5.000E+03	 4.309E+01
   35.9125	 2.000E+01	 1.745E+01	 1.210E+01	 0.000E+00	 2.749E+04	 4.180E+03	 3.886E+03	 5.000E+03	 4.309E+01
   35.9250	 2.000E+01	 1.745E+01	 1.210E+01	 0.000E+00	 2.749E+04	 4.180E+03	 3.890E+03	 5.000E+03	 4.309E+01
   35.9375	 2.000E+01	 1.745E+01	 1.210E+01	 0.000E+00	 2.749E+04	 4.180E+03	 3.894E+03	 5.000E+03	 4.309E+01
   35.9500	 2.000E+01	 1.745E+01	 1.210E+01	 0.000E+00	 2.749E+04	 4.180E+03	 3.899E+03	 5.000E+03	 4.309E+01
   35.9625	 2.000E+01	 1.745E+01	 1.210E+01	 0.000E+00	 2.749E+04	 4.180E+03	 3.903E+03	 5.000E+03	 4.309E+01
   35.9750	 2.000E+01	 1.745E+01	 1.210E+01	 0.000E+00	 2.749E+04	 4.180E+03	 3.908E+03	 5.000E+03	 4.309E+01
   35.9875	 2.000E+01	 1.745E+01	 1.210E+01	 0.000E+00	 2.749E+04	 4.180E+03	 3.912E+03	 5.000E+03	 4.309E+01
   36.0000	 2.000E+01	 1.745E+01	 1.210E+01	 0.000E+00	 2.749E+04	 4.180E+03	 3.917E+03	 5.000E+03	 4.309E+01
   36.0125	 2.000E+01	 1.745E+01	 1.210E+01	 0.000E+00	 2.749E+04	 4.180E+03	 3.922E+03	 5.000E+03	 4.309E+01
   36.0250	 2.000E+01	 1.745E+01	 1.210E+01	 0.000E+00	 2.749E+04	 4.180E+03	 3.927E+03	 5.000E+03	 4.309E+01
   36.0375	 2.000E+01	 1.745E+01	 1.210E+01	 0.000E+00	 2.749E+04	 4.180E+03	 3.932E+03	 5.000E+03	 4.309E+01
   36.0500	 2.000E+01	 1.745E+01	 1.210E+01	 0.000E+00	 2.749E+04	 4.180E+03	 3.937E+03	 5.000E+03	 4.309E+01
   36.0625	 2.000E+01	 1.745E+01	 1.210E+01	 0.000E+00	 2.748E+04	 4.180E+03	 3.942E+03	 5.000E+03	 4.309E+01
   36.0750	 2.000E+01	 1.745E+01	 1.210E+01	 0.000E+00	 2.748E+04	 4.180E+03	 3.947E+03	 5.000E+03	 4.309E+01
   36.0875	 2.000E+01	 1.745E+01	 1.210E+01	 0.000E+00	 2.748E+04	 4.180E+03	 3.952E+03	 5.000E+03	 4.309E+01
   36.1000	 2.000E+01	 1.745E+01	 1.210E+01	 0.000E+00	 2.748E+04	 4.180E+03	 3.958E+03	 5.000E+03	 4.309E+01
   36.1125	 2.000E+01	 1.745E+01	 1.210E+01	 0.000E+00	 2.748E+04	 4.180E+03	 3.963E+03	 5.000E+03	 4.309E+01
   36.1250	 2.000E+01	 1.745E+01	 1.210E+01	 0.000E+00	 2.748E+04	 4.180E+03	 3.968E+03	 5.000E+03	 4.309E+01
   36.1375	 2.000E+01	 1.745E+01	 1.210E+01	 0.000E+00	 2.748E+04	 4.180E+03	 3.974E+03	 5.000E+03	 4.309E+01
   36.1500	 2.000E+01	 1.745E+01	 1.210E+01	 0.000E+00	 2.748E+04	 4.180E+03	 3.980E+03	 5.000E+03	 4.309E+01
   36.1625	 2.000E+01	 1.745E+01	 1.210E+01	 0.000E+00	 2.748E+04	 4.180E+03	 3.985E+03	 5.000E+03	 4.309E+01
   36.1750	 2.000E+01	 1.745E+01	 1.210E+01	 0.000E+00	 2.748E+04	 4.180E+03	 3.991E+03	 5.000E+03	 4.309E+01
   36.1875	 2.000E+01	 1.745E+01	 1.210E+01	 0.000E+00	 2.748E+04	 4.180E+03	 3.997E+03	 5.000E+03	 4.309E+01
   36.2000	 2.000E+01	 1.745E+01	 1.210E+01	 0.000E+00	 2.748E+04	 4.180E+03	 4.003E+03	 5.000E+03	 4.309E+01
   36.2125	 2.000E+01	 1.745E+01	 1.210E+01	 0.000E+00	 2.748E+04	 4.180E+03	 4.009E+03	 5.000E+03	 4.309E+01
   36.2250	 2.000E+01	 1.745E+01	 1.210E+01	 0.000E+00	 2.748E+04	 4.180E+03	 4.015E+03	 5.000E+03	 4.309E+01
   36.2375	 2.000E+01	 1.745E+01	 1.210E+01	 0.000E+00	 2.748E+04	 4.180E+03	 4.021E+03	 5.000E+03	 4.309E+01
   36.2500	 2.000E+01	 1.745E+01	 1.210E+01	 0.000E+00	 2.748E+04	 4.180E+03	 4.027E+03	 5.000E+03	 4.309E+01
   36.2625	 2.000E+01	 1.745E+01	 1.210E+01	 0.000E+00	 2.748E+04	 4.180E+03	 4.033E+03	 5.000E+03	 4.309E+01
   36.2750	 2.000E+01	 1.745E+01	 1.210E+01	 0.000E+00	 2.748E+04	 4.180E+03	 4.039E+03	 5.000E+03	 4.309E+01
   36.2875	 2.000E+01	 1.745E+01	 1.210E+01	 0.000E+00	 2.748E+04	 4.180E+03	 4.045E+03	 5.000E+03	 4.309E+01
   36.3000	 2.000E+01	 1.745E+01	 1.210E+01	 0.000E+00	 2.747E+04	 4.180E+03	 4.052E+03	 5.000E+03	 4.309E+01
   36.3125	 2.000E+01	 1.745E+01	 1.210E+01	 0.000E+00	 2.747E+04	 4.180E+03	 4.058E+03	 5.000E+03	 4.309E+01
   36.3250	 2.000E+01	 1.745E+01	 1.210E+01	 0.000E+00	 2.747E+04	 4.180E+03	 4.064E+03	 5.000E+03	 4.309E+01
   36.3375	 2.000E+01	 1.745E+01	 1.210E+01	 0.000E+00	 2.747E+04	 4.180E+03	 4.071E+03	 5.000E+03	 4.309E+01
   36.3500	 2.000E+01	 1.745E+01	 1.210E+01	 0.000E+00	 2.747E+04	 4.180E+03	 4.077E+03	 5.000E+03	 4.309E+01
   36.3625	 2.000E+01	 1.745E+01	 1.210E+01	 0.000E+00	 2.747E+04	 4.180E+03	 4.084E+03	 5.000E+03	 4.309E+01
   36.3750	 2.000E+01	 1.745E+01	 1.210E+01	 0.000E+00	 2.747E+04	 4.180E+03	 4.090E+03	 5.000E+03	 4.309E+01
   36.3875	 2.000E+01	 1.745E+01	 1.210E+01	 0.000E+00	 2.747E+04	 4.180E+03	 4.097E+03	 5.000E+03	 4.309E+01
   36.4000	 2.000E+01	 1.745E+01	 1.210E+01	 0.000E+00	 2.747E+04	 4.180E+03	 4.104E+03	 5.000E+03	 4.309E+01
   36.4125	 2.000E+01	 1.745E+01	 1.210E+01	 0.000E+00	 2.747E+04	 4.180E+03	 4.110E+03	 5.000E+03	 4.309E+01
   36.4250	 2.000E+01	 1.745E+01	 1.210E+01	 0.000E+00	 2.747E+04	 4.180E+03	 4.117E+03	 5.000E+03	 4.309E+01
   36.4375	 2.000E+01	 1.745E+01	 1.210E+01	 0.000E+00	 2.747E+04	 4.180E+03	 4.123E+03	 5.000E+03	 4.309E+01
   36.4500	 2.000E+01	 1.745E+01	 1.210E+01	 0.000E+00	 2.747E+04	 4.180E+03	 4.130E+03	 5.000E+03	 4.309E+01
   36.4625	 2.000E+01	 1.745E+01	 1.210E+01	 0.000E+00	 2.747E+04	 4.180E+03	 4.137E+03	 5.000E+03	 4.309E+01
   36.4750	 2.000E+01	 1.745E+01	 1.210E+01	 0.000E+00	 2.747E+04	 4.180E+03	 4.144E+03	 5.000E+03	 4.309E+01
   36.4875	 2.000E+01	 1.745E+01	 1.210E+01	 0.000E+00	 2.747E+04	 4.180E+03	 4.150E+03	 5.000E+03	 4.309E+01
   36.5000	 2.000E+01	 1.745E+01	 1.210E+01	 0.000E+00	 2.746E+04	 4.180E+03	 4.157E+03	 5.000E+03	 4.309E+01
   36.5125	 2.000E+01	 1.745E+01	 1.210E+01	 0.000E+00	 2.746E+04	 4.180E+03	 4.164E+03	 5.000E+03	 4.309E+01
   36.5250	 2.000E+01	 1.745E+01	 1.210E+01	 0.000E+00	 2.746E+04	 4.180E+03	 4.170E+03	 5.000E+03	 4.309E+01
   36.5375	 2.000E+01	 1.745E+01	 1.210E+01	 0.000E+00	 2.746E+04	 4.180E+03	 4.177E+03	 5.000E+03	 4.309E+01
   36.5500	 2.000E+01	 1.745E+01	 1.210E+01	 0.000E+00	 2.746E+04	 4.180E+03	 4.184E+03	 5.000E+03	 4.309E+01
   36.5625	 2.000E+01	 1.745E+01	 1.210E+01	 0.000E+00	 2.746E+04	 4.180E+03	 4.191E+03	 5.000E+03	 4.309E+01
   36.5750	 2.000E+01	 1.745E+01	 1.210E+01	 0.000E+00	 2.746E+04	 4.180E+03	 4.198E+03	 5.000E+03	 4.309E+01
   36.5875	 2.000E+01	 1.745E+01	 1.210E+01	 0.000E+00	 2.746E+04	 4.180E+03	 4.205E+03	 5.000E+03	 4.309E+01
   36.6000	 2.000E+01	 1.745E+01	 1.210E+01	 0.000E+00	 2.746E+04	 4.180E+03	 4.212E+03	 5.000E+03	 4.309E+01
   36.6125	 2.000E+01	 1.745E+01	 1.210E+01	 0.000E+00	 2.746E+04	 4.180E+03	 4.219E+03	 5.000E+03	 4.309E+01
   36.6250	 2.000E+01	 1.745E+01	 1.210E+01	 0.000E+00	 2.746E+04	 4.180E+03	 4.225E+03	 5.000E+03	 4.309E+01
   36.6375	 2.000E+01	 1.745E+01	 1.210E+01	 0.000E+00	 2.746E+04	 4.180E+03	 4.232E+03	 5.000E+03	 4.309E+01
   36.6500	 2.000E+01	 1.745E+01	 1.210E+01	 0.000E+00	 2.746E+04	 4.180E+03	 4.239E+03	 5.000E+03	 4.309E+01
   36.6625	 2.000E+01	 1.745E+01	 1.210E+01	 0.000E+00	 2.746E+04	 4.180E+03	 4.246E+03	 5.000E+03	 4.309E+01
   36.6750	 2.000E+01	 1.745E+01	 1.210E+01	 0.000E+00	 2.746E+04	 4.180E+03	 4.253E+03	 5.000E+03	 4.309E+01
   36.6875	 2.000E+01	 1.745E+01	 1.210E+01	 0.000E+00	 2.746E+04	 4.180E+03	 4.260E+03	 5.000E+03	 4.309E+01
   36.7000	 2.000E+01	 1.745E+01	 1.210E+01	 0.000E+00	 2.746E+04	 4.180E+03	 4.267E+03	 5.000E+03	 4.309E+01
   36.7125	 2.000E+01	 1.745E+01	 1.210E+01	 0.000E+00	 2.746E+04	 4.180E+03	 4.273E+03	 5.000E+03	 4.309E+01
   36.7250	 2.000E+01	 1.745E+01	 1.210E+01	 0.000E+00	 2.746E+04	 4.180E+03	 4.280E+03	 5.000E+03	 4.309E+01
   36.7375	 2.000E+01	 1.745E+01	 1.210E+01	 0.000E+00	 2.746E+04	 4.180E+03	 4.287E+03	 5.000E+03	 4.309E+01
   36.7500	 2.000E+01	 1.745E+01	 1.210E+01	 0.000E+00	 2.746E+04	 4.180E+03	 4.294E+03	 5.000E+03	 4.309E+01
   36.7625	 2.000E+01	 1.745E+01	 1.210E+01	 0.000E+00	 2.746E+04	 4.180E+03	 4.300E+03	 5.000E+03	 4.309E+01
   36.7750	 2.000E+01	 1.745E+01	 1.210E+01	 0.000E+00	 2.746E+04	 4.180E+03	 4.307E+03	 5.000E+03	 4.309E+01
   36.7875	 2.000E+01	 1.745E+01	 1.210E+01	 0.000E+00	 2.746E+04	 4.180E+03	 4.314E+03	 5.000E+03	 4.309E+01
   36.8000	 2.000E+01	 1.745E+01	 1.210E+01	 0.000E+00	 2.746E+04	 4.180E+03	 4.320E+03	 5.000E+03	 4.309E+01
   36.8125	 2.000E+01	 1.745E+01	 1.210E+01	 0.000E+00	 2.746E+04	 4.180E+03	 4.327E+03	 5.000E+03	 4.309E+01
   36.8250	 2.000E+01	 1.745E+01	 1.210E+01	 0.000E+00	 2.746E+04	 4.180E+03	 4.334E+03	 5.000E+03	 4.309E+01
   36.8375	 2.000E+01	 1.745E+01	 1.210E+01	 0.000E+00	 2.746E+04	 4.180E+03	 4.340E+03	 5.000E+03	 4.309E+01
   36.8500	 2.000E+01	 1.745E+01	 1.210E+01	 0.000E+00	 2.746E+04	 4.180E+03	 4.347E+03	 5.000E+03	 4.309E+01
   36.8625	 2.000E+01	 1.745E+01	 1.210E+01	 0.000E+00	 2.746E+04	 4.180E+03	 4.353E+03	 5.000E+03	 4.309E+01
   36.8750	 2.000E+01	 1.745E+01	 1.210E+01	 0.000E+00	 2.746E+04	 4.180E+03	 4.360E+03	 5.000E+03	 4.309E+01
   36.8875	 2.000E+01	 1.745E+01	 1.210E+01	 0.000E+00	 2.746E+04	 4.180E+03	 4.366E+03	 5.000E+03	 4.309E+01
   36.9000	 2.000E+01	 1.745E+01	 1.210E+01	 0.000E+00	 2.746E+04	 4.180E+03	 4.372E+03	 5.000E+03	 4.309E+01
   36.9125	 2.000E+01	 1.745E+01	 1.210E+01	 0.000E+00	 2.746E+04	 4.180E+03	 4.379E+03	 5.000E+03	 4.309E+01
   36.9250	 2.000E+01	 1.745E+01	 1.210E+01	 0.000E+00	 2.746E+04	 4.180E+03	 4.385E+03	 5.000E+03	 4.309E+01
   36.9375	 2.000E+01	 1.745E+01	 1.210E+01	 0.000E+00	 2.746E+04	 4.180E+03	 4.391E+03	 5.000E+03	 4.309E+01
   36.9500	 2.000E+01	 1.745E+01	 1.210E+01	 0.000E+00	 2.746E+04	 4.180E+03	 4.397E+03	 5.000E+03	 4.309E+01
   36.9625	 2.000E+01	 1.745E+01	 1.210E+01	 0.000E+00	 2.747E+04	 4.180E+03	 4.403E+03	 5.000E+03	 4.309E+01
   36.9750	 2.000E+01	 1.745E+01	 1.210E+01	 0.000E+00	 2.747E+04	 4.180E+03	 4.409E+03	 5.000E+03	 4.309E+01
   36.9875	 2.000E+01	 1.745E+01	 1.210E+01	 0.000E+00	 2.747E+04	 4.180E+03	 4.415E+03	 5.000E+03	 4.309E+01
   37.0000	 2.000E+01	 1.745E+01	 1.210E+01	 0.000E+00	 2.747E+04	 4.180E+03	 4.421E+03	 5.000E+03	 4.309E+01
   37.0125	 2.000E+01	 1.745E+01	 1.210E+01	 0.000E+00	 2.747E+04	 4.180E+03	 4.427E+03	 5.000E+03	 4.309E+01
   37.0250	 2.000E+01	 1.745E+01	 1.210E+01	 0.000E+00	 2.747E+04	 4.180E+03	 4.433E+03	 5.000E+03	 4.309E+01
   37.0375	 2.000E+01	 1.745E+01	 1.210E+01	 0.000E+00	 2.747E+04	 4.180E+03	 4.439E+03	 5.000E+03	 4.309E+01
   37.0500	 2.000E+01	 1.745E+01	 1.210E+01	 0.000E+00	 2.747E+04	 4.180E+03	 4.444E+03	 5.000E+03	 4.309E+01
   37.0625	 2.000E+01	 1.745E+01	 1.210E+01	 0.000E+00	 2.747E+04	 4.180E+03	 4.450E+03	 5.000E+03	 4.309E+01
   37.0750	 2.000E+01	 1.745E+01	 1.210E+01	 0.000E+00	 2.747E+04	 4.180E+03	 4.455E+03	 5.000E+03	 4.309E+01
   37.0875	 2.000E+01	 1.745E+01	 1.210E+01	 0.000E+00	 2.747E+04	 4.180E+03	 4.461E+03	 5.000E+03	 4.309E+01
   37.1000	 2.000E+01	 1.745E+01	 1.210E+01	 0.000E+00	 2.747E+04	 4.180E+03	 4.466E+03	 5.000E+03	 4.309E+01
   37.1125	 2.000E+01	 1.745E+01	 1.210E+01	 0.000E+00	 2.747E+04	 4.180E+03	 4.472E+03	 5.000E+03	 4.309E+01
   37.1250	 2.000E+01	 1.745E+01	 1.210E+01	 0.000E+00	 2.747E+04	 4.180E+03	 4.477E+03	 5.000E+03	 4.309E+01
   37.1375	 2.000E+01	 1.745E+01	 1.210E+01	 0.000E+00	 2.748E+04	 4.180E+03	 4.482E+03	 5.000E+03	 4.309E+01
   37.1500	 2.000E+01	 1.745E+01	 1.210E+01	 0.000E+00	 2.748E+04	 4.180E+03	 4.488E+03	 5.000E+03	 4.309E+01
   37.1625	 2.000E+01	 1.745E+01	 1.210E+01	 0.000E+00	 2.748E+04	 4.180E+03	 4.493E+03	 5.000E+03	 4.309E+01
   37.1750	 2.000E+01	 1.745E+01	 1.210E+01	 0.000E+00	 2.748E+04	 4.180E+03	 4.498E+03	 5.000E+03	 4.309E+01
   37.1875	 2.000E+01	 1.745E+01	 1.210E+01	 0.000E+00	 2.748E+04	 4.180E+03	 4.503E+03	 5.000E+03	 4.309E+01
   37.2000	 2.000E+01	 1.745E+01	 1.210E+01	 0.000E+00	 2.748E+04	 4.180E+03	 4.507E+03	 5.000E+03	 4.309E+01
   37.2125	 2.000E+01	 1.745E+01	 1.210E+01	 0.000E+00	 2.748E+04	 4.180E+03	 4.512E+03	 5.000E+03	 4.309E+01
   37.2250	 2.000E+01	 1.745E+01	 1.210E+01	 0.000E+00	 2.748E+04	 4.180E+03	 4.517E+03	 5.000E+03	 4.309E+01
   37.2375	 2.000E+01	 1.745E+01	 1.210E+01	 0.000E+00	 2.748E+04	 4.180E+03	 4.521E+03	 5.000E+03	 4.309E+01
   37.2500	 2.000E+01	 1.745E+01	 1.210E+01	 0.000E+00	 2.748E+04	 4.180E+03	 4.526E+03	 5.000E+03	 4.309E+01
   37.2625	 2.000E+01	 1.745E+01	 1.210E+01	 0.000E+00	 2.748E+04	 4.180E+03	 4.530E+03	 5.000E+03	 4.309E+01
   37.2750	 2.000E+01	 1.745E+01	 1.210E+01	 0.000E+00	 2.748E+04	 4.180E+03	 4.535E+03	 5.000E+03	 4.309E+01
   37.2875	 2.000E+01	 1.745E+01	 1.210E+01	 0.000E+00	 2.748E+04	 4.180E+03	 4.539E+03	 5.000E+03	 4.309E+01
   37.3000	 2.000E+01	 1.745E+01	 1.210E+01	 0.000E+00	 2.748E+04	 4.180E+03	 4.543E+03	 5.000E+03	 4.309E+01
   37.3125	 2.000E+01	 1.745E+01	 1.210E+01	 0.000E+00	 2.748E+04	 4.180E+03	 4.547E+03	 5.000E+03	 4.309E+01
   37.3250	 2.000E+01	 1.745E+01	 1.210E+01	 0.000E+00	 2.748E+04	 4.180E+03	 4.551E+03	 5.000E+03	 4.309E+01
   37.3375	 2.000E+01	 1.745E+01	 1.210E+01	 0.000E+00	 2.749E+04	 4.180E+03	 4.555E+03	 5.000E+03	 4.309E+01
   37.3500	 2.000E+01	 1.745E+01	 1.210E+01	 0.000E+00	 2.749E+04	 4.180E+03	 4.559E+03	 5.000E+03	 4.309E+01
   37.3625	 2.000E+01	 1.745E+01	 1.210E+01	 0.000E+00	 2.749E+04	 4.180E+03	 4.563E+03	 5.000E+03	 4.309E+01
   37.3750	 2.000E+01	 1.745E+01	 1.210E+01	 0.000E+00	 2.749E+04	 4.180E+03	 4.566E+03	 5.000E+03	 4.309E+01
   37.3875	 2.000E+01	 1.745E+01	 1.210E+01	 0.000E+00	 2.749E+04	 4.180E+03	 4.570E+03	 5.000E+03	 4.309E+01
   37.4000	 2.000E+01	 1.745E+01	 1.210E+01	 0.000E+00	 2.749E+04	 4.180E+03	 4.573E+03	 5.000E+03	 4.309E+01
   37.4125	 2.000E+01	 1.745E+01	 1.210E+01	 0.000E+00	 2.749E+04	 4.180E+03	 4.577E+03	 5.000E+03	 4.309E+01
   37.4250	 2.000E+01	 1.745E+01	 1.210E+01	 0.000E+00	 2.749E+04	 4.180E+03	 4.580E+03	 5.000E+03	 4.309E+01
   37.4375	 2.000E+01	 1.745E+01	 1.210E+01	 0.000E+00	 2.749E+04	 4.180E+03	 4.583E+03	 5.000E+03	 4.309E+01
   37.4500	 2.000E+01	 1.745E+01	 1.210E+01	 0.000E+00	 2.749E+04	 4.180E+03	 4.586E+03	 5.000E+03	 4.309E+01
   37.4625	 2.000E+01	 1.745E+01	 1.210E+01	 0.000E+00	 2.749E+04	 4.180E+03	 4.589E+03	 5.000E+03	 4.309E+01
   37.4750	 2.000E+01	 1.745E+01	 1.210E+01	 0.000E+00	 2.749E+04	 4.180E+03	 4.592E+03	 5.000E+03	 4.309E+01
   37.4875	 2.000E+01	 1.745E+01	 1.210E+01	 0.000E+00	 2.749E+04	 4.180E+03	 4.595E+03	 5.000E+03	 4.309E+01
   37.5000	 2.000E+01	 1.745E+01	 1.210E+01	 0.000E+00	 2.749E+04	 4.180E+03	 4.597E+03	 5.000E+03	 4.309E+01
   37.5125	 2.000E+01	 1.745E+01	 1.210E+01	 0.000E+00	 2.749E+04	 4.180E+03	 4.600E+03	 5.000E+03	 4.309E+01
   37.5250	 2.000E+01	 1.745E+01	 1.210E+01	 0.000E+00	 2.749E+04	 4.180E+03	 4.603E+03	 5.000E+03	 4.309E+01
   37.5375	 2.000E+01	 1.745E+01	 1.210E+01	 0.000E+00	 2.749E+04	 4.180E+03	 4.605E+03	 5.000E+03	 4.309E+01
   37.5500	 2.000E+01	 1.745E+01	 1.210E+01	 0.000E+00	 2.749E+04	 4.180E+03	 4.607E+03	 5.000E+03	 4.309E+01
   37.5625	 2.000E+01	 1.745E+01	 1.210E+01	 0.000E+00	 2.749E+04	 4.180E+03	 4.610E+03	 5.000E+03	 4.309E+01
   37.5750	 2.000E+01	 1.745E+01	 1.210E+01	 0.000E+00	 2.749E+04	 4.180E+03	 4.612E+03	 5.000E+03	 4.309E+01
   37.5875	 2.000E+01	 1.745E+01	 1.210E+01	 0.000E+00	 2.749E+04	 4.180E+03	 4.614E+03	 5.000E+03	 4.309E+01
   37.6000	 2.000E+01	 1.745E+01	 1.210E+01	 0.000E+00	 2.749E+04	 4.180E+03	 4.616E+03	 5.000E+03	 4.309E+01
   37.6125	 2.000E+01	 1.745E+01	 1.210E+01	 0.000E+00	 2.749E+04	 4.180E+03	 4.618E+03	 5.000E+03	 4.309E+01
   37.6250	 2.000E+01	 1.745E+01	 1.210E+01	 0.000E+00	 2.749E+04	 4.180E+03	 4.619E+03	 5.000E+03	 4.309E+01
   37.6375	 2.000E+01	 1.745E+01	 1.210E+01	 0.000E+00	 2.749E+04	 4.180E+03	 4.621E+03	 5.000E+03	 4.309E+01
   37.6500	 2.000E+01	 1.745E+01	 1.210E+01	 0.000E+00	 2.749E+04	 4.180E+03	 4.623E+03	 5.000E+03	 4.309E+01
   37.6625	 2.000E+01	 1.745E+01	 1.210E+01	 0.000E+00	 2.749E+04	 4.180E+03	 4.624E+03	 5.000E+03	 4.309E+01
   37.6750	 2.000E+01	 1.745E+01	 1.210E+01	 0.000E+00	 2.749E+04	 4.180E+03	 4.626E+03	 5.000E+03	 4.309E+01
   37.6875	 2.000E+01	 1.745E+01	 1.210E+01	 0.000E+00	 2.749E+04	 4.180E+03	 4.627E+03	 5.000E+03	 4.309E+01
   37.7000	 2.000E+01	 1.745E+01	 1.210E+01	 0.000E+00	 2.749E+04	 4.180E+03	 4.628E+03	 5.000E+03	 4.309E+01
   37.7125	 2.000E+01	 1.745E+01	 1.210E+01	 0.000E+00	 2.748E+04	 4.180E+03	 4.629E+03	 5.000E+03	 4.309E+01
   37.7250	 2.000E+01	 1.745E+01	 1.210E+01	 0.000E+00	 2.748E+04	 4.180E+03	 4.630E+03	 5.000E+03	 4.309E+01
   37.7375	 2.000E+01	 1.745E+01	 1.210E+01	 0.000E+00	 2.748E+04	 4.180E+03	 4.631E+03	 5.000E+03	 4.309E+01
   37.7500	 2.000E+01	 1.745E+01	 1.210E+01	 0.000E+00	 2.748E+04	 4.180E+03	 4.632E+03	 5.000E+03	 4.309E+01
   37.7625	 2.000E+01	 1.745E+01	 1.210E+01	 0.000E+00	 2.748E+04	 4.180E+03	 4.632E+03	 5.000E+03	 4.309E+01
   37.7750	 2.000E+01	 1.745E+01	 1.210E+01	 0.000E+00	 2.748E+04	 4.180E+03	 4.633E+03	 5.000E+03	 4.309E+01
   37.7875	 2.000E+01	 1.745E+01	 1.210E+01	 0.000E+00	 2.748E+04	 4.180E+03	 4.634E+03	 5.000E+03	 4.309E+01
   37.8000	 2.000E+01	 1.745E+01	 1.210E+01	 0.000E+00	 2.748E+04	 4.180E+03	 4.634E+03	 5.000E+03	 4.309E+01
   37.8125	 2.000E+01	 1.745E+01	 1.210E+01	 0.000E+00	 2.748E+04	 4.180E+03	 4.634E+03	 5.000E+03	 4.309E+01
   37.8250	 2.000E+01	 1.745E+01	 1.210E+01	 0.000E+00	 2.748E+04	 4.180E+03	 4.634E+03	 5.000E+03	 4.309E+01
   37.8375	 2.000E+01	 1.745E+01	 1.210E+01	 0.000E+00	 2.748E+04	 4.180E+03	 4.635E+03	 5.000E+03	 4.309E+01
   37.8500	 2.000E+01	 1.745E+01	 1.210E+01	 0.000E+00	 2.748E+04	 4.180E+03	 4.635E+03	 5.000E+03	 4.309E+01
   37.8625	 2.000E+01	 1.745E+01	 1.210E+01	 0.000E+00	 2.748E+04	 4.180E+03	 4.635E+03	 5.000E+03	 4.309E+01
   37.8750	 2.000E+01	 1.745E+01	 1.210E+01	 0.000E+00	 2.748E+04	 4.180E+03	 4.634E+03	 5.000E+03	 4.309E+01
   37.8875	 2.000E+01	 1.745E+01	 1.210E+01	 0.000E+00	 2.748E+04	 4.180E+03	 4.634E+03	 5.000E+03	 4.309E+01
   37.9000	 2.000E+01	 1.745E+01	 1.210E+01	 0.000E+00	 2.748E+04	 4.180E+03	 4.634E+03	 5.000E+03	 4.309E+01
   37.9125	 2.000E+01	 1.745E+01	 1.210E+01	 0.000E+00	 2.748E+04	 4.180E+03	 4.633E+03	 5.000E+03	 4.309E+01
   37.9250	 2.000E+01	 1.745E+01	 1.210E+01	 0.000E+00	 2.748E+04	 4.180E+03	 4.633E+03	 5.000E+03	 4.309E+01
   37.9375	 2.000E+01	 1.745E+01	 1.210E+01	 0.000E+00	 2.748E+04	 4.180E+03	 4.632E+03	 5.000E+03	 4.309E+01
   37.9500	 2.000E+01	 1.745E+01	 1.210E+01	 0.000E+00	 2.747E+04	 4.180E+03	 4.631E+03	 5.000E+03	 4.309E+01
   37.9625	 2.000E+01	 1.745E+01	 1.210E+01	 0.000E+00	 2.747E+04	 4.180E+03	 4.630E+03	 5.000E+03	 4.309E+01
   37.9750	 2.000E+01	 1.745E+01	 1.210E+01	 0.000E+00	 2.747E+04	 4.180E+03	 4.630E+03	 5.000E+03	 4.309E+01
   37.9875	 2.000E+01	 1.745E+01	 1.210E+01	 0.000E+00	 2.747E+04	 4.180E+03	 4.629E+03	 5.000E+03	 4.309E+01
   38.0000	 2.000E+01	 1.745E+01	 1.210E+01	 0.000E+00	 2.747E+04	 4.180E+03	 4.627E+03	 5.000E+03	 4.309E+01
   38.0125	 2.000E+01	 1.745E+01	 1.210E+01	 0.000E+00	 2.747E+04	 4.180E+03	 4.626E+03	 5.000E+03	 4.309E+01
   38.0250	 2.000E+01	 1.745E+01	 1.210E+01	 0.000E+00	 2.747E+04	 4.180E+03	 4.625E+03	 5.000E+03	 4.309E+01
   38.0375	 2.000E+01	 1.745E+01	 1.210E+01	 0.000E+00	 2.747E+04	 4.180E+03	 4.623E+03	 5.000E+03	 4.309E+01
   38.0500	 2.000E+01	 1.745E+01	 1.210E+01	 0.000E+00	 2.747E+04	 4.180E+03	 4.622E+03	 5.000E+03	 4.309E+01
   38.0625	 2.000E+01	 1.745E+01	 1.210E+01	 0.000E+00	 2.747E+04	 4.180E+03	 4.620E+03	 5.000E+03	 4.309E+01
   38.0750	 2.000E+01	 1.745E+01	 1.210E+01	 0.000E+00	 2.747E+04	 4.180E+03	 4.619E+03	 5.000E+03	 4.309E+01
   38.0875	 2.000E+01	 1.745E+01	 1.210E+01	 0.000E+00	 2.747E+04	 4.180E+03	 4.617E+03	 5.000E+03	 4.309E+01
   38.1000	 2.000E+01	 1.745E+01	 1.210E+01	 0.000E+00	 2.747E+04	 4.180E+03	 4.615E+03	 5.000E+03	 4.309E+01
   38.1125	 2.000E+01	 1.745E+01	 1.210E+01	 0.000E+00	 2.747E+04	 4.180E+03	 4.613E+03	 5.000E+03	 4.309E+01
   38.1250	 2.000E+01	 1.745E+01	 1.210E+01	 0.000E+00	 2.747E+04	 4.180E+03	 4.611E+03	 5.000E+03	 4.309E+01
   38.1375	 2.000E+01	 1.745E+01	 1.210E+01	 0.000E+00	 2.747E+04	 4.180E+03	 4.609E+03	 5.000E+03	 4.309E+01
   38.1500	 2.000E+01	 1.745E+01	 1.210E+01	 0.000E+00	 2.747E+04	 4.180E+03	 4.607E+03	 5.000E+03	 4.309E+01
   38.1625	 2.000E+01	 1.745E+01	 1.210E+01	 0.000E+00	 2.746E+04	 4.180E+03	 4.604E+03	 5.000E+03	 4.309E+01
   38.1750	 2.000E+01	 1.745E+01	 1.210E+01	 0.000E+00	 2.746E+04	 4.180E+03	 4.602E+03	 5.000E+03	 4.309E+01
   38.1875	 2.000E+01	 1.745E+01	 1.210E+01	 0.000E+00	 2.746E+04	 4.180E+03	 4.599E+03	 5.000E+03	 4.309E+01
   38.2000	 2.000E+01	 1.745E+01	 1.210E+01	 0.000E+00	 2.746E+04	 4.180E+03	 4.597E+03	 5.000E+03	 4.309E+01
   38.2125	 2.000E+01	 1.745E+01	 1.210E+01	 0.000E+00	 2.746E+04	 4.180E+03	 4.594E+03	 5.000E+03	 4.309E+01
   38.2250	 2.000E+01	 1.745E+01	 1.210E+01	 0.000E+00	 2.746E+04	 4.180E+03	 4.591E+03	 5.000E+03	 4.309E+01
   38.2375	 2.000E+01	 1.745E+01	 1.210E+01	 0.000E+00	 2.746E+04	 4.180E+03	 4.589E+03	 5.000E+03	 4.309E+01
   38.2500	 2.000E+01	 1.745E+01	 1.210E+01	 0.000E+00	 2.746E+04	 4.180E+03	 4.586E+03	 5.000E+03	 4.309E+01
   38.2625	 2.000E+01	 1.745E+01	 1.210E+01	 0.000E+00	 2.746E+04	 4.180E+03	 4.583E+03	 5.000E+03	 4.309E+01
   38.2750	 2.000E+01	 1.745E+01	 1.210E+01	 0.000E+00	 2.746E+04	 4.180E+03	 4.580E+03	 5.000E+03	 4.309E+01
   38.2875	 2.000E+01	 1.745E+01	 1.210E+01	 0.000E+00	 2.746E+04	 4.180E+03	 4.576E+03	 5.000E+03	 4.309E+01
   38.3000	 2.000E+01	 1.745E+01	 1.210E+01	 0.000E+00	 2.746E+04	 4.180E+03	 4.573E+03	 5.000E+03	 4.309E+01
   38.3125	 2.000E+01	 1.745E+01	 1.210E+01	 0.000E+00	 2.746E+04	 4.180E+03	 4.570E+03	 5.000E+03	 4.309E+01
   38.3250	 2.000E+01	 1.745E+01	 1.210E+01	 0.000E+00	 2.746E+04	 4.180E+03	 4.566E+03	 5.000E+03	 4.309E+01
   38.3375	 2.000E+01	 1.745E+01	 1.210E+01	 0.000E+00	 2.746E+04	 4.180E+03	 4.563E+03	 5.000E+03	 4.309E+01
   38.3500	 2.000E+01	 1.745E+01	 1.210E+01	 0.000E+00	 2.746E+04	 4.180E+03	 4.559E+03	 5.000E+03	 4.309E+01
   38.3625	 2.000E+01	 1.745E+01	 1.210E+01	 0.000E+00	 2.746E+04	 4.180E+03	 4.556E+03	 5.000E+03	 4.309E+01
   38.3750	 2.000E+01	 1.745E+01	 1.210E+01	 0.000E+00	 2.746E+04	 4.180E+03	 4.552E+03	 5.000E+03	 4.309E+01
   38.3875	 2.000E+01	 1.745E+01	 1.210E+01	 0.000E+00	 2.746E+04	 4.180E+03	 4.548E+03	 5.000E+03	 4.309E+01
   38.4000	 2.000E+01	 1.745E+01	 1.210E+01	 0.000E+00	 2.746E+04	 4.180E+03	 4.544E+03	 5.000E+03	 4.309E+01
   38.4125	 2.000E+01	 1.745E+01	 1.210E+01	 0.000E+00	 2.746E+04	 4.180E+03	 4.540E+03	 5.000E+03	 4.309E+01
   38.4250	 2.000E+01	 1.745E+01	 1.210E+01	 0.000E+00	 2.746E+04	 4.180E+03	 4.536E+03	 5.000E+03	 4.309E+01
   38.4375	 2.000E+01	 1.745E+01	 1.210E+01	 0.000E+00	 2.746E+04	 4.180E+03	 4.532E+03	 5.000E+03	 4.309E+01
   38.4500	 2.000E+01	 1.745E+01	 1.210E+01	 0.000E+00	 2.746E+04	 4.180E+03	 4.528E+03	 5.000E+03	 4.309E+01
   38.4625	 2.000E+01	 1.745E+01	 1.210E+01	 0.000E+00	 2.746E+04	 4.180E+03	 4.524E+03	 5.000E+03	 4.309E+01
   38.4750	 2.000E+01	 1.745E+01	 1.210E+01	 0.000E+00	 2.746E+04	 4.180E+03	 4.520E+03	 5.000E+03	 4.309E+01
   38.4875	 2.000E+01	 1.745E+01	 1.210E+01	 0.000E+00	 2.746E+04	 4.180E+03	 4.515E+03	 5.000E+03	 4.309E+01
   38.5000	 2.000E+01	 1.745E+01	 1.210E+01	 0.000E+00	 2.746E+04	 4.180E+03	 4.511E+03	 5.000E+03	 4.309E+01
   38.5125	 2.000E+01	 1.745E+01	 1.210E+01	 0.000E+00	 2.746E+04	 4.180E+03	 4.506E+03	 5.000E+03	 4.309E+01
   38.5250	 2.000E+01	 1.745E+01	 1.210E+01	 0.000E+00	 2.746E+04	 4.180E+03	 4.502E+03	 5.000E+03	 4.309E+01
   38.5375	 2.000E+01	 1.745E+01	 1.210E+01	 0.000E+00	 2.746E+04	 4.180E+03	 4.497E+03	 5.000E+03	 4.309E+01
   38.5500	 2.000E+01	 1.745E+01	 1.210E+01	 0.000E+00	 2.746E+04	 4.180E+03	 4.492E+03	 5.000E+03	 4.309E+01
   38.5625	 2.000E+01	 1.745E+01	 1.210E+01	 0.000E+00	 2.746E+04	 4.180E+03	 4.488E+03	 5.000E+03	 4.309E+01
   38.5750	 2.000E+01	 1.745E+01	 1.210E+01	 0.000E+00	 2.746E+04	 4.180E+03	 4.483E+03	 5.000E+03	 4.309E+01
   38.5875	 2.000E+01	 1.745E+01	 1.210E+01	 0.000E+00	 2.746E+04	 4.180E+03	 4.478E+03	 5.000E+03	 4.309E+01
   38.6000	 2.000E+01	 1.745E+01	 1.210E+01	 0.000E+00	 2.746E+04	 4.180E+03	 4.473E+03	 5.000E+03	 4.309E+01
   38.6125	 2.000E+01	 1.745E+01	 1.210E+01	 0.000E+00	 2.746E+04	 4.180E+03	 4.468E+03	 5.000E+03	 4.309E+01
   38.6250	 2.000E+01	 1.745E+01	 1.210E+01	 0.000E+00	 2.747E+04	 4.180E+03	 4.463E+03	 5.000E+03	 4.309E+01
   38.6375	 2.000E+01	 1.745E+01	 1.210E+01	 0.000E+00	 2.747E+04	 4.180E+03	 4.458E+03	 5.000E+03	 4.309E+01
   38.6500	 2.000E+01	 1.745E+01	 1.210E+01	 0.000E+00	 2.747E+04	 4.180E+03	 4.453E+03	 5.000E+03	 4.309E+01
   38.6625	 2.000E+01	 1.745E+01	 1.210E+01	 0.000E+00	 2.747E+04	 4.180E+03	 4.447E+03	 5.000E+03	 4.309E+01
   38.6750	 2.000E+01	 1.745E+01	 1.210E+01	 0.000E+00	 2.747E+04	 4.180E+03	 4.442E+03	 5.000E+03	 4.309E+01
   38.6875	 2.000E+01	 1.745E+01	 1.210E+01	 0.000E+00	 2.747E+04	 4.180E+03	 4.437E+03	 5.000E+03	 4.309E+01
   38.7000	 2.000E+01	 1.745E+01	 1.210E+01	 0.000E+00	 2.747E+04	 4.180E+03	 4.431E+03	 5.000E+03	 4.309E+01
   38.7125	 2.000E+01	 1.745E+01	 1.210E+01	 0.000E+00	 2.747E+04	 4.180E+03	 4.426E+03	 5.000E+03	 4.309E+01
   38.7250	 2.000E+01	 1.745E+01	 1.210E+01	 0.000E+00	 2.747E+04	 4.180E+03	 4.420E+03	 5.000E+03	 4.309E+01
   38.7375	 2.000E+01	 1.745E+01	 1.210E+01	 0.000E+00	 2.747E+04	 4.180E+03	 4.415E+03	 5.000E+03	 4.309E+01
   38.7500	 2.000E+01	 1.745E+01	 1.210E+01	 0.000E+00	 2.747E+04	 4.180E+03	 4.409E+03	 5.000E+03	 4.309E+01
   38.7625	 2.000E+01	 1.745E+01	 1.210E+01	 0.000E+00	 2.747E+04	 4.180E+03	 4.404E+03	 5.000E+03	 4.309E+01
   38.7750	 2.000E+01	 1.745E+01	 1.210E+01	 0.000E+00	 2.747E+04	 4.180E+03	 4.398E+03	 5.000E+03	 4.309E+01
   38.7875	 2.000E+01	 1.745E+01	 1.210E+01	 0.000E+00	 2.748E+04	 4.180E+03	 4.392E+03	 5.000E+03	 4.309E+01
   38.8000	 2.000E+01	 1.745E+01	 1.210E+01	 0.000E+00	 2.748E+04	 4.180E+03	 4.386E+03	 5.000E+03	 4.309E+01
   38.8125	 2.000E+01	 1.745E+01	 1.210E+01	 0.000E+00	 2.748E+04	 4.180E+03	 4.381E+03	 5.000E+03	 4.309E+01
   38.8250	 2.000E+01	 1.745E+01	 1.210E+01	 0.000E+00	 2.748E+04	 4.180E+03	 4.375E+03	 5.000E+03	 4.309E+01
   38.8375	 2.000E+01	 1.745E+01	 1.210E+01	 0.000E+00	 2.748E+04	 4.180E+03	 4.369E+03	 5.000E+03	 4.309E+01
   38.8500	 2.000E+01	 1.745E+01	 1.210E+01	 0.000E+00	 2.748E+04	 4.180E+03	 4.363E+03	 5.000E+03	 4.309E+01
   38.8625	 2.000E+01	 1.745E+01	 1.210E+01	 0.000E+00	 2.748E+04	 4.180E+03	 4.357E+03	 5.000E+03	 4.309E+01
   38.8750	 2.000E+01	 1.745E+01	 1.210E+01	 0.000E+00	 2.748E+04	 4.180E+03	 4.351E+03	 5.000E+03	 4.309E+01
   38.8875	 2.000E+01	 1.745E+01	 1.210E+01	 0.000E+00	 2.748E+04	 4.180E+03	 4.345E+03	 5.000E+03	 4.309E+01
   38.9000	 2.000E+01	 1.745E+01	 1.210E+01	 0.000E+00	 2.748E+04	 4.180E+03	 4.339E+03	 5.000E+03	 4.309E+01
   38.9125	 2.000E+01	 1.745E+01	 1.210E+01	 0.000E+00	 2.748E+04	 4.180E+03	 4.333E+03	 5.000E+03	 4.309E+01
   38.9250	 2.000E+01	 1.745E+01	 1.210E+01	 0.000E+00	 2.748E+04	 4.180E+03	 4.327E+03	 5.000E+03	 4.309E+01
   38.9375	 2.000E+01	 1.745E+01	 1.210E+01	 0.000E+00	 2.748E+04	 4.180E+03	 4.321E+03	 5.000E+03	 4.309E+01
   38.9500	 2.000E+01	 1.745E+01	 1.210E+01	 0.000E+00	 2.748E+04	 4.180E+03	 4.314E+03	 5.000E+03	 4.309E+01
   38.9625	 2.000E+01	 1.745E+01	 1.210E+01	 0.000E+00	 2.748E+04	 4.180E+03	 4.308E+03	 5.000E+03	 4.309E+01
   38.9750	 2.000E+01	 1.745E+01	 1.210E+01	 0.000E+00	 2.748E+04	 4.180E+03	 4.302E+03	 5.000E+03	 4.309E+01
   38.9875	 2.000E+01	 1.745E+01	 1.210E+01	 0.000E+00	 2.749E+04	 4.180E+03	 4.296E+03	 5.000E+03	 4.309E+01
   39.0000	 2.000E+01	 1.745E+01	 1.210E+01	 0.000E+00	 2.749E+04	 4.180E+03	 4.290E+03	 5.000E+03	 4.309E+01
   39.0125	 2.000E+01	 1.745E+01	 1.210E+01	 0.000E+00	 2.749E+04	 4.180E+03	 4.283E+03	 5.000E+03	 4.309E+01
   39.0250	 2.000E+01	 1.745E+01	 1.210E+01	 0.000E+00	 2.749E+04	 4.180E+03	 4.277E+03	 5.000E+03	 4.309E+01
   39.0375	 2.000E+01	 1.745E+01	 1.210E+01	 0.000E+00	 2.749E+04	 4.180E+03	 4.271E+03	 5.000E+03	 4.309E+01
   39.0500	 2.000E+01	 1.745E+01	 1.210E+01	 0.000E+00	 2.749E+04	 4.180E+03	 4.264E+03	 5.000E+03	 4.309E+01
   39.0625	 2.000E+01	 1.745E+01	 1.210E+01	 0.000E+00	 2.749E+04	 4.180E+03	 4.258E+03	 5.000E+03	 4.309E+01
   39.0750	 2.000E+01	 1.745E+01	 1.210E+01	 0.000E+00	 2.749E+04	 4.180E+03	 4.252E+03	 5.000E+03	 4.309E+01
   39.0875	 2.000E+01	 1.745E+01	 1.210E+01	 0.000E+00	 2.749E+04	 4.180E+03	 4.245E+03	 5.000E+03	 4.309E+01
   39.1000	 2.000E+01	 1.745E+01	 1.210E+01	 0.000E+00	 2.749E+04	 4.180E+03	 4.239E+03	 5.000E+03	 4.309E+01
   39.1125	 2.000E+01	 1.745E+01	 1.210E+01	 0.000E+00	 2.749E+04	 4.180E+03	 4.232E+03	 5.000E+03	 4.309E+01
   39.1250	 2.000E+01	 1.745E+01	 1.210E+01	 0.000E+00	 2.749E+04	 4.180E+03	 4.226E+03	 5.000E+03	 4.309E+01
   39.1375	 2.000E+01	 1.745E+01	 1.210E+01	 0.000E+00	 2.749E+04	 4.180E+03	 4.219E+03	 5.000E+03	 4.309E+01
   39.1500	 2.000E+01	 1.745E+01	 1.210E+01	 0.000E+00	 2.749E+04	 4.180E+03	 4.213E+03	 5.000E+03	 4.309E+01
   39.1625	 2.000E+01	 1.745E+01	 1.210E+01	 0.000E+00	 2.749E+04	 4.180E+03	 4.206E+03	 5.000E+03	 4.309E+01
   39.1750	 2.000E+01	 1.745E+01	 1.210E+01	 0.000E+00	 2.749E+04	 4.180E+03	 4.200E+03	 5.000E+03	 4.309E+01
   39.1875	 2.000E+01	 1.745E+01	 1.210E+01	 0.000E+00	 2.749E+04	 4.180E+03	 4.193E+03	 5.000E+03	 4.309E+01
   39.2000	 2.000E+01	 1.745E+01	 1.210E+01	 0.000E+00	 2.749E+04	 4.180E+03	 4.187E+03	 5.000E+03	 4.309E+01
   39.2125	 2.000E+01	 1.745E+01	 1.210E+01	 0.000E+00	 2.749E+04	 4.180E+03	 4.180E+03	 5.000E+03	 4.309E+01
   39.2250	 2.000E+01	 1.745E+01	 1.210E+01	 0.000E+00	 2.749E+04	 4.180E+03	 4.174E+03	 5.000E+03	 4.309E+01
   39.2375	 2.000E+01	 1.745E+01	 1.210E+01	 0.000E+00	 2.749E+04	 4.180E+03	 4.168E+03	 5.000E+03	 4.309E+01
   39.2500	 2.000E+01	 1.745E+01	 1.210E+01	 0.000E+00	 2.749E+04	 4.180E+03	 4.161E+03	 5.000E+03	 4.309E+01
   39.2625	 2.000E+01	 1.745E+01	 1.210E+01	 0.000E+00	 2.749E+04	 4.180E+03	 4.155E+03	 5.000E+03	 4.309E+01
   39.2750	 2.000E+01	 1.745E+01	 1.210E+01	 0.000E+00	 2.749E+04	 4.180E+03	 4.148E+03	 5.000E+03	 4.309E+01
   39.2875	 2.000E+01	 1.745E+01	 1.210E+01	 0.000E+00	 2.749E+04	 4.180E+03	 4.142E+03	 5.000E+03	 4.309E+01
   39.3000	 2.000E+01	 1.745E+01	 1.210E+01	 0.000E+00	 2.749E+04	 4.180E+03	 4.135E+03	 5.000E+03	 4.309E+01
   39.3125	 2.000E+01	 1.745E+01	 1.210E+01	 0.000E+00	 2.749E+04	 4.180E+03	 4.129E+03	 5.000E+03	 4.309E+01
   39.3250	 2.000E+01	 1.745E+01	 1.210E+01	 0.000E+00	 2.749E+04	 4.180E+03	 4.122E+03	 5.000E+03	 4.309E+01
   39.3375	 2.000E+01	 1.745E+01	 1.210E+01	 0.000E+00	 2.749E+04	 4.180E+03	 4.116E+03	 5.000E+03	 4.309E+01
   39.3500	 2.000E+01	 1.745E+01	 1.210E+01	 0.000E+00	 2.749E+04	 4.180E+03	 4.109E+03	 5.000E+03	 4.309E+01
   39.3625	 2.000E+01	 1.745E+01	 1.210E+01	 0.000E+00	 2.749E+04	 4.180E+03	 4.103E+03	 5.000E+03	 4.309E+01
   39.3750	 2.000E+01	 1.745E+01	 1.210E+01	 0.000E+00	 2.748E+04	 4.180E+03	 4.097E+03	 5.000E+03	 4.309E+01
   39.3875	 2.000E+01	 1.745E+01	 1.210E+01	 0.000E+00	 2.748E+04	 4.180E+03	 4.091E+03	 5.000E+03	 4.309E+01
   39.4000	 2.000E+01	 1.745E+01	 1.210E+01	 0.000E+00	 2.748E+04	 4.180E+03	 4.084E+03	 5.000E+03	 4.309E+01
   39.4125	 2.000E+01	 1.745E+01	 1.210E+01	 0.000E+00	 2.748E+04	 4.180E+03	 4.078E+03	 5.000E+03	 4.309E+01
   39.4250	 2.000E+01	 1.745E+01	 1.210E+01	 0.000E+00	 2.748E+04	 4.180E+03	 4.072E+03	 5.000E+03	 4.309E+01
   39.4375	 2.000E+01	 1.745E+01	 1.210E+01	 0.000E+00	 2.748E+04	 4.180E+03	 4.066E+03	 5.000E+03	 4.309E+01
   39.4500	 2.000E+01	 1.745E+01	 1.210E+01	 0.000E+00	 2.748E+04	 4.180E+03	 4.060E+03	 5.000E+03	 4.309E+01
   39.4625	 2.000E+01	 1.745E+01	 1.210E+01	 0.000E+00	 2.748E+04	 4.180E+03	 4.054E+03	 5.000E+03	 4.309E+01
   39.4750	 2.000E+01	 1.745E+01	 1.210E+01	 0.000E+00	 2.748E+04	 4.180E+03	 4.048E+03	 5.000E+03	 4.309E+01
   39.4875	 2.000E+01	 1.745E+01	 1.210E+01	 0.000E+00	 2.748E+04	 4.180E+03	 4.042E+03	 5.000E+03	 4.309E+01
   39.5000	 2.000E+01	 1.745E+01	 1.210E+01	 0.000E+00	 2.748E+04	 4.180E+03	 4.036E+03	 5.000E+03	 4.309E+01
   39.5125	 2.000E+01	 1.745E+01	 1.210E+01	 0.000E+00	 2.748E+04	 4.180E+03	 4.030E+03	 5.000E+03	 4.309E+01
   39.5250	 2.000E+01	 1.745E+01	 1.210E+01	 0.000E+00	 2.748E+04	 4.180E+03	 4.024E+03	 5.000E+03	 4.309E+01
   39.5375	 2.000E+01	 1.745E+01	 1.210E+01	 0.000E+00	 2.748E+04	 4.180E+03	 4.018E+03	 5.000E+03	 4.309E+01
   39.5500	 2.000E+01	 1.745E+01	 1.210E+01	 0.000E+00	 2.748E+04	 4.180E+03	 4.013E+03	 5.000E+03	 4.309E+01
   39.5625	 2.000E+01	 1.745E+01	 1.210E+01	 0.000E+00	 2.748E+04	 4.180E+03	 4.007E+03	 5.000E+03	 4.309E+01
   39.5750	 2.000E+01	 1.745E+01	 1.210E+01	 0.000E+00	 2.748E+04	 4.180E+03	 4.001E+03	 5.000E+03	 4.309E+01
   39.5875	 2.000E+01	 1.745E+01	 1.210E+01	 0.000E+00	 2.748E+04	 4.180E+03	 3.996E+03	 5.000E+03	 4.309E+01
   39.6000	 2.000E+01	 1.745E+01	 1.210E+01	 0.000E+00	 2.747E+04	 4.180E+03	 3.990E+03	 5.000E+03	 4.309E+01
   39.6125	 2.000E+01	 1.745E+01	 1.210E+01	 0.000E+00	 2.747E+04	 4.180E+03	 3.985E+03	 5.000E+03	 4.309E+01
   39.6250	 2.000E+01	 1.745E+01	 1.210E+01	 0.000E+00	 2.747E+04	 4.180E+03	 3.979E+03	 5.000E+03	 4.309E+01
   39.6375	 2.000E+01	 1.745E+01	 1.210E+01	 0.000E+00	 2.747E+04	 4.180E+03	 3.974E+03	 5.000E+03	 4.309E+01
   39.6500	 2.000E+01	 1.745E+01	 1.210E+01	 0.000E+00	 2.747E+04	 4.180E+03	 3.969E+03	 5.000E+03	 4.309E+01
   39.6625	 2.000E+01	 1.745E+01	 1.210E+01	 0.000E+00	 2.747E+04	 4.180E+03	 3.963E+03	 5.000E+03	 4.309E+01
   39.6750	 2.000E+01	 1.745E+01	 1.210E+01	 0.000E+00	 2.747E+04	 4.180E+03	 3.958E+03	 5.000E+03	 4.309E+01
   39.6875	 2.000E+01	 1.745E+01	 1.210E+01	 0.000E+00	 2.747E+04	 4.180E+03	 3.953E+03	 5.000E+03	 4.309E+01
   39.7000	 2.000E+01	 1.745E+01	 1.210E+01	 0.000E+00	 2.747E+04	 4.180E+03	 3.948E+03	 5.000E+03	 4.309E+01
   39.7125	 2.000E+01	 1.745E+01	 1.210E+01	 0.000E+00	 2.747E+04	 4.180E+03	 3.943E+03	 5.000E+03	 4.309E+01
   39.7250	 2.000E+01	 1.745E+01	 1.210E+01	 0.000E+00	 2.747E+04	 4.180E+03	 3.938E+03	 5.000E+03	 4.309E+01
   39.7375	 2.000E+01	 1.745E+01	 1.210E+01	 0.000E+00	 2.747E+04	 4.180E+03	 3.933E+03	 5.000E+03	 4.309E+01
   39.7500	 2.000E+01	 1.745E+01	 1.210E+01	 0.000E+00	 2.747E+04	 4.180E+03	 3.928E+03	 5.000E+03	 4.309E+01
   39.7625	 2.000E+01	 1.745E+01	 1.210E+01	 0.000E+00	 2.747E+04	 4.180E+03	 3.923E+03	 5.000E+03	 4.309E+01
   39.7750	 2.000E+01	 1.745E+01	 1.210E+01	 0.000E+00	 2.747E+04	 4.180E+03	 3.919E+03	 5.000E+03	 4.309E+01
   39.7875	 2.000E+01	 1.745E+01	 1.210E+01	 0.000E+00	 2.747E+04	 4.180E+03	 3.914E+03	 5.000E+03	 4.309E+01
   39.8000	 2.000E+01	 1.745E+01	 1.210E+01	 0.000E+00	 2.747E+04	 4.180E+03	 3.909E+03	 5.000E+03	 4.309E+01
   39.8125	 2.000E+01	 1.745E+01	 1.210E+01	 0.000E+00	 2.746E+04	 4.180E+03	 3.905E+03	 5.000E+03	 4.309E+01
   39.8250	 2.000E+01	 1.745E+01	 1.210E+01	 0.000E+00	 2.746E+04	 4.180E+03	 3.900E+03	 5.000E+03	 4.309E+01
   39.8375	 2.000E+01	 1.745E+01	 1.210E+01	 0.000E+00	 2.746E+04	 4.180E+03	 3.896E+03	 5.000E+03	 4.309E+01
   39.8500	 2.000E+01	 1.745E+01	 1.210E+01	 0.000E+00	 2.746E+04	 4.180E+03	 3.892E+03	 5.000E+03	 4.309E+01
   39.8625	 2.000E+01	 1.745E+01	 1.210E+01	 0.000E+00	 2.746E+04	 4.180E+03	 3.888E+03	 5.000E+03	 4.309E+01
   39.8750	 2.000E+01	 1.745E+01	 1.210E+01	 0.000E+00	 2.746E+04	 4.180E+03	 3.884E+03	 5.000E+03	 4.309E+01
   39.8875	 2.000E+01	 1.745E+01	 1.210E+01	 0.000E+00	 2.746E+04	 4.180E+03	 3.880E+03	 5.000E+03	 4.309E+01
   39.9000	 2.000E+01	 1.745E+01	 1.210E+01	 0.000E+00	 2.746E+04	 4.180E+03	 3.876E+03	 5.000E+03	 4.309E+01
   39.9125	 2.000E+01	 1.745E+01	 1.210E+01	 0.000E+00	 2.746E+04	 4.180E+03	 3.872E+03	 5.000E+03	 4.309E+01
   39.9250	 2.000E+01	 1.745E+01	 1.210E+01	 0.000E+00	 2.746E+04	 4.180E+03	 3.869E+03	 5.000E+03	 4.309E+01
   39.9375	 2.000E+01	 1.745E+01	 1.210E+01	 0.000E+00	 2.746E+04	 4.180E+03	 3.865E+03	 5.000E+03	 4.309E+01
   39.9500	 2.000E+01	 1.745E+01	 1.210E+01	 0.000E+00	 2.746E+04	 4.180E+03	 3.861E+03	 5.000E+03	 4.309E+01
   39.9625	 2.000E+01	 1.745E+01	 1.210E+01	 0.000E+00	 2.746E+04	 4.180E+03	 3.858E+03	 5.000E+03	 4.309E+01
   39.9750	 2.000E+01	 1.745E+01	 1.210E+01	 0.000E+00	 2.746E+04	 4.180E+03	 3.855E+03	 5.000E+03	 4.309E+01
   39.9875	 2.000E+01	 1.745E+01	 1.210E+01	 0.000E+00	 2.746E+04	 4.180E+03	 3.852E+03	 5.000E+03	 4.309E+01
   40.0000	 2.000E+01	 1.745E+01	 1.210E+01	 0.000E+00	 2.746E+04	 4.180E+03	 3.848E+03	 5.000E+03	 4.309E+01
   40.0125	 2.000E+01	 1.745E+01	 1.210E+01	 0.000E+00	 2.746E+04	 4.180E+03	 3.845E+03	 5.000E+03	 4.309E+01
   40.0250	 2.000E+01	 1.745E+01	 1.210E+01	 0.000E+00	 2.746E+04	 4.180E+03	 3.842E+03	 5.000E+03	 4.309E+01
   40.0375	 2.000E+01	 1.745E+01	 1.210E+01	 0.000E+00	 2.746E+04	 4.180E+03	 3.840E+03	 5.000E+03	 4.309E+01
   40.0500	 2.000E+01	 1.745E+01	 1.210E+01	 0.000E+00	 2.746E+04	 4.180E+03	 3.837E+03	 5.000E+03	 4.309E+01
   40.0625	 2.000E+01	 1.745E+01	 1.210E+01	 0.000E+00	 2.746E+04	 4.180E+03	 3.834E+03	 5.000E+03	 4.309E+01
   40.0750	 2.000E+01	 1.745E+01	 1.210E+01	 0.000E+00	 2.746E+04	 4.180E+03	 3.832E+03	 5.000E+03	 4.309E+01
   40.0875	 2.000E+01	 1.745E+01	 1.210E+01	 0.000E+00	 2.746E+04	 4.180E+03	 3.829E+03	 5.000E+03	 4.309E+01
   40.1000	 2.000E+01	 1.745E+01	 1.210E+01	 0.000E+00	 2.746E+04	 4.180E+03	 3.827E+03	 5.000E+03	 4.309E+01
   40.1125	 2.000E+01	 1.745E+01	 1.210E+01	 0.000E+00	 2.746E+04	 4.180E+03	 3.824E+03	 5.000E+03	 4.309E+01
   40.1250	 2.000E+01	 1.745E+01	 1.210E+01	 0.000E+00	 2.746E+04	 4.180E+03	 3.822E+03	 5.000E+03	 4.309E+01
   40.1375	 2.000E+01	 1.745E+01	 1.210E+01	 0.000E+00	 2.746E+04	 4.180E+03	 3.820E+03	 5.000E+03	 4.309E+01
   40.1500	 2.000E+01	 1.745E+01	 1.210E+01	 0.000E+00	 2.746E+04	 4.180E+03	 3.818E+03	 5.000E+03	 4.309E+01
   40.1625	 2.000E+01	 1.745E+01	 1.210E+01	 0.000E+00	 2.746E+04	 4.180E+03	 3.816E+03	 5.000E+03	 4.309E+01
   40.1750	 2.000E+01	 1.745E+01	 1.210E+01	 0.000E+00	 2.746E+04	 4.180E+03	 3.815E+03	 5.000E+03	 4.309E+01
   40.1875	 2.000E+01	 1.745E+01	 1.210E+01	 0.000E+00	 2.746E+04	 4.180E+03	 3.813E+03	 5.000E+03	 4.309E+01
   40.2000	 2.000E+01	 1.745E+01	 1.210E+01	 0.000E+00	 2.746E+04	 4.180E+03	 3.811E+03	 5.000E+03	 4.309E+01
   40.2125	 2.000E+01	 1.745E+01	 1.210E+01	 0.000E+00	 2.746E+04	 4.180E+03	 3.810E+03	 5.000E+03	 4.309E+01
   40.2250	 2.000E+01	 1.745E+01	 1.210E+01	 0.000E+00	 2.746E+04	 4.180E+03	 3.809E+03	 5.000E+03	 4.309E+01
   40.2375	 2.000E+01	 1.745E+01	 1.210E+01	 0.000E+00	 2.746E+04	 4.180E+03	 3.807E+03	 5.000E+03	 4.309E+01
   40.2500	 2.000E+01	 1.745E+01	 1.210E+01	 0.000E+00	 2.746E+04	 4.180E+03	 3.806E+03	 5.000E+03	 4.309E+01
   40.2625	 2.000E+01	 1.745E+01	 1.210E+01	 0.000E+00	 2.746E+04	 4.180E+03	 3.805E+03	 5.000E+03	 4.309E+01
   40.2750	 2.000E+01	 1.745E+01	 1.210E+01	 0.000E+00	 2.747E+04	 4.180E+03	 3.804E+03	 5.000E+03	 4.309E+01
   40.2875	 2.000E+01	 1.745E+01	 1.210E+01	 0.000E+00	 2.747E+04	 4.180E+03	 3.803E+03	 5.000E+03	 4.309E+01
   40.3000	 2.000E+01	 1.745E+01	 1.210E+01	 0.000E+00	 2.747E+04	 4.180E+03	 3.803E+03	 5.000E+03	 4.309E+01
   40.3125	 2.000E+01	 1.745E+01	 1.210E+01	 0.000E+00	 2.747E+04	 4.180E+03	 3.802E+03	 5.000E+03	 4.309E+01
   40.3250	 2.000E+01	 1.745E+01	 1.210E+01	 0.000E+00	 2.747E+04	 4.180E+03	 3.802E+03	 5.000E+03	 4.309E+01
   40.3375	 2.000E+01	 1.745E+01	 1.210E+01	 0.000E+00	 2.747E+04	 4.180E+03	 3.801E+03	 5.000E+03	 4.309E+01
   40.3500	 2.000E+01	 1.745E+01	 1.210E+01	 0.000E+00	 2.747E+04	 4.180E+03	 3.801E+03	 5.000E+03	 4.309E+01
   40.3625	 2.000E+01	 1.745E+01	 1.210E+01	 0.000E+00	 2.747E+04	 4.180E+03	 3.801E+03	 5.000E+03	 4.309E+01
   40.3750	 2.000E+01	 1.745E+01	 1.210E+01	 0.000E+00	 2.747E+04	 4.180E+03	 3.801E+03	 5.000E+03	 4.309E+01
   40.3875	 2.000E+01	 1.745E+01	 1.210E+01	 0.000E+00	 2.747E+04	 4.180E+03	 3.801E+03	 5.000E+03	 4.309E+01
   40.4000	 2.000E+01	 1.745E+01	 1.210E+01	 0.000E+00	 2.747E+04	 4.180E+03	 3.801E+03	 5.000E+03	 4.309E+01
   40.4125	 2.000E+01	 1.745E+01	 1.210E+01	 0.000E+00	 2.747E+04	 4.180E+03	 3.801E+03	 5.000E+03	 4.309E+01
   40.4250	 2.000E+01	 1.745E+01	 1.210E+01	 0.000E+00	 2.747E+04	 4.180E+03	 3.802E+03	 5.000E+03	 4.309E+01
   40.4375	 2.000E+01	 1.745E+01	 1.210E+01	 0.000E+00	 2.748E+04	 4.180E+03	 3.802E+03	 5.000E+03	 4.309E+01
   40.4500	 2.000E+01	 1.745E+01	 1.210E+01	 0.000E+00	 2.748E+04	 4.180E+03	 3.803E+03	 5.000E+03	 4.309E+01
   40.4625	 2.000E+01	 1.745E+01	 1.210E+01	 0.000E+00	 2.748E+04	 4.180E+03	 3.803E+03	 5.000E+03	 4.309E+01
   40.4750	 2.000E+01	 1.745E+01	 1.210E+01	 0.000E+00	 2.748E+04	 4.180E+03	 3.804E+03	 5.000E+03	 4.309E+01
   40.4875	 2.000E+01	 1.745E+01	 1.210E+01	 0.000E+00	 2.748E+04	 4.180E+03	 3.805E+03	 5.000E+03	 4.309E+01
   40.5000	 2.000E+01	 1.745E+01	 1.210E+01	 0.000E+00	 2.748E+04	 4.180E+03	 3.806E+03	 5.000E+03	 4.309E+01
   40.5125	 2.000E+01	 1.745E+01	 1.210E+01	 0.000E+00	 2.748E+04	 4.180E+03	 3.807E+03	 5.000E+03	 4.309E+01
   40.5250	 2.000E+01	 1.745E+01	 1.210E+01	 0.000E+00	 2.748E+04	 4.180E+03	 3.809E+03	 5.000E+03	 4.309E+01
   40.5375	 2.000E+01	 1.745E+01	 1.210E+01	 0.000E+00	 2.748E+04	 4.180E+03	 3.810E+03	 5.000E+03	 4.309E+01
   40.5500	 2.000E+01	 1.745E+01	 1.210E+01	 0.000E+00	 2.748E+04	 4.180E+03	 3.812E+03	 5.000E+03	 4.309E+01
   40.5625	 2.000E+01	 1.745E+01	 1.210E+01	 0.000E+00	 2.748E+04	 4.180E+03	 3.813E+03	 5.000E+03	 4.309E+01
   40.5750	 2.000E+01	 1.745E+01	 1.210E+01	 0.000E+00	 2.748E+04	 4.180E+03	 3.815E+03	 5.000E+03	 4.309E+01
   40.5875	 2.000E+01	 1.745E+01	 1.210E+01	 0.000E+00	 2.748E+04	 4.180E+03	 3.817E+03	 5.000E+03	 4.309E+01
   40.6000	 2.000E+01	 1.745E+01	 1.210E+01	 0.000E+00	 2.748E+04	 4.180E+03	 3.819E+03	 5.000E+03	 4.309E+01
   40.6125	 2.000E+01	 1.745E+01	 1.210E+01	 0.000E+00	 2.748E+04	 4.180E+03	 3.821E+03	 5.000E+03	 4.309E+01
   40.6250	 2.000E+01	 1.745E+01	 1.210E+01	 0.000E+00	 2.748E+04	 4.180E+03	 3.823E+03	 5.000E+03	 4.309E+01
   40.6375	 2.000E+01	 1.745E+01	 1.210E+01	 0.000E+00	 2.749E+04	 4.180E+03	 3.825E+03	 5.000E+03	 4.309E+01
   40.6500	 2.000E+01	 1.745E+01	 1.210E+01	 0.000E+00	 2.749E+04	 4.180E+03	 3.827E+03	 5.000E+03	 4.309E+01
   40.6625	 2.000E+01	 1.745E+01	 1.210E+01	 0.000E+00	 2.749E+04	 4.180E+03	 3.830E+03	 5.000E+03	 4.309E+01
   40.6750	 2.000E+01	 1.745E+01	 1.210E+01	 0.000E+00	 2.749E+04	 4.180E+03	 3.832E+03	 5.000E+03	 4.309E+01
   40.6875	 2.000E+01	 1.745E+01	 1.210E+01	 0.000E+00	 2.749E+04	 4.180E+03	 3.835E+03	 5.000E+03	 4.309E+01
   40.7000	 2.000E+01	 1.745E+01	 1.210E+01	 0.000E+00	 2.749E+04	 4.180E+03	 3.838E+03	 5.000E+03	 4.309E+01
   40.7125	 2.000E+01	 1.745E+01	 1.210E+01	 0.000E+00	 2.749E+04	 4.180E+03	 3.841E+03	 5.000E+03	 4.309E+01
   40.7250	 2.000E+01	 1.745E+01	 1.210E+01	 0.000E+00	 2.749E+04	 4.180E+03	 3.844E+03	 5.000E+03	 4.309E+01
   40.7375	 2.000E+01	 1.745E+01	 1.210E+01	 0.000E+00	 2.749E+04	 4.180E+03	 3.847E+03	 5.000E+03	 4.309E+01
   40.7500	 2.000E+01	 1.745E+01	 1.210E+01	 0.000E+00	 2.749E+04	 4.180E+03	 3.850E+03	 5.000E+03	 4.309E+01
   40.7625	 2.000E+01	 1.745E+01	 1.210E+01	 0.000E+00	 2.749E+04	 4.180E+03	 3.853E+03	 5.000E+03	 4.309E+01
   40.7750	 2.000E+01	 1.745E+01	 1.210E+01	 0.000E+00	 2.749E+04	 4.180E+03	 3.856E+03	 5.000E+03	 4.309E+01
   40.7875	 2.000E+01	 1.745E+01	 1.210E+01	 0.000E+00	 2.749E+04	 4.180E+03	 3.860E+03	 5.000E+03	 4.309E+01
   40.8000	 2.000E+01	 1.745E+01	 1.210E+01	 0.000E+00	 2.749E+04	 4.180E+03	 3.863E+03	 5.000E+03	 4.309E+01
   40.8125	 2.000E+01	 1.745E+01	 1.210E+01	 0.000E+00	 2.749E+04	 4.180E+03	 3.867E+03	 5.000E+03	 4.309E+01
   40.8250	 2.000E+01	 1.745E+01	 1.210E+01	 0.000E+00	 2.749E+04	 4.180E+03	 3.871E+03	 5.000E+03	 4.309E+01
   40.8375	 2.000E+01	 1.745E+01	 1.210E+01	 0.000E+00	 2.749E+04	 4.180E+03	 3.875E+03	 5.000E+03	 4.309E+01
   40.8500	 2.000E+01	 1.745E+01	 1.210E+01	 0.000E+00	 2.749E+04	 4.180E+03	 3.879E+03	 5.000E+03	 4.309E+01
   40.8625	 2.000E+01	 1.745E+01	 1.210E+01	 0.000E+00	 2.749E+04	 4.180E+03	 3.883E+03	 5.000E+03	 4.309E+01
   40.8750	 2.000E+01	 1.745E+01	 1.210E+01	 0.000E+00	 2.749E+04	 4.180E+03	 3.887E+03	 5.000E+03	 4.309E+01
   40.8875	 2.000E+01	 1.745E+01	 1.210E+01	 0.000E+00	 2.749E+04	 4.180E+03	 3.891E+03	 5.000E+03	 4.309E+01
   40.9000	 2.000E+01	 1.745E+01	 1.210E+01	 0.000E+00	 2.749E+04	 4.180E+03	 3.895E+03	 5.000E+03	 4.309E+01
   40.9125	 2.000E+01	 1.745E+01	 1.210E+01	 0.000E+00	 2.749E+04	 4.180E+03	 3.900E+03	 5.000E+03	 4.309E+01
   40.9250	 2.000E+01	 1.745E+01	 1.210E+01	 0.000E+00	 2.749E+04	 4.180E+03	 3.904E+03	 5.000E+03	 4.309E+01
   40.9375	 2.000E+01	 1.745E+01	 1.210E+01	 0.000E+00	 2.749E+04	 4.180E+03	 3.909E+03	 5.000E+03	 4.309E+01
   40.9500	 2.000E+01	 1.745E+01	 1.210E+01	 0.000E+00	 2.749E+04	 4.180E+03	 3.914E+03	 5.000E+03	 4.309E+01
   40.9625	 2.000E+01	 1.745E+01	 1.210E+01	 0.000E+00	 2.749E+04	 4.180E+03	 3.918E+03	 5.000E+03	 4.309E+01
   40.9750	 2.000E+01	 1.745E+01	 1.210E+01	 0.000E+00	 2.749E+04	 4.180E+03	 3.923E+03	 5.000E+03	 4.309E+01
   40.9875	 2.000E+01	 1.745E+01	 1.210E+01	 0.000E+00	 2.749E+04	 4.180E+03	 3.928E+03	 5.000E+03	 4.309E+01
   41.0000	 2.000E+01	 1.745E+01	 1.210E+01	 0.000E+00	 2.749E+04	 4.180E+03	 3.933E+03	 5.000E+03	 4.309E+01
   41.0125	 2.000E+01	 1.745E+01	 1.210E+01	 0.000E+00	 2.749E+04	 4.180E+03	 3.938E+03	 5.000E+03	 4.309E+01
   41.0250	 2.000E+01	 1.745E+01	 1.210E+01	 0.000E+00	 2.748E+04	 4.180E+03	 3.943E+03	 5.000E+03	 4.309E+01
   41.0375	 2.000E+01	 1.745E+01	 1.210E+01	 0.000E+00	 2.748E+04	 4.180E+03	 3.949E+03	 5.000E+03	 4.309E+01
   41.0500	 2.000E+01	 1.745E+01	 1.210E+01	 0.000E+00	 2.748E+04	 4.180E+03	 3.954E+03	 5.000E+03	 4.309E+01
   41.0625	 2.000E+01	 1.745E+01	 1.210E+01	 0.000E+00	 2.748E+04	 4.180E+03	 3.959E+03	 5.000E+03	 4.309E+01
   41.0750	 2.000E+01	 1.745E+01	 1.210E+01	 0.000E+00	 2.748E+04	 4.180E+03	 3.965E+03	 5.000E+03	 4.309E+01
   41.0875	 2.000E+01	 1.745E+01	 1.210E+01	 0.000E+00	 2.748E+04	 4.180E+03	 3.970E+03	 5.000E+03	 4.309E+01
   41.1000	 2.000E+01	 1.745E+01	 1.210E+01	 0.000E+00	 2.748E+04	 4.180E+03	 3.976E+03	 5.000E+03	 4.309E+01
   41.1125	 2.000E+01	 1.745E+01	 1.210E+01	 0.000E+00	 2.748E+04	 4.180E+03	 3.981E+03	 5.000E+03	 4.309E+01
   41.1250	 2.000E+01	 1.745E+01	 1.210E+01	 0.000E+00	 2.748E+04	 4.180E+03	 3.987E+03	 5.000E+03	 4.309E+01
   41.1375	 2.000E+01	 1.745E+01	 1.210E+01	 0.000E+00	 2.748E+04	 4.180E+03	 3.993E+03	 5.000E+03	 4.309E+01
   41.1500	 2.000E+01	 1.745E+01	 1.210E+01	 0.000E+00	 2.748E+04	 4.180E+03	 3.999E+03	 5.000E+03	 4.309E+01
   41.1625	 2.000E+01	 1.745E+01	 1.210E+01	 0.000E+00	 2.748E+04	 4.180E+03	 4.005E+03	 5.000E+03	 4.309E+01
   41.1750	 2.000E+01	 1.745E+01	 1.210E+01	 0.000E+00	 2.748E+04	 4.180E+03	 4.011E+03	 5.000E+03	 4.309E+01
   41.1875	 2.000E+01	 1.745E+01	 1.210E+01	 0.000E+00	 2.748E+04	 4.180E+03	 4.017E+03	 5.000E+03	 4.309E+01
   41.2000	 2.000E+01	 1.745E+01	 1.210E+01	 0.000E+00	 2.748E+04	 4.180E+03	 4.023E+03	 5.000E+03	 4.309E+01
   41.2125	 2.000E+01	 1.745E+01	 1.210E+01	 0.000E+00	 2.748E+04	 4.180E+03	 4.029E+03	 5.000E+03	 4.309E+01
   41.2250	 2.000E+01	 1.745E+01	 1.210E+01	 0.000E+00	 2.748E+04	 4.180E+03	 4.035E+03	 5.000E+03	 4.309E+01
   41.2375	 2.000E+01	 1.745E+01	 1.210E+01	 0.000E+00	 2.748E+04	 4.180E+03	 4.041E+03	 5.000E+03	 4.309E+01
   41.2500	 2.000E+01	 1.745E+01	 1.210E+01	 0.000E+00	 2.747E+04	 4.180E+03	 4.047E+03	 5.000E+03	 4.309E+01
   41.2625	 2.000E+01	 1.745E+01	 1.210E+01	 0.000E+00	 2.747E+04	 4.180E+03	 4.054E+03	 5.000E+03	 4.309E+01
   41.2750	 2.000E+01	 1.745E+01	 1.210E+01	 0.000E+00	 2.747E+04	 4.180E+03	 4.060E+03	 5.000E+03	 4.309E+01
   41.2875	 2.000E+01	 1.745E+01	 1.210E+01	 0.000E+00	 2.747E+04	 4.180E+03	 4.066E+03	 5.000E+03	 4.309E+01
   41.3000	 2.000E+01	 1.745E+01	 1.210E+01	 0.000E+00	 2.747E+04	 4.180E+03	 4.073E+03	 5.000E+03	 4.309E+01
   41.3125	 2.000E+01	 1.745E+01	 1.210E+01	 0.000E+00	 2.747E+04	 4.180E+03	 4.079E+03	 5.000E+03	 4.309E+01
   41.3250	 2.000E+01	 1.745E+01	 1.210E+01	 0.000E+00	 2.747E+04	 4.180E+03	 4.086E+03	 5.000E+03	 4.309E+01
   41.3375	 2.000E+01	 1.745E+01	 1.210E+01	 0.000E+00	 2.747E+04	 4.180E+03	 4.092E+03	 5.000E+03	 4.309E+01
   41.3500	 2.000E+01	 1.745E+01	 1.210E+01	 0.000E+00	 2.747E+04	 4.180E+03	 4.099E+03	 5.000E+03	 4.309E+01
   41.3625	 2.000E+01	 1.745E+01	 1.210E+01	 0.000E+00	 2.747E+04	 4.180E+03	 4.106E+03	 5.000E+03	 4.309E+01
   41.3750	 2.000E+01	 1.745E+01	 1.210E+01	 0.000E+00	 2.747E+04	 4.180E+03	 4.112E+03	 5.000E+03	 4.309E+01
   41.3875	 2.000E+01	 1.745E+01	 1.210E+01	 0.000E+00	 2.747E+04	 4.180E+03	 4.119E+03	 5.000E+03	 4.309E+01
   41.4000	 2.000E+01	 1.745E+01	 1.210E+01	 0.000E+00	 2.747E+04	 4.180E+03	 4.126E+03	 5.000E+03	 4.309E+01
   41.4125	 2.000E+01	 1.745E+01	 1.210E+01	 0.000E+00	 2.747E+04	 4.180E+03	 4.132E+03	 5.000E+03	 4.309E+01
   41.4250	 2.000E+01	 1.745E+01	 1.210E+01	 0.000E+00	 2.747E+04	 4.180E+03	 4.139E+03	 5.000E+03	 4.309E+01
   41.4375	 2.000E+01	 1.745E+01	 1.210E+01	 0.000E+00	 2.747E+04	 4.180E+03	 4.146E+03	 5.000E+03	 4.309E+01
   41.4500	 2.000E+01	 1.745E+01	 1.210E+01	 0.000E+00	 2.747E+04	 4.180E+03	 4.152E+03	 5.000E+03	 4.309E+01
   41.4625	 2.000E+01	 1.745E+01	 1.210E+01	 0.000E+00	 2.746E+04	 4.180E+03	 4.159E+03	 5.000E+03	 4.309E+01
   41.4750	 2.000E+01	 1.745E+01	 1.210E+01	 0.000E+00	 2.746E+04	 4.180E+03	 4.166E+03	 5.000E+03	 4.309E+01
   41.4875	 2.000E+01	 1.745E+01	 1.210E+01	 0.000E+00	 2.746E+04	 4.180E+03	 4.173E+03	 5.000E+03	 4.309E+01
   41.5000	 2.000E+01	 1.745E+01	 1.210E+01	 0.000E+00	 2.746E+04	 4.180E+03	 4.180E+03	 5.000E+03	 4.309E+01
   41.5125	 2.000E+01	 1.745E+01	 1.210E+01	 0.000E+00	 2.746E+04	 4.180E+03	 4.186E+03	 5.000E+03	 4.309E+01
   41.5250	 2.000E+01	 1.745E+01	 1.210E+01	 0.000E+00	 2.746E+04	 4.180E+03	 4.193E+03	 5.000E+03	 4.309E+01
   41.5375	 2.000E+01	 1.745E+01	 1.210E+01	 0.000E+00	 2.746E+04	 4.180E+03	 4.200E+03	 5.000E+03	 4.309E+01
   41.5500	 2.000E+01	 1.745E+01	 1.210E+01	 0.000E+00	 2.746E+04	 4.180E+03	 4.207E+03	 5.000E+03	 4.309E+01
   41.5625	 2.000E+01	 1.745E+01	 1.210E+01	 0.000E+00	 2.746E+04	 4.180E+03	 4.214E+03	 5.000E+03	 4.309E+01
   41.5750	 2.000E+01	 1.745E+01	 1.210E+01	 0.000E+00	 2.746E+04	 4.180E+03	 4.221E+03	 5.000E+03	 4.309E+01
   41.5875	 2.000E+01	 1.745E+01	 1.210E+01	 0.000E+00	 2.746E+04	 4.180E+03	 4.228E+03	 5.000E+03	 4.309E+01
   41.6000	 2.000E+01	 1.745E+01	 1.210E+01	 0.000E+00	 2.746E+04	 4.180E+03	 4.234E+03	 5.000E+03	 4.309E+01
   41.6125	 2.000E+01	 1.745E+01	 1.210E+01	 0.000E+00	 2.746E+04	 4.180E+03	 4.241E+03	 5.000E+03	 4.309E+01
   41.6250	 2.000E+01	 1.745E+01	 1.210E+01	 0.000E+00	 2.746E+04	 4.180E+03	 4.248E+03	 5.000E+03	 4.309E+01
   41.6375	 2.000E+01	 1.745E+01	 1.210E+01	 0.000E+00	 2.746E+04	 4.180E+03	 4.255E+03	 5.000E+03	 4.309E+01
   41.6500	 2.000E+01	 1.745E+01	 1.210E+01	 0.000E+00	 2.746E+04	 4.180E+03	 4.262E+03	 5.000E+03	 4.309E+01
   41.6625	 2.000E+01	 1.745E+01	 1.210E+01	 0.000E+00	 2.746E+04	 4.180E+03	 4.269E+03	 5.000E+03	 4.309E+01
   41.6750	 2.000E+01	 1.745E+01	 1.210E+01	 0.000E+00	 2.746E+04	 4.180E+03	 4.275E+03	 5.000E+03	 4.309E+01
   41.6875	 2.000E+01	 1.745E+01	 1.210E+01	 0.000E+00	 2.746E+04	 4.180E+03	 4.282E+03	 5.000E+03	 4.309E+01
   41.7000	 2.000E+01	 1.745E+01	 1.210E+01	 0.000E+00	 2.746E+04	 4.180E+03	 4.289E+03	 5.000E+03	 4.309E+01
   41.7125	 2.000E+01	 1.745E+01	 1.210E+01	 0.000E+00	 2.746E+04	 4.180E+03	 4.296E+03	 5.000E+03	 4.309E+01
   41.7250	 2.000E+01	 1.745E+01	 1.210E+01	 0.000E+00	 2.746E+04	 4.180E+03	 4.302E+03	 5.000E+03	 4.309E+01
   41.7375	 2.000E+01	 1.745E+01	 1.210E+01	 0.000E+00	 2.746E+04	 4.180E+03	 4.309E+03	 5.000E+03	 4.309E+01
   41.7500	 2.000E+01	 1.745E+01	 1.210E+01	 0.000E+00	 2.746E+04	 4.180E+03	 4.316E+03	 5.000E+03	 4.309E+01
   41.7625	 2.000E+01	 1.745E+01	 1.210E+01	 0.000E+00	 2.746E+04	 4.180E+03	 4.322E+03	 5.000E+03	 4.309E+01
   41.7750	 2.000E+01	 1.745E+01	 1.210E+01	 0.000E+00	 2.746E+04	 4.180E+03	 4.329E+03	 5.000E+03	 4.309E+01
   41.7875	 2.000E+01	 1.745E+01	 1.210E+01	 0.000E+00	 2.746E+04	 4.180E+03	 4.336E+03	 5.000E+03	 4.309E+01
   41.8000	 2.000E+01	 1.745E+01	 1.210E+01	 0.000E+00	 2.746E+04	 4.180E+03	 4.342E+03	 5.000E+03	 4.309E+01
   41.8125	 2.000E+01	 1.745E+01	 1.210E+01	 0.000E+00	 2.746E+04	 4.180E+03	 4.349E+03	 5.000E+03	 4.309E+01
   41.8250	 2.000E+01	 1.745E+01	 1.210E+01	 0.000E+00	 2.746E+04	 4.180E+03	 4.355E+03	 5.000E+03	 4.309E+01
   41.8375	 2.000E+01	 1.745E+01	 1.210E+01	 0.000E+00	 2.746E+04	 4.180E+03	 4.362E+03	 5.000E+03	 4.309E+01
   41.8500	 2.000E+01	 1.745E+01	 1.210E+01	 0.000E+00	 2.746E+04	 4.180E+03	 4.368E+03	 5.000E+03	 4.309E+01
   41.8625	 2.000E+01	 1.745E+01	 1.210E+01	 0.000E+00	 2.746E+04	 4.180E+03	 4.374E+03	 5.000E+03	 4.309E+01
   41.8750	 2.000E+01	 1.745E+01	 1.210E+01	 0.000E+00	 2.746E+04	 4.180E+03	 4.380E+03	 5.000E+03	 4.309E+01
   41.8875	 2.000E+01	 1.745E+01	 1.210E+01	 0.000E+00	 2.746E+04	 4.180E+03	 4.387E+03	 5.000E+03	 4.309E+01
   41.9000	 2.000E+01	 1.745E+01	 1.210E+01	 0.000E+00	 2.746E+04	 4.180E+03	 4.393E+03	 5.000E+03	 4.309E+01
   41.9125	 2.000E+01	 1.745E+01	 1.210E+01	 0.000E+00	 2.746E+04	 4.180E+03	 4.399E+03	 5.000E+03	 4.309E+01
   41.9250	 2.000E+01	 1.745E+01	 1.210E+01	 0.000E+00	 2.747E+04	 4.180E+03	 4.405E+03	 5.000E+03	 4.309E+01
   41.9375	 2.000E+01	 1.745E+01	 1.210E+01	 0.000E+00	 2.747E+04	 4.180E+03	 4.411E+03	 5.000E+03	 4.309E+01
   41.9500	 2.000E+01	 1.745E+01	 1.210E+01	 0.000E+00	 2.747E+04	 4.180E+03	 4.417E+03	 5.000E+03	 4.309E+01
   41.9625	 2.000E+01	 1.745E+01	 1.210E+01	 0.000E+00	 2.747E+04	 4.180E+03	 4.423E+03	 5.000E+03	 4.309E+01
   41.9750	 2.000E+01	 1.745E+01	 1.210E+01	 0.000E+00	 2.747E+04	 4.180E+03	 4.429E+03	 5.000E+03	 4.309E+01
   41.9875	 2.000E+01	 1.745E+01	 1.210E+01	 0.000E+00	 2.747E+04	 4.180E+03	 4.435E+03	 5.000E+03	 4.309E+01
   42.0000	 2.000E+01	 1.745E+01	 1.210E+01	 0.000E+00	 2.747E+04	 4.180E+03	 4.440E+03	 5.000E+03	 4.309E+01
   42.0125	 2.000E+01	 1.745E+01	 1.210E+01	 0.000E+00	 2.747E+04	 4.180E+03	 4.446E+03	 5.000E+03	 4.309E+01
   42.0250	 2.000E+01	 1.745E+01	 1.210E+01	 0.000E+00	 2.747E+04	 4.180E+03	 4.452E+03	 5.000E+03	 4.309E+01
   42.0375	 2.000E+01	 1.745E+01	 1.210E+01	 0.000E+00	 2.747E+04	 4.180E+03	 4.457E+03	 5.000E+03	 4.309E+01
   42.0500	 2.000E+01	 1.745E+01	 1.210E+01	 0.000E+00	 2.747E+04	 4.180E+03	 4.463E+03	 5.000E+03	 4.309E+01
   42.0625	 2.000E+01	 1.745E+01	 1.210E+01	 0.000E+00	 2.747E+04	 4.180E+03	 4.468E+03	 5.000E+03	 4.309E+01
   42.0750	 2.000E+01	 1.745E+01	 1.210E+01	 0.000E+00	 2.747E+04	 4.180E+03	 4.473E+03	 5.000E+03	 4.309E+01
   42.0875	 2.000E+01	 1.745E+01	 1.210E+01	 0.000E+00	 2.748E+04	 4.180E+03	 4.479E+03	 5.000E+03	 4.309E+01
   42.1000	 2.000E+01	 1.745E+01	 1.210E+01	 0.000E+00	 2.748E+04	 4.180E+03	 4.484E+03	 5.000E+03	 4.309E+01
   42.1125	 2.000E+01	 1.745E+01	 1.210E+01	 0.000E+00	 2.748E+04	 4.180E+03	 4.489E+03	 5.000E+03	 4.309E+01
   42.1250	 2.000E+01	 1.745E+01	 1.210E+01	 0.000E+00	 2.748E+04	 4.180E+03	 4.494E+03	 5.000E+03	 4.309E+01
   42.1375	 2.000E+01	 1.745E+01	 1.210E+01	 0.000E+00	 2.748E+04	 4.180E+03	 4.499E+03	 5.000E+03	 4.309E+01
   42.1500	 2.000E+01	 1.745E+01	 1.210E+01	 0.000E+00	 2.748E+04	 4.180E+03	 4.504E+03	 5.000E+03	 4.309E+01
   42.1625	 2.000E+01	 1.745E+01	 1.210E+01	 0.000E+00	 2.748E+04	 4.180E+03	 4.509E+03	 5.000E+03	 4.309E+01
   42.1750	 2.000E+01	 1.745E+01	 1.210E+01	 0.000E+00	 2.748E+04	 4.180E+03	 4.514E+03	 5.000E+03	 4.309E+01
   42.1875	 2.000E+01	 1.745E+01	 1.210E+01	 0.000E+00	 2.748E+04	 4.180E+03	 4.518E+03	 5.000E+03	 4.309E+01
   42.2000	 2.000E+01	 1.745E+01	 1.210E+01	 0.000E+00	 2.748E+04	 4.180E+03	 4.523E+03	 5.000E+03	 4.309E+01
   42.2125	 2.000E+01	 1.745E+01	 1.210E+01	 0.000E+00	 2.748E+04	 4.180E+03	 4.527E+03	 5.000E+03	 4.309E+01
   42.2250	 2.000E+01	 1.745E+01	 1.210E+01	 0.000E+00	 2.748E+04	 4.180E+03	 4.532E+03	 5.000E+03	 4.309E+01
   42.2375	 2.000E+01	 1.745E+01	 1.210E+01	 0.000E+00	 2.748E+04	 4.180E+03	 4.536E+03	 5.000E+03	 4.309E+01
   42.2500	 2.000E+01	 1.745E+01	 1.210E+01	 0.000E+00	 2.748E+04	 4.180E+03	 4.540E+03	 5.000E+03	 4.309E+01
   42.2625	 2.000E+01	 1.745E+01	 1.210E+01	 0.000E+00	 2.748E+04	 4.180E+03	 4.544E+03	 5.000E+03	 4.309E+01
   42.2750	 2.000E+01	 1.745E+01	 1.210E+01	 0.000E+00	 2.748E+04	 4.180E+03	 4.548E+03	 5.000E+03	 4.309E+01
   42.2875	 2.000E+01	 1.745E+01	 1.210E+01	 0.000E+00	 2.749E+04	 4.180E+03	 4.552E+03	 5.000E+03	 4.309E+01
   42.3000	 2.000E+01	 1.745E+01	 1.210E+01	 0.000E+00	 2.749E+04	 4.180E+03	 4.556E+03	 5.000E+03	 4.309E+01
   42.3125	 2.000E+01	 1.745E+01	 1.210E+01	 0.000E+00	 2.749E+04	 4.180E+03	 4.560E+03	 5.000E+03	 4.309E+01
   42.3250	 2.000E+01	 1.745E+01	 1.210E+01	 0.000E+00	 2.749E+04	 4.180E+03	 4.564E+03	 5.000E+03	 4.309E+01
   42.3375	 2.000E+01	 1.745E+01	 1.210E+01	 0.000E+00	 2.749E+04	 4.180E+03	 4.567E+03	 5.000E+03	 4.309E+01
   42.3500	 2.000E+01	 1.745E+01	 1.210E+01	 0.000E+00	 2.749E+04	 4.180E+03	 4.571E+03	 5.000E+03	 4.309E+01
   42.3625	 2.000E+01	 1.745E+01	 1.210E+01	 0.000E+00	 2.749E+04	 4.180E+03	 4.574E+03	 5.000E+03	 4.309E+01
   42.3750	 2.000E+01	 1.745E+01	 1.210E+01	 0.000E+00	 2.749E+04	 4.180E+03	 4.578E+03	 5.000E+03	 4.309E+01
   42.3875	 2.000E+01	 1.745E+01	 1.210E+01	 0.000E+00	 2.749E+04	 4.180E+03	 4.581E+03	 5.000E+03	 4.309E+01
   42.4000	 2.000E+01	 1.745E+01	 1.210E+01	 0.000E+00	 2.749E+04	 4.180E+03	 4.584E+03	 5.000E+03	 4.309E+01
   42.4125	 2.000E+01	 1.745E+01	 1.210E+01	 0.000E+00	 2.749E+04	 4.180E+03	 4.587E+03	 5.000E+03	 4.309E+01
   42.4250	 2.000E+01	 1.745E+01	 1.210E+01	 0.000E+00	 2.749E+04	 4.180E+03	 4.590E+03	 5.000E+03	 4.309E+01
   42.4375	 2.000E+01	 1.745E+01	 1.210E+01	 0.000E+00	 2.749E+04	 4.180E+03	 4.593E+03	 5.000E+03	 4.309E+01
   42.4500	 2.000E+01	 1.745E+01	 1.210E+01	 0.000E+00	 2.749E+04	 4.180E+03	 4.596E+03	 5.000E+03	 4.309E+01
   42.4625	 2.000E+01	 1.745E+01	 1.210E+01	 0.000E+00	 2.749E+04	 4.180E+03	 4.598E+03	 5.000E+03	 4.309E+01
   42.4750	 2.000E+01	 1.745E+01	 1.210E+01	 0.000E+00	 2.749E+04	 4.180E+03	 4.601E+03	 5.000E+03	 4.309E+01
   42.4875	 2.000E+01	 1.745E+01	 1.210E+01	 0.000E+00	 2.749E+04	 4.180E+03	 4.603E+03	 5.000E+03	 4.309E+01
   42.5000	 2.000E+01	 1.745E+01	 1.210E+01	 0.000E+00	 2.749E+04	 4.180E+03	 4.606E+03	 5.000E+03	 4.309E+01
   42.5125	 2.000E+01	 1.745E+01	 1.210E+01	 0.000E+00	 2.749E+04	 4.180E+03	 4.608E+03	 5.000E+03	 4.309E+01
   42.5250	 2.000E+01	 1.745E+01	 1.210E+01	 0.000E+00	 2.749E+04	 4.180E+03	 4.610E+03	 5.000E+03	 4.309E+01
   42.5375	 2.000E+01	 1.745E+01	 1.210E+01	 0.000E+00	 2.749E+04	 4.180E+03	 4.612E+03	 5.000E+03	 4.309E+01
   42.5500	 2.000E+01	 1.745E+01	 1.210E+01	 0.000E+00	 2.749E+04	 4.180E+03	 4.614E+03	 5.000E+03	 4.309E+01
   42.5625	 2.000E+01	 1.745E+01	 1.210E+01	 0.000E+00	 2.749E+04	 4.180E+03	 4.616E+03	 5.000E+03	 4.309E+01
   42.5750	 2.000E+01	 1.745E+01	 1.210E+01	 0.000E+00	 2.749E+04	 4.180E+03	 4.618E+03	 5.000E+03	 4.309E+01
   42.5875	 2.000E+01	 1.745E+01	 1.210E+01	 0.000E+00	 2.749E+04	 4.180E+03	 4.620E+03	 5.000E+03	 4.309E+01
   42.6000	 2.000E+01	 1.745E+01	 1.210E+01	 0.000E+00	 2.749E+04	 4.180E+03	 4.622E+03	 5.000E+03	 4.309E+01
   42.6125	 2.000E+01	 1.745E+01	 1.210E+01	 0.000E+00	 2.749E+04	 4.180E+03	 4.623E+03	 5.000E+03	 4.309E+01
   42.6250	 2.000E+01	 1.745E+01	 1.210E+01	 0.000E+00	 2.749E+04	 4.180E+03	 4.625E+03	 5.000E+03	 4.309E+01
   42.6375	 2.000E+01	 1.745E+01	 1.210E+01	 0.000E+00	 2.749E+04	 4.180E+03	 4.626E+03	 5.000E+03	 4.309E+01
   42.6500	 2.000E+01	 1.745E+01	 1.210E+01	 0.000E+00	 2.749E+04	 4.180E+03	 4.627E+03	 5.000E+03	 4.309E+01
   42.6625	 2.000E+01	 1.745E+01	 1.210E+01	 0.000E+00	 2.749E+04	 4.180E+03	 4.628E+03	 5.000E+03	 4.309E+01
   42.6750	 2.000E+01	 1.745E+01	 1.210E+01	 0.000E+00	 2.748E+04	 4.180E+03	 4.629E+03	 5.000E+03	 4.309E+01
   42.6875	 2.000E+01	 1.745E+01	 1.210E+01	 0.000E+00	 2.748E+04	 4.180E+03	 4.630E+03	 5.000E+03	 4.309E+01
   42.7000	 2.000E+01	 1.745E+01	 1.210E+01	 0.000E+00	 2.748E+04	 4.180E+03	 4.631E+03	 5.000E+03	 4.309E+01
   42.7125	 2.000E+01	 1.745E+01	 1.210E+01	 0.000E+00	 2.748E+04	 4.180E+03	 4.632E+03	 5.000E+03	 4.309E+01
   42.7250	 2.000E+01	 1.745E+01	 1.210E+01	 0.000E+00	 2.748E+04	 4.180E+03	 4.633E+03	 5.000E+03	 4.309E+01
   42.7375	 2.000E+01	 1.745E+01	 1.210E+01	 0.000E+00	 2.748E+04	 4.180E+03	 4.633E+03	 5.000E+03	 4.309E+01
   42.7500	 2.000E+01	 1.745E+01	 1.210E+01	 0.000E+00	 2.748E+04	 4.180E+03	 4.634E+03	 5.000E+03	 4.309E+01
   42.7625	 2.000E+01	 1.745E+01	 1.210E+01	 0.000E+00	 2.748E+04	 4.180E+03	 4.634E+03	 5.000E+03	 4.309E+01
   42.7750	 2.000E+01	 1.745E+01	 1.210E+01	 0.000E+00	 2.748E+04	 4.180E+03	 4.634E+03	 5.000E+03	 4.309E+01
   42.7875	 2.000E+01	 1.745E+01	 1.210E+01	 0.000E+00	 2.748E+04	 4.180E+03	 4.635E+03	 5.000E+03	 4.309E+01
   42.8000	 2.000E+01	 1.745E+01	 1.210E+01	 0.000E+00	 2.748E+04	 4.180E+03	 4.635E+03	 5.000E+03	 4.309E+01
   42.8125	 2.000E+01	 1.745E+01	 1.210E+01	 0.000E+00	 2.748E+04	 4.180E+03	 4.635E+03	 5.000E+03	 4.309E+01
   42.8250	 2.000E+01	 1.745E+01	 1.210E+01	 0.000E+00	 2.748E+04	 4.180E+03	 4.635E+03	 5.000E+03	 4.309E+01
   42.8375	 2.000E+01	 1.745E+01	 1.210E+01	 0.000E+00	 2.748E+04	 4.180E+03	 4.634E+03	 5.000E+03	 4.309E+01
   42.8500	 2.000E+01	 1.745E+01	 1.210E+01	 0.000E+00	 2.748E+04	 4.180E+03	 4.634E+03	 5.000E+03	 4.309E+01
   42.8625	 2.000E+01	 1.745E+01	 1.210E+01	 0.000E+00	 2.748E+04	 4.180E+03	 4.634E+03	 5.000E+03	 4.309E+01
   42.8750	 2.000E+01	 1.745E+01	 1.210E+01	 0.000E+00	 2.748E+04	 4.180E+03	 4.633E+03	 5.000E+03	 4.309E+01
   42.8875	 2.000E+01	 1.745E+01	 1.210E+01	 0.000E+00	 2.748E+04	 4.180E+03	 4.633E+03	 5.000E+03	 4.309E+01
   42.9000	 2.000E+01	 1.745E+01	 1.210E+01	 0.000E+00	 2.748E+04	 4.180E+03	 4.632E+03	 5.000E+03	 4.309E+01
   42.9125	 2.000E+01	 1.745E+01	 1.210E+01	 0.000E+00	 2.747E+04	 4.180E+03	 4.631E+03	 5.000E+03	 4.309E+01
   42.9250	 2.000E+01	 1.745E+01	 1.210E+01	 0.000E+00	 2.747E+04	 4.180E+03	 4.630E+03	 5.000E+03	 4.309E+01
   42.9375	 2.000E+01	 1.745E+01	 1.210E+01	 0.000E+00	 2.747E+04	 4.180E+03	 4.629E+03	 5.000E+03	 4.309E+01
   42.9500	 2.000E+01	 1.745E+01	 1.210E+01	 0.000E+00	 2.747E+04	 4.180E+03	 4.628E+03	 5.000E+03	 4.309E+01
   42.9625	 2.000E+01	 1.745E+01	 1.210E+01	 0.000E+00	 2.747E+04	 4.180E+03	 4.627E+03	 5.000E+03	 4.309E+01
   42.9750	 2.000E+01	 1.745E+01	 1.210E+01	 0.000E+00	 2.747E+04	 4.180E+03	 4.626E+03	 5.000E+03	 4.309E+01
   42.9875	 2.000E+01	 1.745E+01	 1.210E+01	 0.000E+00	 2.747E+04	 4.180E+03	 4.624E+03	 5.000E+03	 4.309E+01
   43.0000	 2.000E+01	 1.745E+01	 1.210E+01	 0.000E+00	 2.747E+04	 4.180E+03	 4.623E+03	 5.000E+03	 4.309E+01
   43.0125	 2.000E+01	 1.745E+01	 1.210E+01	 0.000E+00	 2.747E+04	 4.180E+03	 4.621E+03	 5.000E+03	 4.309E+01
   43.0250	 2.000E+01	 1.745E+01	 1.210E+01	 0.000E+00	 2.747E+04	 4.180E+03	 4.620E+03	 5.000E+03	 4.309E+01
   43.0375	 2.000E+01	 1.745E+01	 1.210E+01	 0.000E+00	 2.747E+04	 4.180E+03	 4.618E+03	 5.000E+03	 4.309E+01
   43.0500	 2.000E+01	 1.745E+01	 1.210E+01	 0.000E+00	 2.747E+04	 4.180E+03	 4.616E+03	 5.000E+03	 4.309E+01
   43.0625	 2.000E+01	 1.745E+01	 1.210E+01	 0.000E+00	 2.747E+04	 4.180E+03	 4.614E+03	 5.000E+03	 4.309E+01
   43.0750	 2.000E+01	 1.745E+01	 1.210E+01	 0.000E+00	 2.747E+04	 4.180E+03	 4.612E+03	 5.000E+03	 4.309E+01
   43.0875	 2.000E+01	 1.745E+01	 1.210E+01	 0.000E+00	 2.747E+04	 4.180E+03	 4.610E+03	 5.000E+03	 4.309E+01
   43.1000	 2.000E+01	 1.745E+01	 1.210E+01	 0.000E+00	 2.747E+04	 4.180E+03	 4.608E+03	 5.000E+03	 4.309E+01
   43.1125	 2.000E+01	 1.745E+01	 1.210E+01	 0.000E+00	 2.746E+04	 4.180E+03	 4.606E+03	 5.000E+03	 4.309E+01
   43.1250	 2.000E+01	 1.745E+01	 1.210E+01	 0.000E+00	 2.746E+04	 4.180E+03	 4.604E+03	 5.000E+03	 4.309E+01
   43.1375	 2.000E+01	 1.745E+01	 1.210E+01	 0.000E+00	 2.746E+04	 4.180E+03	 4.601E+03	 5.000E+03	 4.309E+01
   43.1500	 2.000E+01	 1.745E+01	 1.210E+01	 0.000E+00	 2.746E+04	 4.180E+03	 4.599E+03	 5.000E+03	 4.309E+01
   43.1625	 2.000E+01	 1.745E+01	 1.210E+01	 0.000E+00	 2.746E+04	 4.180E+03	 4.596E+03	 5.000E+03	 4.309E+01
   43.1750	 2.000E+01	 1.745E+01	 1.210E+01	 0.000E+00	 2.746E+04	 4.180E+03	 4.593E+03	 5.000E+03	 4.309E+01
   43.1875	 2.000E+01	 1.745E+01	 1.210E+01	 0.000E+00	 2.746E+04	 4.180E+03	 4.591E+03	 5.000E+03	 4.309E+01
   43.2000	 2.000E+01	 1.745E+01	 1.210E+01	 0.000E+00	 2.746E+04	 4.180E+03	 4.588E+03	 5.000E+03	 4.309E+01
   43.2125	 2.000E+01	 1.745E+01	 1.210E+01	 0.000E+00	 2.746E+04	 4.180E+03	 4.585E+03	 5.000E+03	 4.309E+01
   43.2250	 2.000E+01	 1.745E+01	 1.210E+01	 0.000E+00	 2.746E+04	 4.180E+03	 4.582E+03	 5.000E+03	 4.309E+01
   43.2375	 2.000E+01	 1.745E+01	 1.210E+01	 0.000E+00	 2.746E+04	 4.180E+03	 4.579E+03	 5.000E+03	 4.309E+01
   43.2500	 2.000E+01	 1.745E+01	 1.210E+01	 0.000E+00	 2.746E+04	 4.180E+03	 4.575E+03	 5.000E+03	 4.309E+01
   43.2625	 2.000E+01	 1.745E+01	 1.210E+01	 0.000E+00	 2.746E+04	 4.180E+03	 4.572E+03	 5.000E+03	 4.309E+01
   43.2750	 2.000E+01	 1.745E+01	 1.210E+01	 0.000E+00	 2.746E+04	 4.180E+03	 4.569E+03	 5.000E+03	 4.309E+01
   43.2875	 2.000E+01	 1.745E+01	 1.210E+01	 0.000E+00	 2.746E+04	 4.180E+03	 4.565E+03	 5.000E+03	 4.309E+01
   43.3000	 2.000E+01	 1.745E+01	 1.210E+01	 0.000E+00	 2.746E+04	 4.180E+03	 4.562E+03	 5.000E+03	 4.309E+01
   43.3125	 2.000E+01	 1.745E+01	 1.210E+01	 0.000E+00	 2.746E+04	 4.180E+03	 4.558E+03	 5.000E+03	 4.309E+01
   43.3250	 2.000E+01	 1.745E+01	 1.210E+01	 0.000E+00	 2.746E+04	 4.180E+03	 4.554E+03	 5.000E+03	 4.309E+01
   43.3375	 2.000E+01	 1.745E+01	 1.210E+01	 0.000E+00	 2.746E+04	 4.180E+03	 4.551E+03	 5.000E+03	 4.309E+01
   43.3500	 2.000E+01	 1.745E+01	 1.210E+01	 0.000E+00	 2.746E+04	 4.180E+03	 4.547E+03	 5.000E+03	 4.309E+01
   43.3625	 2.000E+01	 1.745E+01	 1.210E+01	 0.000E+00	 2.746E+04	 4.180E+03	 4.543E+03	 5.000E+03	 4.309E+01
   43.3750	 2.000E+01	 1.745E+01	 1.210E+01	 0.000E+00	 2.746E+04	 4.180E+03	 4.539E+03	 5.000E+03	 4.309E+01
   43.3875	 2.000E+01	 1.745E+01	 1.210E+01	 0.000E+00	 2.746E+04	 4.180E+03	 4.535E+03	 5.000E+03	 4.309E+01
   43.4000	 2.000E+01	 1.745E+01	 1.210E+01	 0.000E+00	 2.746E+04	 4.180E+03	 4.531E+03	 5.000E+03	 4.309E+01
   43.4125	 2.000E+01	 1.745E+01	 1.210E+01	 0.000E+00	 2.746E+04	 4.180E+03	 4.527E+03	 5.000E+03	 4.309E+01
   43.4250	 2.000E+01	 1.745E+01	 1.210E+01	 0.000E+00	 2.746E+04	 4.180E+03	 4.523E+03	 5.000E+03	 4.309E+01
   43.4375	 2.000E+01	 1.745E+01	 1.210E+01	 0.000E+00	 2.746E+04	 4.180E+03	 4.518E+03	 5.000E+03	 4.309E+01
   43.4500	 2.000E+01	 1.745E+01	 1.210E+01	 0.000E+00	 2.746E+04	 4.180E+03	 4.514E+03	 5.000E+03	 4.309E+01
   43.4625	 2.000E+01	 1.745E+01	 1.210E+01	 0.000E+00	 2.746E+04	 4.180E+03	 4.509E+03	 5.000E+03	 4.309E+01
   43.4750	 2.000E+01	 1.745E+01	 1.210E+01	 0.000E+00	 2.746E+04	 4.180E+03	 4.505E+03	 5.000E+03	 4.309E+01
   43.4875	 2.000E+01	 1.745E+01	 1.210E+01	 0.000E+00	 2.746E+04	 4.180E+03	 4.500E+03	 5.000E+03	 4.309E+01
   43.5000	 2.000E+01	 1.745E+01	 1.210E+01	 0.000E+00	 2.746E+04	 4.180E+03	 4.496E+03	 5.000E+03	 4.309E+01
   43.5125	 2.000E+01	 1.745E+01	 1.210E+01	 0.000E+00	 2.746E+04	 4.180E+03	 4.491E+03	 5.000E+03	 4.309E+01
   43.5250	 2.000E+01	 1.745E+01	 1.210E+01	 0.000E+00	 2.746E+04	 4.180E+03	 4.486E+03	 5.000E+03	 4.309E+01
   43.5375	 2.000E+01	 1.745E+01	 1.210E+01	 0.000E+00	 2.746E+04	 4.180E+03	 4.481E+03	 5.000E+03	 4.309E+01
   43.5500	 2.000E+01	 1.745E+01	 1.210E+01	 0.000E+00	 2.746E+04	 4.180E+03	 4.476E+03	 5.000E+03	 4.309E+01
   43.5625	 2.000E+01	 1.745E+01	 1.210E+01	 0.000E+00	 2.746E+04	 4.180E+03	 4.471E+03	 5.000E+03	 4.309E+01
   43.5750	 2.000E+01	 1.745E+01	 1.210E+01	 0.000E+00	 2.747E+04	 4.180E+03	 4.466E+03	 5.000E+03	 4.309E+01
   43.5875	 2.000E+01	 1.745E+01	 1.210E+01	 0.000E+00	 2.747E+04	 4.180E+03	 4.461E+03	 5.000E+03	 4.309E+01
   43.6000	 2.000E+01	 1.745E+01	 1.210E+01	 0.000E+00	 2.747E+04	 4.180E+03	 4.456E+03	 5.000E+03	 4.309E+01
   43.6125	 2.000E+01	 1.745E+01	 1.210E+01	 0.000E+00	 2.747E+04	 4.180E+03	 4.451E+03	 5.000E+03	 4.309E+01
   43.6250	 2.000E+01	 1.745E+01	 1.210E+01	 0.000E+00	 2.747E+04	 4.180E+03	 4.446E+03	 5.000E+03	 4.309E+01
   43.6375	 2.000E+01	 1.745E+01	 1.210E+01	 0.000E+00	 2.747E+04	 4.180E+03	 4.440E+03	 5.000E+03	 4.309E+01
   43.6500	 2.000E+01	 1.745E+01	 1.210E+01	 0.000E+00	 2.747E+04	 4.180E+03	 4.435E+03	 5.000E+03	 4.309E+01
   43.6625	 2.000E+01	 1.745E+01	 1.210E+01	 0.000E+00	 2.747E+04	 4.180E+03	 4.430E+03	 5.000E+03	 4.309E+01
   43.6750	 2.000E+01	 1.745E+01	 1.210E+01	 0.000E+00	 2.747E+04	 4.180E+03	 4.424E+03	 5.000E+03	 4.309E+01
   43.6875	 2.000E+01	 1.745E+01	 1.210E+01	 0.000E+00	 2.747E+04	 4.180E+03	 4.419E+03	 5.000E+03	 4.309E+01
   43.7000	 2.000E+01	 1.745E+01	 1.210E+01	 0.000E+00	 2.747E+04	 4.180E+03	 4.413E+03	 5.000E+03	 4.309E+01
   43.7125	 2.000E+01	 1.745E+01	 1.210E+01	 0.000E+00	 2.747E+04	 4.180E+03	 4.408E+03	 5.000E+03	 4.309E+01
   43.7250	 2.000E+01	 1.745E+01	 1.210E+01	 0.000E+00	 2.747E+04	 4.180E+03	 4.402E+03	 5.000E+03	 4.309E+01
   43.7375	 2.000E+01	 1.745E+01	 1.210E+01	 0.000E+00	 2.748E+04	 4.180E+03	 4.396E+03	 5.000E+03	 4.309E+01
   43.7500	 2.000E+01	 1.745E+01	 1.210E+01	 0.000E+00	 2.748E+04	 4.180E+03	 4.391E+03	 5.000E+03	 4.309E+01
   43.7625	 2.000E+01	 1.745E+01	 1.210E+01	 0.000E+00	 2.748E+04	 4.180E+03	 4.385E+03	 5.000E+03	 4.309E+01
   43.7750	 2.000E+01	 1.745E+01	 1.210E+01	 0.000E+00	 2.748E+04	 4.180E+03	 4.379E+03	 5.000E+03	 4.309E+01
   43.7875	 2.000E+01	 1.745E+01	 1.210E+01	 0.000E+00	 2.748E+04	 4.180E+03	 4.373E+03	 5.000E+03	 4.309E+01
   43.8000	 2.000E+01	 1.745E+01	 1.210E+01	 0.000E+00	 2.748E+04	 4.180E+03	 4.367E+03	 5.000E+03	 4.309E+01
   43.8125	 2.000E+01	 1.745E+01	 1.210E+01	 0.000E+00	 2.748E+04	 4.180E+03	 4.361E+03	 5.000E+03	 4.309E+01
   43.8250	 2.000E+01	 1.745E+01	 1.210E+01	 0.000E+00	 2.748E+04	 4.180E+03	 4.355E+03	 5.000E+03	 4.309E+01
   43.8375	 2.000E+01	 1.745E+01	 1.210E+01	 0.000E+00	 2.748E+04	 4.180E+03	 4.349E+03	 5.000E+03	 4.309E+01
   43.8500	 2.000E+01	 1.745E+01	 1.210E+01	 0.000E+00	 2.748E+04	 4.180E+03	 4.343E+03	 5.000E+03	 4.309E+01
   43.8625	 2.000E+01	 1.745E+01	 1.210E+01	 0.000E+00	 2.748E+04	 4.180E+03	 4.337E+03	 5.000E+03	 4.309E+01
   43.8750	 2.000E+01	 1.745E+01	 1.210E+01	 0.000E+00	 2.748E+04	 4.180E+03	 4.331E+03	 5.000E+03	 4.309E+01
   43.8875	 2.000E+01	 1.745E+01	 1.210E+01	 0.000E+00	 2.748E+04	 4.180E+03	 4.325E+03	 5.000E+03	 4.309E+01
   43.9000	 2.000E+01	 1.745E+01	 1.210E+01	 0.000E+00	 2.748E+04	 4.180E+03	 4.319E+03	 5.000E+03	 4.309E+01
   43.9125	 2.000E+01	 1.745E+01	 1.210E+01	 0.000E+00	 2.748E+04	 4.180E+03	 4.313E+03	 5.000E+03	 4.309E+01
   43.9250	 2.000E+01	 1.745E+01	 1.210E+01	 0.000E+00	 2.748E+04	 4.180E+03	 4.306E+03	 5.000E+03	 4.309E+01
   43.9375	 2.000E+01	 1.745E+01	 1.210E+01	 0.000E+00	 2.748E+04	 4.180E+03	 4.300E+03	 5.000E+03	 4.309E+01
   43.9500	 2.000E+01	 1.745E+01	 1.210E+01	 0.000E+00	 2.749E+04	 4.180E+03	 4.294E+03	 5.000E+03	 4.309E+01
   43.9625	 2.000E+01	 1.745E+01	 1.210E+01	 0.000E+00	 2.749E+04	 4.180E+03	 4.288E+03	 5.000E+03	 4.309E+01
   43.9750	 2.000E+01	 1.745E+01	 1.210E+01	 0.000E+00	 2.749E+04	 4.180E+03	 4.281E+03	 5.000E+03	 4.309E+01
   43.9875	 2.000E+01	 1.745E+01	 1.210E+01	 0.000E+00	 2.749E+04	 4.180E+03	 4.275E+03	 5.000E+03	 4.309E+01
   44.0000	 2.000E+01	 1.745E+01	 1.210E+01	 0.000E+00	 2.749E+04	 4.180E+03	 4.269E+03	 5.000E+03	 4.309E+01
   44.0125	 2.000E+01	 1.745E+01	 1.210E+01	 0.000E+00	 2.749E+04	 4.180E+03	 4.262E+03	 5.000E+03	 4.309E+01
   44.0250	 2.000E+01	 1.745E+01	 1.210E+01	 0.000E+00	 2.749E+04	 4.180E+03	 4.256E+03	 5.000E+03	 4.309E+01
   44.0375	 2.000E+01	 1.745E+01	 1.210E+01	 0.000E+00	 2.749E+04	 4.180E+03	 4.250E+03	 5.000E+03	 4.309E+01
   44.0500	 2.000E+01	 1.745E+01	 1.210E+01	 0.000E+00	 2.749E+04	 4.180E+03	 4.243E+03	 5.000E+03	 4.309E+01
   44.0625	 2.000E+01	 1.745E+01	 1.210E+01	 0.000E+00	 2.749E+04	 4.180E+03	 4.237E+03	 5.000E+03	 4.309E+01
   44.0750	 2.000E+01	 1.745E+01	 1.210E+01	 0.000E+00	 2.749E+04	 4.180E+03	 4.230E+03	 5.000E+03	 4.309E+01
   44.0875	 2.000E+01	 1.745E+01	 1.210E+01	 0.000E+00	 2.749E+04	 4.180E+03	 4.224E+03	 5.000E+03	 4.309E+01
   44.1000	 2.000E+01	 1.745E+01	 1.210E+01	 0.000E+00	 2.749E+04	 4.180E+03	 4.217E+03	 5.000E+03	 4.309E+01
   44.1125	 2.000E+01	 1.745E+01	 1.210E+01	 0.000E+00	 2.749E+04	 4.180E+03	 4.211E+03	 5.000E+03	 4.309E+01
   44.1250	 2.000E+01	 1.745E+01	 1.210E+01	 0.000E+00	 2.749E+04	 4.180E+03	 4.204E+03	 5.000E+03	 4.309E+01
   44.1375	 2.000E+01	 1.745E+01	 1.210E+01	 0.000E+00	 2.749E+04	 4.180E+03	 4.198E+03	 5.000E+03	 4.309E+01
   44.1500	 2.000E+01	 1.745E+01	 1.210E+01	 0.000E+00	 2.749E+04	 4.180E+03	 4.191E+03	 5.000E+03	 4.309E+01
   44.1625	 2.000E+01	 1.745E+01	 1.210E+01	 0.000E+00	 2.749E+04	 4.180E+03	 4.185E+03	 5.000E+03	 4.309E+01
   44.1750	 2.000E+01	 1.745E+01	 1.210E+01	 0.000E+00	 2.749E+04	 4.180E+03	 4.178E+03	 5.000E+03	 4.309E+01
   44.1875	 2.000E+01	 1.745E+01	 1.210E+01	 0.000E+00	 2.749E+04	 4.180E+03	 4.172E+03	 5.000E+03	 4.309E+01
   44.2000	 2.000E+01	 1.745E+01	 1.210E+01	 0.000E+00	 2.749E+04	 4.180E+03	 4.166E+03	 5.000E+03	 4.309E+01
   44.2125	 2.000E+01	 1.745E+01	 1.210E+01	 0.000E+00	 2.749E+04	 4.180E+03	 4.159E+03	 5.000E+03	 4.309E+01
   44.2250	 2.000E+01	 1.745E+01	 1.210E+01	 0.000E+00	 2.749E+04	 4.180E+03	 4.153E+03	 5.000E+03	 4.309E+01
   44.2375	 2.000E+01	 1.745E+01	 1.210E+01	 0.000E+00	 2.749E+04	 4.180E+03	 4.146E+03	 5.000E+03	 4.309E+01
   44.2500	 2.000E+01	 1.745E+01	 1.210E+01	 0.000E+00	 2.749E+04	 4.180E+03	 4.140E+03	 5.000E+03	 4.309E+01
   44.2625	 2.000E+01	 1.745E+01	 1.210E+01	 0.000E+00	 2.749E+04	 4.180E+03	 4.133E+03	 5.000E+03	 4.309E+01
   44.2750	 2.000E+01	 1.745E+01	 1.210E+01	 0.000E+00	 2.749E+04	 4.180E+03	 4.127E+03	 5.000E+03	 4.309E+01
   44.2875	 2.000E+01	 1.745E+01	 1.210E+01	 0.000E+00	 2.749E+04	 4.180E+03	 4.120E+03	 5.000E+03	 4.309E+01
   44.3000	 2.000E+01	 1.745E+01	 1.210E+01	 0.000E+00	 2.749E+04	 4.180E+03	 4.114E+03	 5.000E+03	 4.309E+01
   44.3125	 2.000E+01	 1.745E+01	 1.210E+01	 0.000E+00	 2.749E+04	 4.180E+03	 4.108E+03	 5.000E+03	 4.309E+01
   44.3250	 2.000E+01	 1.745E+01	 1.210E+01	 0.000E+00	 2.748E+04	 4.180E+03	 4.101E+03	 5.000E+03	 4.309E+01
   44.3375	 2.000E+01	 1.745E+01	 1.210E+01	 0.000E+00	 2.748E+04	 4.180E+03	 4.095E+03	 5.000E+03	 4.309E+01
   44.3500	 2.000E+01	 1.745E+01	 1.210E+01	 0.000E+00	 2.748E+04	 4.180E+03	 4.089E+03	 5.000E+03	 4.309E+01
   44.3625	 2.000E+01	 1.745E+01	 1.210E+01	 0.000E+00	 2.748E+04	 4.180E+03	 4.082E+03	 5.000E+03	 4.309E+01
   44.3750	 2.000E+01	 1.745E+01	 1.210E+01	 0.000E+00	 2.748E+04	 4.180E+03	 4.076E+03	 5.000E+03	 4.309E+01
   44.3875	 2.000E+01	 1.745E+01	 1.210E+01	 0.000E+00	 2.748E+04	 4.180E+03	 4.070E+03	 5.000E+03	 4.309E+01
   44.4000	 2.000E+01	 1.745E+01	 1.210E+01	 0.000E+00	 2.748E+04	 4.180E+03	 4.064E+03	 5.000E+03	 4.309E+01
   44.4125	 2.000E+01	 1.745E+01	 1.210E+01	 0.000E+00	 2.748E+04	 4.180E+03	 4.058E+03	 5.000E+03	 4.309E+01
   44.4250	 2.000E+01	 1.745E+01	 1.210E+01	 0.000E+00	 2.748E+04	 4.180E+03	 4.052E+03	 5.000E+03	 4.309E+01
   44.4375	 2.000E+01	 1.745E+01	 1.210E+01	 0.000E+00	 2.748E+04	 4.180E+03	 4.046E+03	 5.000E+03	 4.309E+01
   44.4500	 2.000E+01	 1.745E+01	 1.210E+01	 0.000E+00	 2.748E+04	 4.180E+03	 4.040E+03	 5.000E+03	 4.309E+01
   44.4625	 2.000E+01	 1.745E+01	 1.210E+01	 0.000E+00	 2.748E+04	 4.180E+03	 4.034E+03	 5.000E+03	 4.309E+01
   44.4750	 2.000E+01	 1.745E+01	 1.210E+01	 0.000E+00	 2.748E+04	 4.180E+03	 4.028E+03	 5.000E+03	 4.309E+01
   44.4875	 2.000E+01	 1.745E+01	 1.210E+01	 0.000E+00	 2.748E+04	 4.180E+03	 4.022E+03	 5.000E+03	 4.309E+01
   44.5000	 2.000E+01	 1.745E+01	 1.210E+01	 0.000E+00	 2.748E+04	 4.180E+03	 4.017E+03	 5.000E+03	 4.309E+01
   44.5125	 2.000E+01	 1.745E+01	 1.210E+01	 0.000E+00	 2.748E+04	 4.180E+03	 4.011E+03	 5.000E+03	 4.309E+01
   44.5250	 2.000E+01	 1.745E+01	 1.210E+01	 0.000E+00	 2.748E+04	 4.180E+03	 4.005E+03	 5.000E+03	 4.309E+01
   44.5375	 2.000E+01	 1.745E+01	 1.210E+01	 0.000E+00	 2.748E+04	 4.180E+03	 4.000E+03	 5.000E+03	 4.309E+01
   44.5500	 2.000E+01	 1.745E+01	 1.210E+01	 0.000E+00	 2.748E+04	 4.180E+03	 3.994E+03	 5.000E+03	 4.309E+01
   44.5625	 2.000E+01	 1.745E+01	 1.210E+01	 0.000E+00	 2.747E+04	 4.180E+03	 3.988E+03	 5.000E+03	 4.309E+01
   44.5750	 2.000E+01	 1.745E+01	 1.210E+01	 0.000E+00	 2.747E+04	 4.180E+03	 3.983E+03	 5.000E+03	 4.309E+01
   44.5875	 2.000E+01	 1.745E+01	 1.210E+01	 0.000E+00	 2.747E+04	 4.180E+03	 3.978E+03	 5.000E+03	 4.309E+01
   44.6000	 2.000E+01	 1.745E+01	 1.210E+01	 0.000E+00	 2.747E+04	 4.180E+03	 3.972E+03	 5.000E+03	 4.309E+01
   44.6125	 2.000E+01	 1.745E+01	 1.210E+01	 0.000E+00	 2.747E+04	 4.180E+03	 3.967E+03	 5.000E+03	 4.309E+01
   44.6250	 2.000E+01	 1.745E+01	 1.210E+01	 0.000E+00	 2.747E+04	 4.180E+03	 3.962E+03	 5.000E+03	 4.309E+01
   44.6375	 2.000E+01	 1.745E+01	 1.210E+01	 0.000E+00	 2.747E+04	 4.180E+03	 3.957E+03	 5.000E+03	 4.309E+01
   44.6500	 2.000E+01	 1.745E+01	 1.210E+01	 0.000E+00	 2.747E+04	 4.180E+03	 3.951E+03	 5.000E+03	 4.309E+01
   44.6625	 2.000E+01	 1.745E+01	 1.210E+01	 0.000E+00	 2.747E+04	 4.180E+03	 3.946E+03	 5.000E+03	 4.309E+01
   44.6750	 2.000E+01	 1.745E+01	 1.210E+01	 0.000E+00	 2.747E+04	 4.180E+03	 3.941E+03	 5.000E+03	 4.309E+01
   44.6875	 2.000E+01	 1.745E+01	 1.210E+01	 0.000E+00	 2.747E+04	 4.180E+03	 3.936E+03	 5.000E+03	 4.309E+01
   44.7000	 2.000E+01	 1.745E+01	 1.210E+01	 0.000E+00	 2.747E+04	 4.180E+03	 3.931E+03	 5.000E+03	 4.309E+01
   44.7125	 2.000E+01	 1.745E+01	 1.210E+01	 0.000E+00	 2.747E+04	 4.180E+03	 3.927E+03	 5.000E+03	 4.309E+01
   44.7250	 2.000E+01	 1.745E+01	 1.210E+01	 0.000E+00	 2.747E+04	 4.180E+03	 3.922E+03	 5.000E+03	 4.309E+01
   44.7375	 2.000E+01	 1.745E+01	 1.210E+01	 0.000E+00	 2.747E+04	 4.180E+03	 3.917E+03	 5.000E+03	 4.309E+01
   44.7500	 2.000E+01	 1.745E+01	 1.210E+01	 0.000E+00	 2.747E+04	 4.180E+03	 3.913E+03	 5.000E+03	 4.309E+01
   44.7625	 2.000E+01	 1.745E+01	 1.210E+01	 0.000E+00	 2.747E+04	 4.180E+03	 3.908E+03	 5.000E+03	 4.309E+01
   44.7750	 2.000E+01	 1.745E+01	 1.210E+01	 0.000E+00	 2.746E+04	 4.180E+03	 3.903E+03	 5.000E+03	 4.309E+01
   44.7875	 2.000E+01	 1.745E+01	 1.210E+01	 0.000E+00	 2.746E+04	 4.180E+03	 3.899E+03	 5.000E+03	 4.309E+01
   44.8000	 2.000E+01	 1.745E+01	 1.210E+01	 0.000E+00	 2.746E+04	 4.180E+03	 3.895E+03	 5.000E+03	 4.309E+01
   44.8125	 2.000E+01	 1.745E+01	 1.210E+01	 0.000E+00	 2.746E+04	 4.180E+03	 3.891E+03	 5.000E+03	 4.309E+01
   44.8250	 2.000E+01	 1.745E+01	 1.210E+01	 0.000E+00	 2.746E+04	 4.180E+03	 3.886E+03	 5.000E+03	 4.309E+01
   44.8375	 2.000E+01	 1.745E+01	 1.210E+01	 0.000E+00	 2.746E+04	 4.180E+03	 3.883E+03	 5.000E+03	 4.309E+01
   44.8500	 2.000E+01	 1.745E+01	 1.210E+01	 0.000E+00	 2.746E+04	 4.180E+03	 3.879E+03	 5.000E+03	 4.309E+01
   44.8625	 2.000E+01	 1.745E+01	 1.210E+01	 0.000E+00	 2.746E+04	 4.180E+03	 3.875E+03	 5.000E+03	 4.309E+01
   44.8750	 2.000E+01	 1.745E+01	 1.210E+01	 0.000E+00	 2.746E+04	 4.180E+03	 3.871E+03	 5.000E+03	 4.309E+01
   44.8875	 2.000E+01	 1.745E+01	 1.210E+01	 0.000E+00	 2.746E+04	 4.180E+03	 3.867E+03	 5.000E+03	 4.309E+01
   44.9000	 2.000E+01	 1.745E+01	 1.210E+01	 0.000E+00	 2.746E+04	 4.180E+03	 3.864E+03	 5.000E+03	 4.309E+01
   44.9125	 2.000E+01	 1.745E+01	 1.210E+01	 0.000E+00	 2.746E+04	 4.180E+03	 3.860E+03	 5.000E+03	 4.309E+01
   44.9250	 2.000E+01	 1.745E+01	 1.210E+01	 0.000E+00	 2.746E+04	 4.180E+03	 3.857E+03	 5.000E+03	 4.309E+01
   44.9375	 2.000E+01	 1.745E+01	 1.210E+01	 0.000E+00	 2.746E+04	 4.180E+03	 3.854E+03	 5.000E+03	 4.309E+01
   44.9500	 2.000E+01	 1.745E+01	 1.210E+01	 0.000E+00	 2.746E+04	 4.180E+03	 3.851E+03	 5.000E+03	 4.309E+01
   44.9625	 2.000E+01	 1.745E+01	 1.210E+01	 0.000E+00	 2.746E+04	 4.180E+03	 3.847E+03	 5.000E+03	 4.309E+01
   44.9750	 2.000E+01	 1.745E+01	 1.210E+01	 0.000E+00	 2.746E+04	 4.180E+03	 3.844E+03	 5.000E+03	 4.309E+01
   44.9875	 2.000E+01	 1.745E+01	 1.210E+01	 0.000E+00	 2.746E+04	 4.180E+03	 3.842E+03	 5.000E+03	 4.309E+01
   45.0000	 2.000E+01	 1.745E+01	 1.210E+01	 0.000E+00	 2.746E+04	 4.180E+03	 3.839E+03	 5.000E+03	 4.309E+01
   45.0125	 2.000E+01	 1.745E+01	 1.210E+01	 0.000E+00	 2.746E+04	 4.180E+03	 3.836E+03	 5.000E+03	 4.309E+01
   45.0250	 2.000E+01	 1.745E+01	 1.210E+01	 0.000E+00	 2.746E+04	 4.180E+03	 3.833E+03	 5.000E+03	 4.309E+01
   45.0375	 2.000E+01	 1.745E+01	 1.210E+01	 0.000E+00	 2.746E+04	 4.180E+03	 3.831E+03	 5.000E+03	 4.309E+01
   45.0500	 2.000E+01	 1.745E+01	 1.210E+01	 0.000E+00	 2.746E+04	 4.180E+03	 3.828E+03	 5.000E+03	 4.309E+01
   45.0625	 2.000E+01	 1.745E+01	 1.210E+01	 0.000E+00	 2.746E+04	 4.180E+03	 3.826E+03	 5.000E+03	 4.309E+01
   45.0750	 2.000E+01	 1.745E+01	 1.210E+01	 0.000E+00	 2.746E+04	 4.180E+03	 3.824E+03	 5.000E+03	 4.309E+01
   45.0875	 2.000E+01	 1.745E+01	 1.210E+01	 0.000E+00	 2.746E+04	 4.180E+03	 3.822E+03	 5.000E+03	 4.309E+01
   45.1000	 2.000E+01	 1.745E+01	 1.210E+01	 0.000E+00	 2.746E+04	 4.180E+03	 3.820E+03	 5.000E+03	 4.309E+01
   45.1125	 2.000E+01	 1.745E+01	 1.210E+01	 0.000E+00	 2.746E+04	 4.180E+03	 3.818E+03	 5.000E+03	 4.309E+01
   45.1250	 2.000E+01	 1.745E+01	 1.210E+01	 0.000E+00	 2.746E+04	 4.180E+03	 3.816E+03	 5.000E+03	 4.309E+01
   45.1375	 2.000E+01	 1.745E+01	 1.210E+01	 0.000E+00	 2.746E+04	 4.180E+03	 3.814E+03	 5.000E+03	 4.309E+01
   45.1500	 2.000E+01	 1.745E+01	 1.210E+01	 0.000E+00	 2.746E+04	 4.180E+03	 3.812E+03	 5.000E+03	 4.309E+01
   45.1625	 2.000E+01	 1.745E+01	 1.210E+01	 0.000E+00	 2.746E+04	 4.180E+03	 3.811E+03	 5.000E+03	 4.309E+01
   45.1750	 2.000E+01	 1.745E+01	 1.210E+01	 0.000E+00	 2.746E+04	 4.180E+03	 3.809E+03	 5.000E+03	 4.309E+01
   45.1875	 2.000E+01	 1.745E+01	 1.210E+01	 0.000E+00	 2.746E+04	 4.180E+03	 3.808E+03	 5.000E+03	 4.309E+01
   45.2000	 2.000E+01	 1.745E+01	 1.210E+01	 0.000E+00	 2.746E+04	 4.180E+03	 3.807E+03	 5.000E+03	 4.309E+01
   45.2125	 2.000E+01	 1.745E+01	 1.210E+01	 0.000E+00	 2.746E+04	 4.180E+03	 3.806E+03	 5.000E+03	 4.309E+01
   45.2250	 2.000E+01	 1.745E+01	 1.210E+01	 0.000E+00	 2.746E+04	 4.180E+03	 3.805E+03	 5.000E+03	 4.309E+01
   45.2375	 2.000E+01	 1.745E+01	 1.210E+01	 0.000E+00	 2.747E+04	 4.180E+03	 3.804E+03	 5.000E+03	 4.309E+01
   45.2500	 2.000E+01	 1.745E+01	 1.210E+01	 0.000E+00	 2.747E+04	 4.180E+03	 3.803E+03	 5.000E+03	 4.309E+01
   45.2625	 2.000E+01	 1.745E+01	 1.210E+01	 0.000E+00	 2.747E+04	 4.180E+03	 3.803E+03	 5.000E+03	 4.309E+01
   45.2750	 2.000E+01	 1.745E+01	 1.210E+01	 0.000E+00	 2.747E+04	 4.180E+03	 3.802E+03	 5.000E+03	 4.309E+01
   45.2875	 2.000E+01	 1.745E+01	 1.210E+01	 0.000E+00	 2.747E+04	 4.180E+03	 3.802E+03	 5.000E+03	 4.309E+01
   45.3000	 2.000E+01	 1.745E+01	 1.210E+01	 0.000E+00	 2.747E+04	 4.180E+03	 3.801E+03	 5.000E+03	 4.309E+01
   45.3125	 2.000E+01	 1.745E+01	 1.210E+01	 0.000E+00	 2.747E+04	 4.180E+03	 3.801E+03	 5.000E+03	 4.309E+01
   45.3250	 2.000E+01	 1.745E+01	 1.210E+01	 0.000E+00	 2.747E+04	 4.180E+03	 3.801E+03	 5.000E+03	 4.309E+01
   45.3375	 2.000E+01	 1.745E+01	 1.210E+01	 0.000E+00	 2.747E+04	 4.180E+03	 3.801E+03	 5.000E+03	 4.309E+01
   45.3500	 2.000E+01	 1.745E+01	 1.210E+01	 0.000E+00	 2.747E+04	 4.180E+03	 3.801E+03	 5.000E+03	 4.309E+01
   45.3625	 2.000E+01	 1.745E+01	 1.210E+01	 0.000E+00	 2.747E+04	 4.180E+03	 3.801E+03	 5.000E+03	 4.309E+01
   45.3750	 2.000E+01	 1.745E+01	 1.210E+01	 0.000E+00	 2.747E+04	 4.180E+03	 3.801E+03	 5.000E+03	 4.309E+01
   45.3875	 2.000E+01	 1.745E+01	 1.210E+01	 0.000E+00	 2.747E+04	 4.180E+03	 3.802E+03	 5.000E+03	 4.309E+01
   45.4000	 2.000E+01	 1.745E+01	 1.210E+01	 0.000E+00	 2.748E+04	 4.180E+03	 3.802E+03	 5.000E+03	 4.309E+01
   45.4125	 2.000E+01	 1.745E+01	 1.210E+01	 0.000E+00	 2.748E+04	 4.180E+03	 3.803E+03	 5.000E+03	 4.309E+01
   45.4250	 2.000E+01	 1.745E+01	 1.210E+01	 0.000E+00	 2.748E+04	 4.180E+03	 3.804E+03	 5.000E+03	 4.309E+01
   45.4375	 2.000E+01	 1.745E+01	 1.210E+01	 0.000E+00	 2.748E+04	 4.180E+03	 3.805E+03	 5.000E+03	 4.309E+01
   45.4500	 2.000E+01	 1.745E+01	 1.210E+01	 0.000E+00	 2.748E+04	 4.180E+03	 3.806E+03	 5.000E+03	 4.309E+01
   45.4625	 2.000E+01	 1.745E+01	 1.210E+01	 0.000E+00	 2.748E+04	 4.180E+03	 3.807E+03	 5.000E+03	 4.309E+01
   45.4750	 2.000E+01	 1.745E+01	 1.210E+01	 0.000E+00	 2.748E+04	 4.180E+03	 3.808E+03	 5.000E+03	 4.309E+01
   45.4875	 2.000E+01	 1.745E+01	 1.210E+01	 0.000E+00	 2.748E+04	 4.180E+03	 3.809E+03	 5.000E+03	 4.309E+01
   45.5000	 2.000E+01	 1.745E+01	 1.210E+01	 0.000E+00	 2.748E+04	 4.180E+03	 3.810E+03	 5.000E+03	 4.309E+01
   45.5125	 2.000E+01	 1.745E+01	 1.210E+01	 0.000E+00	 2.748E+04	 4.180E+03	 3.812E+03	 5.000E+03	 4.309E+01
   45.5250	 2.000E+01	 1.745E+01	 1.210E+01	 0.000E+00	 2.748E+04	 4.180E+03	 3.814E+03	 5.000E+03	 4.309E+01
   45.5375	 2.000E+01	 1.745E+01	 1.210E+01	 0.000E+00	 2.748E+04	 4.180E+03	 3.815E+03	 5.000E+03	 4.309E+01
   45.5500	 2.000E+01	 1.745E+01	 1.210E+01	 0.000E+00	 2.748E+04	 4.180E+03	 3.817E+03	 5.000E+03	 4.309E+01
   45.5625	 2.000E+01	 1.745E+01	 1.210E+01	 0.000E+00	 2.748E+04	 4.180E+03	 3.819E+03	 5.000E+03	 4.309E+01
   45.5750	 2.000E+01	 1.745E+01	 1.210E+01	 0.000E+00	 2.748E+04	 4.180E+03	 3.821E+03	 5.000E+03	 4.309E+01
   45.5875	 2.000E+01	 1.745E+01	 1.210E+01	 0.000E+00	 2.748E+04	 4.180E+03	 3.823E+03	 5.000E+03	 4.309E+01
   45.6000	 2.000E+01	 1.745E+01	 1.210E+01	 0.000E+00	 2.749E+04	 4.180E+03	 3.826E+03	 5.000E+03	 4.309E+01
   45.6125	 2.000E+01	 1.745E+01	 1.210E+01	 0.000E+00	 2.749E+04	 4.180E+03	 3.828E+03	 5.000E+03	 4.309E+01
   45.6250	 2.000E+01	 1.745E+01	 1.210E+01	 0.000E+00	 2.749E+04	 4.180E+03	 3.830E+03	 5.000E+03	 4.309E+01
   45.6375	 2.000E+01	 1.745E+01	 1.210E+01	 0.000E+00	 2.749E+04	 4.180E+03	 3.833E+03	 5.000E+03	 4.309E+01
   45.6500	 2.000E+01	 1.745E+01	 1.210E+01	 0.000E+00	 2.749E+04	 4.180E+03	 3.836E+03	 5.000E+03	 4.309E+01
   45.6625	 2.000E+01	 1.745E+01	 1.210E+01	 0.000E+00	 2.749E+04	 4.180E+03	 3.839E+03	 5.000E+03	 4.309E+01
   45.6750	 2.000E+01	 1.745E+01	 1.210E+01	 0.000E+00	 2.749E+04	 4.180E+03	 3.841E+03	 5.000E+03	 4.309E+01
   45.6875	 2.000E+01	 1.745E+01	 1.210E+01	 0.000E+00	 2.749E+04	 4.180E+03	 3.844E+03	 5.000E+03	 4.309E+01
   45.7000	 2.000E+01	 1.745E+01	 1.210E+01	 0.000E+00	 2.749E+04	 4.180E+03	 3.848E+03	 5.000E+03	 4.309E+01
   45.7125	 2.000E+01	 1.745E+01	 1.210E+01	 0.000E+00	 2.749E+04	 4.180E+03	 3.851E+03	 5.000E+03	 4.309E+01
   45.7250	 2.000E+01	 1.745E+01	 1.210E+01	 0.000E+00	 2.749E+04	 4.180E+03	 3.854E+03	 5.000E+03	 4.309E+01
   45.7375	 2.000E+01	 1.745E+01	 1.210E+01	 0.000E+00	 2.749E+04	 4.180E+03	 3.858E+03	 5.000E+03	 4.309E+01
   45.7500	 2.000E+01	 1.745E+01	 1.210E+01	 0.000E+00	 2.749E+04	 4.180E+03	 3.861E+03	 5.000E+03	 4.309E+01
   45.7625	 2.000E+01	 1.745E+01	 1.210E+01	 0.000E+00	 2.749E+04	 4.180E+03	 3.865E+03	 5.000E+03	 4.309E+01
   45.7750	 2.000E+01	 1.745E+01	 1.210E+01	 0.000E+00	 2.749E+04	 4.180E+03	 3.868E+03	 5.000E+03	 4.309E+01
   45.7875	 2.000E+01	 1.745E+01	 1.210E+01	 0.000E+00	 2.749E+04	 4.180E+03	 3.872E+03	 5.000E+03	 4.309E+01
   45.8000	 2.000E+01	 1.745E+01	 1.210E+01	 0.000E+00	 2.749E+04	 4.180E+03	 3.876E+03	 5.000E+03	 4.309E+01
   45.8125	 2.000E+01	 1.745E+01	 1.210E+01	 0.000E+00	 2.749E+04	 4.180E+03	 3.880E+03	 5.000E+03	 4.309E+01
   45.8250	 2.000E+01	 1.745E+01	 1.210E+01	 0.000E+00	 2.749E+04	 4.180E+03	 3.884E+03	 5.000E+03	 4.309E+01
   45.8375	 2.000E+01	 1.745E+01	 1.210E+01	 0.000E+00	 2.749E+04	 4.180E+03	 3.888E+03	 5.000E+03	 4.309E+01
   45.8500	 2.000E+01	 1.745E+01	 1.210E+01	 0.000E+00	 2.749E+04	 4.180E+03	 3.892E+03	 5.000E+03	 4.309E+01
   45.8625	 2.000E+01	 1.745E+01	 1.210E+01	 0.000E+00	 2.749E+04	 4.180E+03	 3.897E+03	 5.000E+03	 4.309E+01
   45.8750	 2.000E+01	 1.745E+01	 1.210E+01	 0.000E+00	 2.749E+04	 4.180E+03	 3.901E+03	 5.000E+03	 4.309E+01
   45.8875	 2.000E+01	 1.745E+01	 1.210E+01	 0.000E+00	 2.749E+04	 4.180E+03	 3.906E+03	 5.000E+03	 4.309E+01
   45.9000	 2.000E+01	 1.745E+01	 1.210E+01	 0.000E+00	 2.749E+04	 4.180E+03	 3.910E+03	 5.000E+03	 4.309E+01
   45.9125	 2.000E+01	 1.745E+01	 1.210E+01	 0.000E+00	 2.749E+04	 4.180E+03	 3.915E+03	 5.000E+03	 4.309E+01
   45.9250	 2.000E+01	 1.745E+01	 1.210E+01	 0.000E+00	 2.749E+04	 4.180E+03	 3.920E+03	 5.000E+03	 4.309E+01
   45.9375	 2.000E+01	 1.745E+01	 1.210E+01	 0.000E+00	 2.749E+04	 4.180E+03	 3.925E+03	 5.000E+03	 4.309E+01
   45.9500	 2.000E+01	 1.745E+01	 1.210E+01	 0.000E+00	 2.749E+04	 4.180E+03	 3.930E+03	 5.000E+03	 4.309E+01
   45.9625	 2.000E+01	 1.745E+01	 1.210E+01	 0.000E+00	 2.749E+04	 4.180E+03	 3.935E+03	 5.000E+03	 4.309E+01
   45.9750	 2.000E+01	 1.745E+01	 1.210E+01	 0.000E+00	 2.749E+04	 4.180E+03	 3.940E+03	 5.000E+03	 4.309E+01
   45.9875	 2.000E+01	 1.745E+01	 1.210E+01	 0.000E+00	 2.748E+04	 4.180E+03	 3.945E+03	 5.000E+03	 4.309E+01
   46.0000	 2.000E+01	 1.745E+01	 1.210E+01	 0.000E+00	 2.748E+04	 4.180E+03	 3.950E+03	 5.000E+03	 4.309E+01
   46.0125	 2.000E+01	 1.745E+01	 1.210E+01	 0.000E+00	 2.748E+04	 4.180E+03	 3.956E+03	 5.000E+03	 4.309E+01
   46.0250	 2.000E+01	 1.745E+01	 1.210E+01	 0.000E+00	 2.748E+04	 4.180E+03	 3.961E+03	 5.000E+03	 4.309E+01
   46.0375	 2.000E+01	 1.745E+01	 1.210E+01	 0.000E+00	 2.748E+04	 4.180E+03	 3.966E+03	 5.000E+03	 4.309E+01
   46.0500	 2.000E+01	 1.745E+01	 1.210E+01	 0.000E+00	 2.748E+04	 4.180E+03	 3.972E+03	 5.000E+03	 4.309E+01
   46.0625	 2.000E+01	 1.745E+01	 1.210E+01	 0.000E+00	 2.748E+04	 4.180E+03	 3.977E+03	 5.000E+03	 4.309E+01
   46.0750	 2.000E+01	 1.745E+01	 1.210E+01	 0.000E+00	 2.748E+04	 4.180E+03	 3.983E+03	 5.000E+03	 4.309E+01
   46.0875	 2.000E+01	 1.745E+01	 1.210E+01	 0.000E+00	 2.748E+04	 4.180E+03	 3.989E+03	 5.000E+03	 4.309E+01
   46.1000	 2.000E+01	 1.745E+01	 1.210E+01	 0.000E+00	 2.748E+04	 4.180E+03	 3.995E+03	 5.000E+03	 4.309E+01
   46.1125	 2.000E+01	 1.745E+01	 1.210E+01	 0.000E+00	 2.748E+04	 4.180E+03	 4.001E+03	 5.000E+03	 4.309E+01
   46.1250	 2.000E+01	 1.745E+01	 1.210E+01	 0.000E+00	 2.748E+04	 4.180E+03	 4.006E+03	 5.000E+03	 4.309E+01
   46.1375	 2.000E+01	 1.745E+01	 1.210E+01	 0.000E+00	 2.748E+04	 4.180E+03	 4.012E+03	 5.000E+03	 4.309E+01
   46.1500	 2.000E+01	 1.745E+01	 1.210E+01	 0.000E+00	 2.748E+04	 4.180E+03	 4.018E+03	 5.000E+03	 4.309E+01
   46.1625	 2.000E+01	 1.745E+01	 1.210E+01	 0.000E+00	 2.748E+04	 4.180E+03	 4.024E+03	 5.000E+03	 4.309E+01
   46.1750	 2.000E+01	 1.745E+01	 1.210E+01	 0.000E+00	 2.748E+04	 4.180E+03	 4.031E+03	 5.000E+03	 4.309E+01
   46.1875	 2.000E+01	 1.745E+01	 1.210E+01	 0.000E+00	 2.748E+04	 4.180E+03	 4.037E+03	 5.000E+03	 4.309E+01
   46.2000	 2.000E+01	 1.745E+01	 1.210E+01	 0.000E+00	 2.748E+04	 4.180E+03	 4.043E+03	 5.000E+03	 4.309E+01
   46.2125	 2.000E+01	 1.745E+01	 1.210E+01	 0.000E+00	 2.747E+04	 4.180E+03	 4.049E+03	 5.000E+03	 4.309E+01
   46.2250	 2.000E+01	 1.745E+01	 1.210E+01	 0.000E+00	 2.747E+04	 4.180E+03	 4.056E+03	 5.000E+03	 4.309E+01
   46.2375	 2.000E+01	 1.745E+01	 1.210E+01	 0.000E+00	 2.747E+04	 4.180E+03	 4.062E+03	 5.000E+03	 4.309E+01
   46.2500	 2.000E+01	 1.745E+01	 1.210E+01	 0.000E+00	 2.747E+04	 4.180E+03	 4.068E+03	 5.000E+03	 4.309E+01
   46.2625	 2.000E+01	 1.745E+01	 1.210E+01	 0.000E+00	 2.747E+04	 4.180E+03	 4.075E+03	 5.000E+03	 4.309E+01
   46.2750	 2.000E+01	 1.745E+01	 1.210E+01	 0.000E+00	 2.747E+04	 4.180E+03	 4.081E+03	 5.000E+03	 4.309E+01
   46.2875	 2.000E+01	 1.745E+01	 1.210E+01	 0.000E+00	 2.747E+04	 4.180E+03	 4.088E+03	 5.000E+03	 4.309E+01
   46.3000	 2.000E+01	 1.745E+01	 1.210E+01	 0.000E+00	 2.747E+04	 4.180E+03	 4.094E+03	 5.000E+03	 4.309E+01
   46.3125	 2.000E+01	 1.745E+01	 1.210E+01	 0.000E+00	 2.747E+04	 4.180E+03	 4.101E+03	 5.000E+03	 4.309E+01
   46.3250	 2.000E+01	 1.745E+01	 1.210E+01	 0.000E+00	 2.747E+04	 4.180E+03	 4.108E+03	 5.000E+03	 4.309E+01
   46.3375	 2.000E+01	 1.745E+01	 1.210E+01	 0.000E+00	 2.747E+04	 4.180E+03	 4.114E+03	 5.000E+03	 4.309E+01
   46.3500	 2.000E+01	 1.745E+01	 1.210E+01	 0.000E+00	 2.747E+04	 4.180E+03	 4.121E+03	 5.000E+03	 4.309E+01
   46.3625	 2.000E+01	 1.745E+01	 1.210E+01	 0.000E+00	 2.747E+04	 4.180E+03	 4.128E+03	 5.000E+03	 4.309E+01
   46.3750	 2.000E+01	 1.745E+01	 1.210E+01	 0.000E+00	 2.747E+04	 4.180E+03	 4.134E+03	 5.000E+03	 4.309E+01
   46.3875	 2.000E+01	 1.745E+01	 1.210E+01	 0.000E+00	 2.747E+04	 4.180E+03	 4.141E+03	 5.000E+03	 4.309E+01
   46.4000	 2.000E+01	 1.745E+01	 1.210E+01	 0.000E+00	 2.747E+04	 4.180E+03	 4.148E+03	 5.000E+03	 4.309E+01
   46.4125	 2.000E+01	 1.745E+01	 1.210E+01	 0.000E+00	 2.747E+04	 4.180E+03	 4.154E+03	 5.000E+03	 4.309E+01
   46.4250	 2.000E+01	 1.745E+01	 1.210E+01	 0.000E+00	 2.746E+04	 4.180E+03	 4.161E+03	 5.000E+03	 4.309E+01
   46.4375	 2.000E+01	 1.745E+01	 1.210E+01	 0.000E+00	 2.746E+04	 4.180E+03	 4.168E+03	 5.000E+03	 4.309E+01
   46.4500	 2.000E+01	 1.745E+01	 1.210E+01	 0.000E+00	 2.746E+04	 4.180E+03	 4.175E+03	 5.000E+03	 4.309E+01
   46.4625	 2.000E+01	 1.745E+01	 1.210E+01	 0.000E+00	 2.746E+04	 4.180E+03	 4.182E+03	 5.000E+03	 4.309E+01
   46.4750	 2.000E+01	 1.745E+01	 1.210E+01	 0.000E+00	 2.746E+04	 4.180E+03	 4.188E+03	 5.000E+03	 4.309E+01
   46.4875	 2.000E+01	 1.745E+01	 1.210E+01	 0.000E+00	 2.746E+04	 4.180E+03	 4.195E+03	 5.000E+03	 4.309E+01
   46.5000	 2.000E+01	 1.745E+01	 1.210E+01	 0.000E+00	 2.746E+04	 4.180E+03	 4.202E+03	 5.000E+03	 4.309E+01
   46.5125	 2.000E+01	 1.745E+01	 1.210E+01	 0.000E+00	 2.746E+04	 4.180E+03	 4.209E+03	 5.000E+03	 4.309E+01
   46.5250	 2.000E+01	 1.745E+01	 1.210E+01	 0.000E+00	 2.746E+04	 4.180E+03	 4.216E+03	 5.000E+03	 4.309E+01
   46.5375	 2.000E+01	 1.745E+01	 1.210E+01	 0.000E+00	 2.746E+04	 4.180E+03	 4.223E+03	 5.000E+03	 4.309E+01
   46.5500	 2.000E+01	 1.745E+01	 1.210E+01	 0.000E+00	 2.746E+04	 4.180E+03	 4.230E+03	 5.000E+03	 4.309E+01
   46.5625	 2.000E+01	 1.745E+01	 1.210E+01	 0.000E+00	 2.746E+04	 4.180E+03	 4.237E+03	 5.000E+03	 4.309E+01
   46.5750	 2.000E+01	 1.745E+01	 1.210E+01	 0.000E+00	 2.746E+04	 4.180E+03	 4.243E+03	 5.000E+03	 4.309E+01
   46.5875	 2.000E+01	 1.745E+01	 1.210E+01	 0.000E+00	 2.746E+04	 4.180E+03	 4.250E+03	 5.000E+03	 4.309E+01
   46.6000	 2.000E+01	 1.745E+01	 1.210E+01	 0.000E+00	 2.746E+04	 4.180E+03	 4.257E+03	 5.000E+03	 4.309E+01
   46.6125	 2.000E+01	 1.745E+01	 1.210E+01	 0.000E+00	 2.746E+04	 4.180E+03	 4.264E+03	 5.000E+03	 4.309E+01
   46.6250	 2.000E+01	 1.745E+01	 1.210E+01	 0.000E+00	 2.746E+04	 4.180E+03	 4.271E+03	 5.000E+03	 4.309E+01
   46.6375	 2.000E+01	 1.745E+01	 1.210E+01	 0.000E+00	 2.746E+04	 4.180E+03	 4.278E+03	 5.000E+03	 4.309E+01
   46.6500	 2.000E+01	 1.745E+01	 1.210E+01	 0.000E+00	 2.746E+04	 4.180E+03	 4.284E+03	 5.000E+03	 4.309E+01
   46.6625	 2.000E+01	 1.745E+01	 1.210E+01	 0.000E+00	 2.746E+04	 4.180E+03	 4.291E+03	 5.000E+03	 4.309E+01
   46.6750	 2.000E+01	 1.745E+01	 1.210E+01	 0.000E+00	 2.746E+04	 4.180E+03	 4.298E+03	 5.000E+03	 4.309E+01
   46.6875	 2.000E+01	 1.745E+01	 1.210E+01	 0.000E+00	 2.746E+04	 4.180E+03	 4.304E+03	 5.000E+03	 4.309E+01
   46.7000	 2.000E+01	 1.745E+01	 1.210E+01	 0.000E+00	 2.746E+04	 4.180E+03	 4.311E+03	 5.000E+03	 4.309E+01
   46.7125	 2.000E+01	 1.745E+01	 1.210E+01	 0.000E+00	 2.746E+04	 4.180E+03	 4.318E+03	 5.000E+03	 4.309E+01
   46.7250	 2.000E+01	 1.745E+01	 1.210E+01	 0.000E+00	 2.746E+04	 4.180E+03	 4.325E+03	 5.000E+03	 4.309E+01
   46.7375	 2.000E+01	 1.745E+01	 1.210E+01	 0.000E+00	 2.746E+04	 4.180E+03	 4.331E+03	 5.000E+03	 4.309E+01
   46.7500	 2.000E+01	 1.745E+01	 1.210E+01	 0.000E+00	 2.746E+04	 4.180E+03	 4.338E+03	 5.000E+03	 4.309E+01
   46.7625	 2.000E+01	 1.745E+01	 1.210E+01	 0.000E+00	 2.746E+04	 4.180E+03	 4.344E+03	 5.000E+03	 4.309E+01
   46.7750	 2.000E+01	 1.745E+01	 1.210E+01	 0.000E+00	 2.746E+04	 4.180E+03	 4.351E+03	 5.000E+03	 4.309E+01
   46.7875	 2.000E+01	 1.745E+01	 1.210E+01	 0.000E+00	 2.746E+04	 4.180E+03	 4.357E+03	 5.000E+03	 4.309E+01
   46.8000	 2.000E+01	 1.745E+01	 1.210E+01	 0.000E+00	 2.746E+04	 4.180E+03	 4.364E+03	 5.000E+03	 4.309E+01
   46.8125	 2.000E+01	 1.745E+01	 1.210E+01	 0.000E+00	 2.746E+04	 4.180E+03	 4.370E+03	 5.000E+03	 4.309E+01
   46.8250	 2.000E+01	 1.745E+01	 1.210E+01	 0.000E+00	 2.746E+04	 4.180E+03	 4.376E+03	 5.000E+03	 4.309E+01
   46.8375	 2.000E+01	 1.745E+01	 1.210E+01	 0.000E+00	 2.746E+04	 4.180E+03	 4.382E+03	 5.000E+03	 4.309E+01
   46.8500	 2.000E+01	 1.745E+01	 1.210E+01	 0.000E+00	 2.746E+04	 4.180E+03	 4.389E+03	 5.000E+03	 4.309E+01
   46.8625	 2.000E+01	 1.745E+01	 1.210E+01	 0.000E+00	 2.746E+04	 4.180E+03	 4.395E+03	 5.000E+03	 4.309E+01
   46.8750	 2.000E+01	 1.745E+01	 1.210E+01	 0.000E+00	 2.746E+04	 4.180E+03	 4.401E+03	 5.000E+03	 4.309E+01
   46.8875	 2.000E+01	 1.745E+01	 1.210E+01	 0.000E+00	 2.747E+04	 4.180E+03	 4.407E+03	 5.000E+03	 4.309E+01
   46.9000	 2.000E+01	 1.745E+01	 1.210E+01	 0.000E+00	 2.747E+04	 4.180E+03	 4.413E+03	 5.000E+03	 4.309E+01
   46.9125	 2.000E+01	 1.745E+01	 1.210E+01	 0.000E+00	 2.747E+04	 4.180E+03	 4.419E+03	 5.000E+03	 4.309E+01
   46.9250	 2.000E+01	 1.745E+01	 1.210E+01	 0.000E+00	 2.747E+04	 4.180E+03	 4.424E+03	 5.000E+03	 4.309E+01
   46.9375	 2.000E+01	 1.745E+01	 1.210E+01	 0.000E+00	 2.747E+04	 4.180E+03	 4.430E+03	 5.000E+03	 4.309E+01
   46.9500	 2.000E+01	 1.745E+01	 1.210E+01	 0.000E+00	 2.747E+04	 4.180E+03	 4.436E+03	 5.000E+03	 4.309E+01
   46.9625	 2.000E+01	 1.745E+01	 1.210E+01	 0.000E+00	 2.747E+04	 4.180E+03	 4.442E+03	 5.000E+03	 4.309E+01
   46.9750	 2.000E+01	 1.745E+01	 1.210E+01	 0.000E+00	 2.747E+04	 4.180E+03	 4.448E+03	 5.000E+03	 4.309E+01
   46.9875	 2.000E+01	 1.745E+01	 1.210E+01	 0.000E+00	 2.747E+04	 4.180E+03	 4.453E+03	 5.000E+03	 4.309E+01
   47.0000	 2.000E+01	 1.745E+01	 1.210E+01	 0.000E+00	 2.747E+04	 4.180E+03	 4.459E+03	 5.000E+03	 4.309E+01
   47.0125	 2.000E+01	 1.745E+01	 1.210E+01	 0.000E+00	 2.747E+04	 4.180E+03	 4.464E+03	 5.000E+03	 4.309E+01
   47.0250	 2.000E+01	 1.745E+01	 1.210E+01	 0.000E+00	 2.747E+04	 4.180E+03	 4.470E+03	 5.000E+03	 4.309E+01
   47.0375	 2.000E+01	 1.745E+01	 1.210E+01	 0.000E+00	 2.747E+04	 4.180E+03	 4.475E+03	 5.000E+03	 4.309E+01
   47.0500	 2.000E+01	 1.745E+01	 1.210E+01	 0.000E+00	 2.748E+04	 4.180E+03	 4.480E+03	 5.000E+03	 4.309E+01
   47.0625	 2.000E+01	 1.745E+01	 1.210E+01	 0.000E+00	 2.748E+04	 4.180E+03	 4.486E+03	 5.000E+03	 4.309E+01
   47.0750	 2.000E+01	 1.745E+01	 1.210E+01	 0.000E+00	 2.748E+04	 4.180E+03	 4.491E+03	 5.000E+03	 4.309E+01
   47.0875	 2.000E+01	 1.745E+01	 1.210E+01	 0.000E+00	 2.748E+04	 4.180E+03	 4.496E+03	 5.000E+03	 4.309E+01
   47.1000	 2.000E+01	 1.745E+01	 1.210E+01	 0.000E+00	 2.748E+04	 4.180E+03	 4.501E+03	 5.000E+03	 4.309E+01
   47.1125	 2.000E+01	 1.745E+01	 1.210E+01	 0.000E+00	 2.748E+04	 4.180E+03	 4.506E+03	 5.000E+03	 4.309E+01
   47.1250	 2.000E+01	 1.745E+01	 1.210E+01	 0.000E+00	 2.748E+04	 4.180E+03	 4.510E+03	 5.000E+03	 4.309E+01
   47.1375	 2.000E+01	 1.745E+01	 1.210E+01	 0.000E+00	 2.748E+04	 4.180E+03	 4.515E+03	 5.000E+03	 4.309E+01
   47.1500	 2.000E+01	 1.745E+01	 1.210E+01	 0.000E+00	 2.748E+04	 4.180E+03	 4.520E+03	 5.000E+03	 4.309E+01
   47.1625	 2.000E+01	 1.745E+01	 1.210E+01	 0.000E+00	 2.748E+04	 4.180E+03	 4.524E+03	 5.000E+03	 4.309E+01
   47.1750	 2.000E+01	 1.745E+01	 1.210E+01	 0.000E+00	 2.748E+04	 4.180E+03	 4.529E+03	 5.000E+03	 4.309E+01
   47.1875	 2.000E+01	 1.745E+01	 1.210E+01	 0.000E+00	 2.748E+04	 4.180E+03	 4.533E+03	 5.000E+03	 4.309E+01
   47.2000	 2.000E+01	 1.745E+01	 1.210E+01	 0.000E+00	 2.748E+04	 4.180E+03	 4.537E+03	 5.000E+03	 4.309E+01
   47.2125	 2.000E+01	 1.745E+01	 1.210E+01	 0.000E+00	 2.748E+04	 4.180E+03	 4.541E+03	 5.000E+03	 4.309E+01
   47.2250	 2.000E+01	 1.745E+01	 1.210E+01	 0.000E+00	 2.748E+04	 4.180E+03	 4.546E+03	 5.000E+03	 4.309E+01
   47.2375	 2.000E+01	 1.745E+01	 1.210E+01	 0.000E+00	 2.748E+04	 4.180E+03	 4.550E+03	 5.000E+03	 4.309E+01
   47.2500	 2.000E+01	 1.745E+01	 1.210E+01	 0.000E+00	 2.749E+04	 4.180E+03	 4.553E+03	 5.000E+03	 4.309E+01
   47.2625	 2.000E+01	 1.745E+01	 1.210E+01	 0.000E+00	 2.749E+04	 4.180E+03	 4.557E+03	 5.000E+03	 4.309E+01
   47.2750	 2.000E+01	 1.745E+01	 1.210E+01	 0.000E+00	 2.749E+04	 4.180E+03	 4.561E+03	 5.000E+03	 4.309E+01
   47.2875	 2.000E+01	 1.745E+01	 1.210E+01	 0.000E+00	 2.749E+04	 4.180E+03	 4.565E+03	 5.000E+03	 4.309E+01
   47.3000	 2.000E+01	 1.745E+01	 1.210E+01	 0.000E+00	 2.749E+04	 4.180E+03	 4.568E+03	 5.000E+03	 4.309E+01
   47.3125	 2.000E+01	 1.745E+01	 1.210E+01	 0.000E+00	 2.749E+04	 4.180E+03	 4.572E+03	 5.000E+03	 4.309E+01
   47.3250	 2.000E+01	 1.745E+01	 1.210E+01	 0.000E+00	 2.749E+04	 4.180E+03	 4.575E+03	 5.000E+03	 4.309E+01
   47.3375	 2.000E+01	 1.745E+01	 1.210E+01	 0.000E+00	 2.749E+04	 4.180E+03	 4.579E+03	 5.000E+03	 4.309E+01
   47.3500	 2.000E+01	 1.745E+01	 1.210E+01	 0.000E+00	 2.749E+04	 4.180E+03	 4.582E+03	 5.000E+03	 4.309E+01
   47.3625	 2.000E+01	 1.745E+01	 1.210E+01	 0.000E+00	 2.749E+04	 4.180E+03	 4.585E+03	 5.000E+03	 4.309E+01
   47.3750	 2.000E+01	 1.745E+01	 1.210E+01	 0.000E+00	 2.749E+04	 4.180E+03	 4.588E+03	 5.000E+03	 4.309E+01
   47.3875	 2.000E+01	 1.745E+01	 1.210E+01	 0.000E+00	 2.749E+04	 4.180E+03	 4.591E+03	 5.000E+03	 4.309E+01
   47.4000	 2.000E+01	 1.745E+01	 1.210E+01	 0.000E+00	 2.749E+04	 4.180E+03	 4.594E+03	 5.000E+03	 4.309E+01
   47.4125	 2.000E+01	 1.745E+01	 1.210E+01	 0.000E+00	 2.749E+04	 4.180E+03	 4.596E+03	 5.000E+03	 4.309E+01
   47.4250	 2.000E+01	 1.745E+01	 1.210E+01	 0.000E+00	 2.749E+04	 4.180E+03	 4.599E+03	 5.000E+03	 4.309E+01
   47.4375	 2.000E+01	 1.745E+01	 1.210E+01	 0.000E+00	 2.749E+04	 4.180E+03	 4.602E+03	 5.000E+03	 4.309E+01
   47.4500	 2.000E+01	 1.745E+01	 1.210E+01	 0.000E+00	 2.749E+04	 4.180E+03	 4.604E+03	 5.000E+03	 4.309E+01
   47.4625	 2.000E+01	 1.745E+01	 1.210E+01	 0.000E+00	 2.749E+04	 4.180E+03	 4.606E+03	 5.000E+03	 4.309E+01
   47.4750	 2.000E+01	 1.745E+01	 1.210E+01	 0.000E+00	 2.749E+04	 4.180E+03	 4.609E+03	 5.000E+03	 4.309E+01
   47.4875	 2.000E+01	 1.745E+01	 1.210E+01	 0.000E+00	 2.749E+04	 4.180E+03	 4.611E+03	 5.000E+03	 4.309E+01
   47.5000	 2.000E+01	 1.745E+01	 1.210E+01	 0.000E+00	 2.749E+04	 4.180E+03	 4.613E+03	 5.000E+03	 4.309E+01
   47.5125	 2.000E+01	 1.745E+01	 1.210E+01	 0.000E+00	 2.749E+04	 4.180E+03	 4.615E+03	 5.000E+03	 4.309E+01
   47.5250	 2.000E+01	 1.745E+01	 1.210E+01	 0.000E+00	 2.749E+04	 4.180E+03	 4.617E+03	 5.000E+03	 4.309E+01
   47.5375	 2.000E+01	 1.745E+01	 1.210E+01	 0.000E+00	 2.749E+04	 4.180E+03	 4.619E+03	 5.000E+03	 4.309E+01
   47.5500	 2.000E+01	 1.745E+01	 1.210E+01	 0.000E+00	 2.749E+04	 4.180E+03	 4.620E+03	 5.000E+03	 4.309E+01
   47.5625	 2.000E+01	 1.745E+01	 1.210E+01	 0.000E+00	 2.749E+04	 4.180E+03	 4.622E+03	 5.000E+03	 4.309E+01
   47.5750	 2.000E+01	 1.745E+01	 1.210E+01	 0.000E+00	 2.749E+04	 4.180E+03	 4.624E+03	 5.000E+03	 4.309E+01
   47.5875	 2.000E+01	 1.745E+01	 1.210E+01	 0.000E+00	 2.749E+04	 4.180E+03	 4.625E+03	 5.000E+03	 4.309E+01
   47.6000	 2.000E+01	 1.745E+01	 1.210E+01	 0.000E+00	 2.749E+04	 4.180E+03	 4.626E+03	 5.000E+03	 4.309E+01
   47.6125	 2.000E+01	 1.745E+01	 1.210E+01	 0.000E+00	 2.749E+04	 4.180E+03	 4.628E+03	 5.000E+03	 4.309E+01
   47.6250	 2.000E+01	 1.745E+01	 1.210E+01	 0.000E+00	 2.749E+04	 4.180E+03	 4.629E+03	 5.000E+03	 4.309E+01
   47.6375	 2.000E+01	 1.745E+01	 1.210E+01	 0.000E+00	 2.748E+04	 4.180E+03	 4.630E+03	 5.000E+03	 4.309E+01
   47.6500	 2.000E+01	 1.745E+01	 1.210E+01	 0.000E+00	 2.748E+04	 4.180E+03	 4.631E+03	 5.000E+03	 4.309E+01
   47.6625	 2.000E+01	 1.745E+01	 1.210E+01	 0.000E+00	 2.748E+04	 4.180E+03	 4.631E+03	 5.000E+03	 4.309E+01
   47.6750	 2.000E+01	 1.745E+01	 1.210E+01	 0.000E+00	 2.748E+04	 4.180E+03	 4.632E+03	 5.000E+03	 4.309E+01
   47.6875	 2.000E+01	 1.745E+01	 1.210E+01	 0.000E+00	 2.748E+04	 4.180E+03	 4.633E+03	 5.000E+03	 4.309E+01
   47.7000	 2.000E+01	 1.745E+01	 1.210E+01	 0.000E+00	 2.748E+04	 4.180E+03	 4.633E+03	 5.000E+03	 4.309E+01
   47.7125	 2.000E+01	 1.745E+01	 1.210E+01	 0.000E+00	 2.748E+04	 4.180E+03	 4.634E+03	 5.000E+03	 4.309E+01
   47.7250	 2.000E+01	 1.745E+01	 1.210E+01	 0.000E+00	 2.748E+04	 4.180E+03	 4.634E+03	 5.000E+03	 4.309E+01
   47.7375	 2.000E+01	 1.745E+01	 1.210E+01	 0.000E+00	 2.748E+04	 4.180E+03	 4.634E+03	 5.000E+03	 4.309E+01
   47.7500	 2.000E+01	 1.745E+01	 1.210E+01	 0.000E+00	 2.748E+04	 4.180E+03	 4.635E+03	 5.000E+03	 4.309E+01
   47.7625	 2.000E+01	 1.745E+01	 1.210E+01	 0.000E+00	 2.748E+04	 4.180E+03	 4.635E+03	 5.000E+03	 4.309E+01
   47.7750	 2.000E+01	 1.745E+01	 1.210E+01	 0.000E+00	 2.748E+04	 4.180E+03	 4.635E+03	 5.000E+03	 4.309E+01
   47.7875	 2.000E+01	 1.745E+01	 1.210E+01	 0.000E+00	 2.748E+04	 4.180E+03	 4.634E+03	 5.000E+03	 4.309E+01
   47.8000	 2.000E+01	 1.745E+01	 1.210E+01	 0.000E+00	 2.748E+04	 4.180E+03	 4.634E+03	 5.000E+03	 4.309E+01
   47.8125	 2.000E+01	 1.745E+01	 1.210E+01	 0.000E+00	 2.748E+04	 4.180E+03	 4.634E+03	 5.000E+03	 4.309E+01
   47.8250	 2.000E+01	 1.745E+01	 1.210E+01	 0.000E+00	 2.748E+04	 4.180E+03	 4.633E+03	 5.000E+03	 4.309E+01
   47.8375	 2.000E+01	 1.745E+01	 1.210E+01	 0.000E+00	 2.748E+04	 4.180E+03	 4.633E+03	 5.000E+03	 4.309E+01
   47.8500	 2.000E+01	 1.745E+01	 1.210E+01	 0.000E+00	 2.748E+04	 4.180E+03	 4.632E+03	 5.000E+03	 4.309E+01
   47.8625	 2.000E+01	 1.745E+01	 1.210E+01	 0.000E+00	 2.748E+04	 4.180E+03	 4.632E+03	 5.000E+03	 4.309E+01
   47.8750	 2.000E+01	 1.745E+01	 1.210E+01	 0.000E+00	 2.747E+04	 4.180E+03	 4.631E+03	 5.000E+03	 4.309E+01
   47.8875	 2.000E+01	 1.745E+01	 1.210E+01	 0.000E+00	 2.747E+04	 4.180E+03	 4.630E+03	 5.000E+03	 4.309E+01
   47.9000	 2.000E+01	 1.745E+01	 1.210E+01	 0.000E+00	 2.747E+04	 4.180E+03	 4.629E+03	 5.000E+03	 4.309E+01
   47.9125	 2.000E+01	 1.745E+01	 1.210E+01	 0.000E+00	 2.747E+04	 4.180E+03	 4.628E+03	 5.000E+03	 4.309E+01
   47.9250	 2.000E+01	 1.745E+01	 1.210E+01	 0.000E+00	 2.747E+04	 4.180E+03	 4.627E+03	 5.000E+03	 4.309E+01
   47.9375	 2.000E+01	 1.745E+01	 1.210E+01	 0.000E+00	 2.747E+04	 4.180E+03	 4.625E+03	 5.000E+03	 4.309E+01
   47.9500	 2.000E+01	 1.745E+01	 1.210E+01	 0.000E+00	 2.747E+04	 4.180E+03	 4.624E+03	 5.000E+03	 4.309E+01
   47.9625	 2.000E+01	 1.745E+01	 1.210E+01	 0.000E+00	 2.747E+04	 4.180E+03	 4.623E+03	 5.000E+03	 4.309E+01
   47.9750	 2.000E+01	 1.745E+01	 1.210E+01	 0.000E+00	 2.747E+04	 4.180E+03	 4.621E+03	 5.000E+03	 4.309E+01
   47.9875	 2.000E+01	 1.745E+01	 1.210E+01	 0.000E+00	 2.747E+04	 4.180E+03	 4.619E+03	 5.000E+03	 4.309E+01
   48.0000	 2.000E+01	 1.745E+01	 1.210E+01	 0.000E+00	 2.747E+04	 4.180E+03	 4.618E+03	 5.000E+03	 4.309E+01
   48.0125	 2.000E+01	 1.745E+01	 1.210E+01	 0.000E+00	 2.747E+04	 4.180E+03	 4.616E+03	 5.000E+03	 4.309E+01
   48.0250	 2.000E+01	 1.745E+01	 1.210E+01	 0.000E+00	 2.747E+04	 4.180E+03	 4.614E+03	 5.000E+03	 4.309E+01
   48.0375	 2.000E+01	 1.745E+01	 1.210E+01	 0.000E+00	 2.747E+04	 4.180E+03	 4.612E+03	 5.000E+03	 4.309E+01
   48.0500	 2.000E+01	 1.745E+01	 1.210E+01	 0.000E+00	 2.747E+04	 4.180E+03	 4.610E+03	 5.000E+03	 4.309E+01
   48.0625	 2.000E+01	 1.745E+01	 1.210E+01	 0.000E+00	 2.747E+04	 4.180E+03	 4.607E+03	 5.000E+03	 4.309E+01
   48.0750	 2.000E+01	 1.745E+01	 1.210E+01	 0.000E+00	 2.746E+04	 4.180E+03	 4.605E+03	 5.000E+03	 4.309E+01
   48.0875	 2.000E+01	 1.745E+01	 1.210E+01	 0.000E+00	 2.746E+04	 4.180E+03	 4.603E+03	 5.000E+03	 4.309E+01
   48.1000	 2.000E+01	 1.745E+01	 1.210E+01	 0.000E+00	 2.746E+04	 4.180E+03	 4.600E+03	 5.000E+03	 4.309E+01
   48.1125	 2.000E+01	 1.745E+01	 1.210E+01	 0.000E+00	 2.746E+04	 4.180E+03	 4.598E+03	 5.000E+03	 4.309E+01
   48.1250	 2.000E+01	 1.745E+01	 1.210E+01	 0.000E+00	 2.746E+04	 4.180E+03	 4.595E+03	 5.000E+03	 4.309E+01
   48.1375	 2.000E+01	 1.745E+01	 1.210E+01	 0.000E+00	 2.746E+04	 4.180E+03	 4.592E+03	 5.000E+03	 4.309E+01
   48.1500	 2.000E+01	 1.745E+01	 1.210E+01	 0.000E+00	 2.746E+04	 4.180E+03	 4.590E+03	 5.000E+03	 4.309E+01
   48.1625	 2.000E+01	 1.745E+01	 1.210E+01	 0.000E+00	 2.746E+04	 4.180E+03	 4.587E+03	 5.000E+03	 4.309E+01
   48.1750	 2.000E+01	 1.745E+01	 1.210E+01	 0.000E+00	 2.746E+04	 4.180E+03	 4.584E+03	 5.000E+03	 4.309E+01
   48.1875	 2.000E+01	 1.745E+01	 1.210E+01	 0.000E+00	 2.746E+04	 4.180E+03	 4.581E+03	 5.000E+03	 4.309E+01
   48.2000	 2.000E+01	 1.745E+01	 1.210E+01	 0.000E+00	 2.746E+04	 4.180E+03	 4.578E+03	 5.000E+03	 4.309E+01
   48.2125	 2.000E+01	 1.745E+01	 1.210E+01	 0.000E+00	 2.746E+04	 4.180E+03	 4.574E+03	 5.000E+03	 4.309E+01
   48.2250	 2.000E+01	 1.745E+01	 1.210E+01	 0.000E+00	 2.746E+04	 4.180E+03	 4.571E+03	 5.000E+03	 4.309E+01
   48.2375	 2.000E+01	 1.745E+01	 1.210E+01	 0.000E+00	 2.746E+04	 4.180E+03	 4.568E+03	 5.000E+03	 4.309E+01
   48.2500	 2.000E+01	 1.745E+01	 1.210E+01	 0.000E+00	 2.746E+04	 4.180E+03	 4.564E+03	 5.000E+03	 4.309E+01
   48.2625	 2.000E+01	 1.745E+01	 1.210E+01	 0.000E+00	 2.746E+04	 4.180E+03	 4.561E+03	 5.000E+03	 4.309E+01
   48.2750	 2.000E+01	 1.745E+01	 1.210E+01	 0.000E+00	 2.746E+04	 4.180E+03	 4.557E+03	 5.000E+03	 4.309E+01
   48.2875	 2.000E+01	 1.745E+01	 1.210E+01	 0.000E+00	 2.746E+04	 4.180E+03	 4.553E+03	 5.000E+03	 4.309E+01
   48.3000	 2.000E+01	 1.745E+01	 1.210E+01	 0.000E+00	 2.746E+04	 4.180E+03	 4.550E+03	 5.000E+03	 4.309E+01
   48.3125	 2.000E+01	 1.745E+01	 1.210E+01	 0.000E+00	 2.746E+04	 4.180E+03	 4.546E+03	 5.000E+03	 4.309E+01
   48.3250	 2.000E+01	 1.745E+01	 1.210E+01	 0.000E+00	 2.746E+04	 4.180E+03	 4.542E+03	 5.000E+03	 4.309E+01
   48.3375	 2.000E+01	 1.745E+01	 1.210E+01	 0.000E+00	 2.746E+04	 4.180E+03	 4.538E+03	 5.000E+03	 4.309E+01
   48.3500	 2.000E+01	 1.745E+01	 1.210E+01	 0.000E+00	 2.746E+04	 4.180E+03	 4.534E+03	 5.000E+03	 4.309E+01
   48.3625	 2.000E+01	 1.745E+01	 1.210E+01	 0.000E+00	 2.746E+04	 4.180E+03	 4.530E+03	 5.000E+03	 4.309E+01
   48.3750	 2.000E+01	 1.745E+01	 1.210E+01	 0.000E+00	 2.746E+04	 4.180E+03	 4.526E+03	 5.000E+03	 4.309E+01
   48.3875	 2.000E+01	 1.745E+01	 1.210E+01	 0.000E+00	 2.746E+04	 4.180E+03	 4.521E+03	 5.000E+03	 4.309E+01
   48.4000	 2.000E+01	 1.745E+01	 1.210E+01	 0.000E+00	 2.746E+04	 4.180E+03	 4.517E+03	 5.000E+03	 4.309E+01
   48.4125	 2.000E+01	 1.745E+01	 1.210E+01	 0.000E+00	 2.746E+04	 4.180E+03	 4.513E+03	 5.000E+03	 4.309E+01
   48.4250	 2.000E+01	 1.745E+01	 1.210E+01	 0.000E+00	 2.746E+04	 4.180E+03	 4.508E+03	 5.000E+03	 4.309E+01
   48.4375	 2.000E+01	 1.745E+01	 1.210E+01	 0.000E+00	 2.746E+04	 4.180E+03	 4.503E+03	 5.000E+03	 4.309E+01
   48.4500	 2.000E+01	 1.745E+01	 1.210E+01	 0.000E+00	 2.746E+04	 4.180E+03	 4.499E+03	 5.000E+03	 4.309E+01
   48.4625	 2.000E+01	 1.745E+01	 1.210E+01	 0.000E+00	 2.746E+04	 4.180E+03	 4.494E+03	 5.000E+03	 4.309E+01
   48.4750	 2.000E+01	 1.745E+01	 1.210E+01	 0.000E+00	 2.746E+04	 4.180E+03	 4.489E+03	 5.000E+03	 4.309E+01
   48.4875	 2.000E+01	 1.745E+01	 1.210E+01	 0.000E+00	 2.746E+04	 4.180E+03	 4.485E+03	 5.000E+03	 4.309E+01
   48.5000	 2.000E+01	 1.745E+01	 1.210E+01	 0.000E+00	 2.746E+04	 4.180E+03	 4.480E+03	 5.000E+03	 4.309E+01
   48.5125	 2.000E+01	 1.745E+01	 1.210E+01	 0.000E+00	 2.746E+04	 4.180E+03	 4.475E+03	 5.000E+03	 4.309E+01
   48.5250	 2.000E+01	 1.745E+01	 1.210E+01	 0.000E+00	 2.746E+04	 4.180E+03	 4.470E+03	 5.000E+03	 4.309E+01
   48.5375	 2.000E+01	 1.745E+01	 1.210E+01	 0.000E+00	 2.747E+04	 4.180E+03	 4.465E+03	 5.000E+03	 4.309E+01
   48.5500	 2.000E+01	 1.745E+01	 1.210E+01	 0.000E+00	 2.747E+04	 4.180E+03	 4.460E+03	 5.000E+03	 4.309E+01
   48.5625	 2.000E+01	 1.745E+01	 1.210E+01	 0.000E+00	 2.747E+04	 4.180E+03	 4.455E+03	 5.000E+03	 4.309E+01
   48.5750	 2.000E+01	 1.745E+01	 1.210E+01	 0.000E+00	 2.747E+04	 4.180E+03	 4.449E+03	 5.000E+03	 4.309E+01
   48.5875	 2.000E+01	 1.745E+01	 1.210E+01	 0.000E+00	 2.747E+04	 4.180E+03	 4.444E+03	 5.000E+03	 4.309E+01
   48.6000	 2.000E+01	 1.745E+01	 1.210E+01	 0.000E+00	 2.747E+04	 4.180E+03	 4.439E+03	 5.000E+03	 4.309E+01
   48.6125	 2.000E+01	 1.745E+01	 1.210E+01	 0.000E+00	 2.747E+04	 4.180E+03	 4.433E+03	 5.000E+03	 4.309E+01
   48.6250	 2.000E+01	 1.745E+01	 1.210E+01	 0.000E+00	 2.747E+04	 4.180E+03	 4.428E+03	 5.000E+03	 4.309E+01
   48.6375	 2.000E+01	 1.745E+01	 1.210E+01	 0.000E+00	 2.747E+04	 4.180E+03	 4.423E+03	 5.000E+03	 4.309E+01
   48.6500	 2.000E+01	 1.745E+01	 1.210E+01	 0.000E+00	 2.747E+04	 4.180E+03	 4.417E+03	 5.000E+03	 4.309E+01
   48.6625	 2.000E+01	 1.745E+01	 1.210E+01	 0.000E+00	 2.747E+04	 4.180E+03	 4.411E+03	 5.000E+03	 4.309E+01
   48.6750	 2.000E+01	 1.745E+01	 1.210E+01	 0.000E+00	 2.747E+04	 4.180E+03	 4.406E+03	 5.000E+03	 4.309E+01
   48.6875	 2.000E+01	 1.745E+01	 1.210E+01	 0.000E+00	 2.747E+04	 4.180E+03	 4.400E+03	 5.000E+03	 4.309E+01
   48.7000	 2.000E+01	 1.745E+01	 1.210E+01	 0.000E+00	 2.748E+04	 4.180E+03	 4.395E+03	 5.000E+03	 4.309E+01
   48.7125	 2.000E+01	 1.745E+01	 1.210E+01	 0.000E+00	 2.748E+04	 4.180E+03	 4.389E+03	 5.000E+03	 4.309E+01
   48.7250	 2.000E+01	 1.745E+01	 1.210E+01	 0.000E+00	 2.748E+04	 4.180E+03	 4.383E+03	 5.000E+03	 4.309E+01
   48.7375	 2.000E+01	 1.745E+01	 1.210E+01	 0.000E+00	 2.748E+04	 4.180E+03	 4.377E+03	 5.000E+03	 4.309E+01
   48.7500	 2.000E+01	 1.745E+01	 1.210E+01	 0.000E+00	 2.748E+04	 4.180E+03	 4.371E+03	 5.000E+03	 4.309E+01
   48.7625	 2.000E+01	 1.745E+01	 1.210E+01	 0.000E+00	 2.748E+04	 4.180E+03	 4.365E+03	 5.000E+03	 4.309E+01
   48.7750	 2.000E+01	 1.745E+01	 1.210E+01	 0.000E+00	 2.748E+04	 4.180E+03	 4.359E+03	 5.000E+03	 4.309E+01
   48.7875	 2.000E+01	 1.745E+01	 1.210E+01	 0.000E+00	 2.748E+04	 4.180E+03	 4.353E+03	 5.000E+03	 4.309E+01
   48.8000	 2.000E+01	 1.745E+01	 1.210E+01	 0.000E+00	 2.748E+04	 4.180E+03	 4.347E+03	 5.000E+03	 4.309E+01
   48.8125	 2.000E+01	 1.745E+01	 1.210E+01	 0.000E+00	 2.748E+04	 4.180E+03	 4.341E+03	 5.000E+03	 4.309E+01
   48.8250	 2.000E+01	 1.745E+01	 1.210E+01	 0.000E+00	 2.748E+04	 4.180E+03	 4.335E+03	 5.000E+03	 4.309E+01
   48.8375	 2.000E+01	 1.745E+01	 1.210E+01	 0.000E+00	 2.748E+04	 4.180E+03	 4.329E+03	 5.000E+03	 4.309E+01
   48.8500	 2.000E+01	 1.745E+01	 1.210E+01	 0.000E+00	 2.748E+04	 4.180E+03	 4.323E+03	 5.000E+03	 4.309E+01
   48.8625	 2.000E+01	 1.745E+01	 1.210E+01	 0.000E+00	 2.748E+04	 4.180E+03	 4.317E+03	 5.000E+03	 4.309E+01
   48.8750	 2.000E+01	 1.745E+01	 1.210E+01	 0.000E+00	 2.748E+04	 4.180E+03	 4.311E+03	 5.000E+03	 4.309E+01
   48.8875	 2.000E+01	 1.745E+01	 1.210E+01	 0.000E+00	 2.748E+04	 4.180E+03	 4.304E+03	 5.000E+03	 4.309E+01
   48.9000	 2.000E+01	 1.745E+01	 1.210E+01	 0.000E+00	 2.749E+04	 4.180E+03	 4.298E+03	 5.000E+03	 4.309E+01
   48.9125	 2.000E+01	 1.745E+01	 1.210E+01	 0.000E+00	 2.749E+04	 4.180E+03	 4.292E+03	 5.000E+03	 4.309E+01
   48.9250	 2.000E+01	 1.745E+01	 1.210E+01	 0.000E+00	 2.749E+04	 4.180E+03	 4.286E+03	 5.000E+03	 4.309E+01
   48.9375	 2.000E+01	 1.745E+01	 1.210E+01	 0.000E+00	 2.749E+04	 4.180E+03	 4.279E+03	 5.000E+03	 4.309E+01
   48.9500	 2.000E+01	 1.745E+01	 1.210E+01	 0.000E+00	 2.749E+04	 4.180E+03	 4.273E+03	 5.000E+03	 4.309E+01
   48.9625	 2.000E+01	 1.745E+01	 1.210E+01	 0.000E+00	 2.749E+04	 4.180E+03	 4.267E+03	 5.000E+03	 4.309E+01
   48.9750	 2.000E+01	 1.745E+01	 1.210E+01	 0.000E+00	 2.749E+04	 4.180E+03	 4.260E+03	 5.000E+03	 4.309E+01
   48.9875	 2.000E+01	 1.745E+01	 1.210E+01	 0.000E+00	 2.749E+04	 4.180E+03	 4.254E+03	 5.000E+03	 4.309E+01
   49.0000	 2.000E+01	 1.745E+01	 1.210E+01	 0.000E+00	 2.749E+04	 4.180E+03	 4.248E+03	 5.000E+03	 4.309E+01
   49.0125	 2.000E+01	 1.745E+01	 1.210E+01	 0.000E+00	 2.749E+04	 4.180E+03	 4.241E+03	 5.000E+03	 4.309E+01
   49.0250	 2.000E+01	 1.745E+01	 1.210E+01	 0.000E+00	 2.749E+04	 4.180E+03	 4.235E+03	 5.000E+03	 4.309E+01
   49.0375	 2.000E+01	 1.745E+01	 1.210E+01	 0.000E+00	 2.749E+04	 4.180E+03	 4.228E+03	 5.000E+03	 4.309E+01
   49.0500	 2.000E+01	 1.745E+01	 1.210E+01	 0.000E+00	 2.749E+04	 4.180E+03	 4.222E+03	 5.000E+03	 4.309E+01
   49.0625	 2.000E+01	 1.745E+01	 1.210E+01	 0.000E+00	 2.749E+04	 4.180E+03	 4.215E+03	 5.000E+03	 4.309E+01
   49.0750	 2.000E+01	 1.745E+01	 1.210E+01	 0.000E+00	 2.749E+04	 4.180E+03	 4.209E+03	 5.000E+03	 4.309E+01
   49.0875	 2.000E+01	 1.745E+01	 1.210E+01	 0.000E+00	 2.749E+04	 4.180E+03	 4.202E+03	 5.000E+03	 4.309E+01
   49.1000	 2.000E+01	 1.745E+01	 1.210E+01	 0.000E+00	 2.749E+04	 4.180E+03	 4.196E+03	 5.000E+03	 4.309E+01
   49.1125	 2.000E+01	 1.745E+01	 1.210E+01	 0.000E+00	 2.749E+04	 4.180E+03	 4.189E+03	 5.000E+03	 4.309E+01
   49.1250	 2.000E+01	 1.745E+01	 1.210E+01	 0.000E+00	 2.749E+04	 4.180E+03	 4.183E+03	 5.000E+03	 4.309E+01
   49.1375	 2.000E+01	 1.745E+01	 1.210E+01	 0.000E+00	 2.749E+04	 4.180E+03	 4.176E+03	 5.000E+03	 4.309E+01
   49.1500	 2.000E+01	 1.745E+01	 1.210E+01	 0.000E+00	 2.749E+04	 4.180E+03	 4.170E+03	 5.000E+03	 4.309E+01
   49.1625	 2.000E+01	 1.745E+01	 1.210E+01	 0.000E+00	 2.749E+04	 4.180E+03	 4.164E+03	 5.000E+03	 4.309E+01
   49.1750	 2.000E+01	 1.745E+01	 1.210E+01	 0.000E+00	 2.749E+04	 4.180E+03	 4.157E+03	 5.000E+03	 4.309E+01
   49.1875	 2.000E+01	 1.745E+01	 1.210E+01	 0.000E+00	 2.749E+04	 4.180E+03	 4.151E+03	 5.000E+03	 4.309E+01
   49.2000	 2.000E+01	 1.745E+01	 1.210E+01	 0.000E+00	 2.749E+04	 4.180E+03	 4.144E+03	 5.000E+03	 4.309E+01
   49.2125	 2.000E+01	 1.745E+01	 1.210E+01	 0.000E+00	 2.749E+04	 4.180E+03	 4.138E+03	 5.000E+03	 4.309E+01
   49.2250	 2.000E+01	 1.745E+01	 1.210E+01	 0.000E+00	 2.749E+04	 4.180E+03	 4.131E+03	 5.000E+03	 4.309E+01
   49.2375	 2.000E+01	 1.745E+01	 1.210E+01	 0.000E+00	 2.749E+04	 4.180E+03	 4.125E+03	 5.000E+03	 4.309E+01
   49.2500	 2.000E+01	 1.745E+01	 1.210E+01	 0.000E+00	 2.749E+04	 4.180E+03	 4.118E+03	 5.000E+03	 4.309E+01
   49.2625	 2.000E+01	 1.745E+01	 1.210E+01	 0.000E+00	 2.749E+04	 4.180E+03	 4.112E+03	 5.000E+03	 4.309E+01
   49.2750	 2.000E+01	 1.745E+01	 1.210E+01	 0.000E+00	 2.749E+04	 4.180E+03	 4.106E+03	 5.000E+03	 4.309E+01
   49.2875	 2.000E+01	 1.745E+01	 1.210E+01	 0.000E+00	 2.748E+04	 4.180E+03	 4.099E+03	 5.000E+03	 4.309E+01
   49.3000	 2.000E+01	 1.745E+01	 1.210E+01	 0.000E+00	 2.748E+04	 4.180E+03	 4.093E+03	 5.000E+03	 4.309E+01
   49.3125	 2.000E+01	 1.745E+01	 1.210E+01	 0.000E+00	 2.748E+04	 4.180E+03	 4.087E+03	 5.000E+03	 4.309E+01
   49.3250	 2.000E+01	 1.745E+01	 1.210E+01	 0.000E+00	 2.748E+04	 4.180E+03	 4.081E+03	 5.000E+03	 4.309E+01
   49.3375	 2.000E+01	 1.745E+01	 1.210E+01	 0.000E+00	 2.748E+04	 4.180E+03	 4.074E+03	 5.000E+03	 4.309E+01
   49.3500	 2.000E+01	 1.745E+01	 1.210E+01	 0.000E+00	 2.748E+04	 4.180E+03	 4.068E+03	 5.000E+03	 4.309E+01
   49.3625	 2.000E+01	 1.745E+01	 1.210E+01	 0.000E+00	 2.748E+04	 4.180E+03	 4.062E+03	 5.000E+03	 4.309E+01
   49.3750	 2.000E+01	 1.745E+01	 1.210E+01	 0.000E+00	 2.748E+04	 4.180E+03	 4.056E+03	 5.000E+03	 4.309E+01
   49.3875	 2.000E+01	 1.745E+01	 1.210E+01	 0.000E+00	 2.748E+04	 4.180E+03	 4.050E+03	 5.000E+03	 4.309E+01
   49.4000	 2.000E+01	 1.745E+01	 1.210E+01	 0.000E+00	 2.748E+04	 4.180E+03	 4.044E+03	 5.000E+03	 4.309E+01
   49.4125	 2.000E+01	 1.745E+01	 1.210E+01	 0.000E+00	 2.748E+04	 4.180E+03	 4.038E+03	 5.000E+03	 4.309E+01
   49.4250	 2.000E+01	 1.745E+01	 1.210E+01	 0.000E+00	 2.748E+04	 4.180E+03	 4.032E+03	 5.000E+03	 4.309E+01
   49.4375	 2.000E+01	 1.745E+01	 1.210E+01	 0.000E+00	 2.748E+04	 4.180E+03	 4.026E+03	 5.000E+03	 4.309E+01
   49.4500	 2.000E+01	 1.745E+01	 1.210E+01	 0.000E+00	 2.748E+04	 4.180E+03	 4.021E+03	 5.000E+03	 4.309E+01
   49.4625	 2.000E+01	 1.745E+01	 1.210E+01	 0.000E+00	 2.748E+04	 4.180E+03	 4.015E+03	 5.000E+03	 4.309E+01
   49.4750	 2.000E+01	 1.745E+01	 1.210E+01	 0.000E+00	 2.748E+04	 4.180E+03	 4.009E+03	 5.000E+03	 4.309E+01
   49.4875	 2.000E+01	 1.745E+01	 1.210E+01	 0.000E+00	 2.748E+04	 4.180E+03	 4.003E+03	 5.000E+03	 4.309E+01
   49.5000	 2.000E+01	 1.745E+01	 1.210E+01	 0.000E+00	 2.748E+04	 4.180E+03	 3.998E+03	 5.000E+03	 4.309E+01
   49.5125	 2.000E+01	 1.745E+01	 1.210E+01	 0.000E+00	 2.748E+04	 4.180E+03	 3.992E+03	 5.000E+03	 4.309E+01
   49.5250	 2.000E+01	 1.745E+01	 1.210E+01	 0.000E+00	 2.747E+04	 4.180E+03	 3.987E+03	 5.000E+03	 4.309E+01
   49.5375	 2.000E+01	 1.745E+01	 1.210E+01	 0.000E+00	 2.747E+04	 4.180E+03	 3.981E+03	 5.000E+03	 4.309E+01
   49.5500	 2.000E+01	 1.745E+01	 1.210E+01	 0.000E+00	 2.747E+04	 4.180E+03	 3.976E+03	 5.000E+03	 4.309E+01
   49.5625	 2.000E+01	 1.745E+01	 1.210E+01	 0.000E+00	 2.747E+04	 4.180E+03	 3.971E+03	 5.000E+03	 4.309E+01
   49.5750	 2.000E+01	 1.745E+01	 1.210E+01	 0.000E+00	 2.747E+04	 4.180E+03	 3.965E+03	 5.000E+03	 4.309E+01
   49.5875	 2.000E+01	 1.745E+01	 1.210E+01	 0.000E+00	 2.747E+04	 4.180E+03	 3.960E+03	 5.000E+03	 4.309E+01
   49.6000	 2.000E+01	 1.745E+01	 1.210E+01	 0.000E+00	 2.747E+04	 4.180E+03	 3.955E+03	 5.000E+03	 4.309E+01
   49.6125	 2.000E+01	 1.745E+01	 1.210E+01	 0.000E+00	 2.747E+04	 4.180E+03	 3.950E+03	 5.000E+03	 4.309E+01
   49.6250	 2.000E+01	 1.745E+01	 1.210E+01	 0.000E+00	 2.747E+04	 4.180E+03	 3.945E+03	 5.000E+03	 4.309E+01
   49.6375	 2.000E+01	 1.745E+01	 1.210E+01	 0.000E+00	 2.747E+04	 4.180E+03	 3.940E+03	 5.000E+03	 4.309E+01
   49.6500	 2.000E+01	 1.745E+01	 1.210E+01	 0.000E+00	 2.747E+04	 4.180E+03	 3.935E+03	 5.000E+03	 4.309E+01
   49.6625	 2.000E+01	 1.745E+01	 1.210E+01	 0.000E+00	 2.747E+04	 4.180E+03	 3.930E+03	 5.000E+03	 4.309E+01
   49.6750	 2.000E+01	 1.745E+01	 1.210E+01	 0.000E+00	 2.747E+04	 4.180E+03	 3.925E+03	 5.000E+03	 4.309E+01
   49.6875	 2.000E+01	 1.745E+01	 1.210E+01	 0.000E+00	 2.747E+04	 4.180E+03	 3.920E+03	 5.000E+03	 4.309E+01
   49.7000	 2.000E+01	 1.745E+01	 1.210E+01	 0.000E+00	 2.747E+04	 4.180E+03	 3.916E+03	 5.000E+03	 4.309E+01
   49.7125	 2.000E+01	 1.745E+01	 1.210E+01	 0.000E+00	 2.747E+04	 4.180E+03	 3.911E+03	 5.000E+03	 4.309E+01
   49.7250	 2.000E+01	 1.745E+01	 1.210E+01	 0.000E+00	 2.746E+04	 4.180E+03	 3.907E+03	 5.000E+03	 4.309E+01
   49.7375	 2.000E+01	 1.745E+01	 1.210E+01	 0.000E+00	 2.746E+04	 4.180E+03	 3.902E+03	 5.000E+03	 4.309E+01
   49.7500	 2.000E+01	 1.745E+01	 1.210E+01	 0.000E+00	 2.746E+04	 4.180E+03	 3.898E+03	 5.000E+03	 4.309E+01
   49.7625	 2.000E+01	 1.745E+01	 1.210E+01	 0.000E+00	 2.746E+04	 4.180E+03	 3.894E+03	 5.000E+03	 4.309E+01
   49.7750	 2.000E+01	 1.745E+01	 1.210E+01	 0.000E+00	 2.746E+04	 4.180E+03	 3.889E+03	 5.000E+03	 4.309E+01
   49.7875	 2.000E+01	 1.745E+01	 1.210E+01	 0.000E+00	 2.746E+04	 4.180E+03	 3.885E+03	 5.000E+03	 4.309E+01
   49.8000	 2.000E+01	 1.745E+01	 1.210E+01	 0.000E+00	 2.746E+04	 4.180E+03	 3.881E+03	 5.000E+03	 4.309E+01
   49.8125	 2.000E+01	 1.745E+01	 1.210E+01	 0.000E+00	 2.746E+04	 4.180E+03	 3.878E+03	 5.000E+03	 4.309E+01
   49.8250	 2.000E+01	 1.745E+01	 1.210E+01	 0.000E+00	 2.746E+04	 4.180E+03	 3.874E+03	 5.000E+03	 4.309E+01
   49.8375	 2.000E+01	 1.745E+01	 1.210E+01	 0.000E+00	 2.746E+04	 4.180E+03	 3.870E+03	 5.000E+03	 4.309E+01
   49.8500	 2.000E+01	 1.745E+01	 1.210E+01	 0.000E+00	 2.746E+04	 4.180E+03	 3.866E+03	 5.000E+03	 4.309E+01
   49.8625	 2.000E+01	 1.745E+01	 1.210E+01	 0.000E+00	 2.746E+04	 4.180E+03	 3.863E+03	 5.000E+03	 4.309E+01
   49.8750	 2.000E+01	 1.745E+01	 1.210E+01	 0.000E+00	 2.746E+04	 4.180E+03	 3.859E+03	 5.000E+03	 4.309E+01
   49.8875	 2.000E+01	 1.745E+01	 1.210E+01	 0.000E+00	 2.746E+04	 4.180E+03	 3.856E+03	 5.000E+03	 4.309E+01
   49.9000	 2.000E+01	 1.745E+01	 1.210E+01	 0.000E+00	 2.746E+04	 4.180E+03	 3.853E+03	 5.000E+03	 4.309E+01
   49.9125	 2.000E+01	 1.745E+01	 1.210E+01	 0.000E+00	 2.746E+04	 4.180E+03	 3.850E+03	 5.000E+03	 4.309E+01
   49.9250	 2.000E+01	 1.745E+01	 1.210E+01	 0.000E+00	 2.746E+04	 4.180E+03	 3.847E+03	 5.000E+03	 4.309E+01
   49.9375	 2.000E+01	 1.745E+01	 1.210E+01	 0.000E+00	 2.746E+04	 4.180E+03	 3.844E+03	 5.000E+03	 4.309E+01
   49.9500	 2.000E+01	 1.745E+01	 1.210E+01	 0.000E+00	 2.746E+04	 4.180E+03	 3.841E+03	 5.000E+03	 4.309E+01
   49.9625	 2.000E+01	 1.745E+01	 1.210E+01	 0.000E+00	 2.746E+04	 4.180E+03	 3.838E+03	 5.000E+03	 4.309E+01
   49.9750	 2.000E+01	 1.745E+01	 1.210E+01	 0.000E+00	 2.746E+04	 4.180E+03	 3.835E+03	 5.000E+03	 4.309E+01
   49.9875	 2.000E+01	 1.745E+01	 1.210E+01	 0.000E+00	 2.746E+04	 4.180E+03	 3.833E+03	 5.000E+03	 4.309E+01
   50.0000	 2.000E+01	 1.745E+01	 1.210E+01	 0.000E+00	 2.746E+04	 4.180E+03	 3.830E+03	 5.000E+03	 4.309E+01
   50.0125	 2.000E+01	 1.745E+01	 1.210E+01	 0.000E+00	 2.746E+04	 4.180E+03	 3.828E+03	 5.000E+03	 4.309E+01
   50.0250	 2.000E+01	 1.745E+01	 1.210E+01	 0.000E+00	 2.746E+04	 4.180E+03	 3.825E+03	 5.000E+03	 4.309E+01
   50.0375	 2.000E+01	 1.745E+01	 1.210E+01	 0.000E+00	 2.746E+04	 4.180E+03	 3.823E+03	 5.000E+03	 4.309E+01
   50.0500	 2.000E+01	 1.745E+01	 1.210E+01	 0.000E+00	 2.746E+04	 4.180E+03	 3.821E+03	 5.000E+03	 4.309E+01
   50.0625	 2.000E+01	 1.745E+01	 1.210E+01	 0.000E+00	 2.746E+04	 4.180E+03	 3.819E+03	 5.000E+03	 4.309E+01
   50.0750	 2.000E+01	 1.745E+01	 1.210E+01	 0.000E+00	 2.746E+04	 4.180E+03	 3.817E+03	 5.000E+03	 4.309E+01
   50.0875	 2.000E+01	 1.745E+01	 1.210E+01	 0.000E+00	 2.746E+04	 4.180E+03	 3.815E+03	 5.000E+03	 4.309E+01
   50.1000	 2.000E+01	 1.745E+01	 1.210E+01	 0.000E+00	 2.746E+04	 4.180E+03	 3.814E+03	 5.000E+03	 4.309E+01
   50.1125	 2.000E+01	 1.745E+01	 1.210E+01	 0.000E+00	 2.746E+04	 4.180E+03	 3.812E+03	 5.000E+03	 4.309E+01
   50.1250	 2.000E+01	 1.745E+01	 1.210E+01	 0.000E+00	 2.746E+04	 4.180E+03	 3.810E+03	 5.000E+03	 4.309E+01
   50.1375	 2.000E+01	 1.745E+01	 1.210E+01	 0.000E+00	 2.746E+04	 4.180E+03	 3.809E+03	 5.000E+03	 4.309E+01
   50.1500	 2.000E+01	 1.745E+01	 1.210E+01	 0.000E+00	 2.746E+04	 4.180E+03	 3.808E+03	 5.000E+03	 4.309E+01
   50.1625	 2.000E+01	 1.745E+01	 1.210E+01	 0.000E+00	 2.746E+04	 4.180E+03	 3.807E+03	 5.000E+03	 4.309E+01
   50.1750	 2.000E+01	 1.745E+01	 1.210E+01	 0.000E+00	 2.746E+04	 4.180E+03	 3.806E+03	 5.000E+03	 4.309E+01
   50.1875	 2.000E+01	 1.745E+01	 1.210E+01	 0.000E+00	 2.747E+04	 4.180E+03	 3.805E+03	 5.000E+03	 4.309E+01
   50.2000	 2.000E+01	 1.745E+01	 1.210E+01	 0.000E+00	 2.747E+04	 4.180E+03	 3.804E+03	 5.000E+03	 4.309E+01
   50.2125	 2.000E+01	 1.745E+01	 1.210E+01	 0.000E+00	 2.747E+04	 4.180E+03	 3.803E+03	 5.000E+03	 4.309E+01
   50.2250	 2.000E+01	 1.745E+01	 1.210E+01	 0.000E+00	 2.747E+04	 4.180E+03	 3.802E+03	 5.000E+03	 4.309E+01
   50.2375	 2.000E+01	 1.745E+01	 1.210E+01	 0.000E+00	 2.747E+04	 4.180E+03	 3.802E+03	 5.000E+03	 4.309E+01
   50.2500	 2.000E+01	 1.745E+01	 1.210E+01	 0.000E+00	 2.747E+04	 4.180E+03	 3.801E+03	 5.000E+03	 4.309E+01
   50.2625	 2.000E+01	 1.745E+01	 1.210E+01	 0.000E+00	 2.747E+04	 4.180E+03	 3.801E+03	 5.000E+03	 4.309E+01
   50.2750	 2.000E+01	 1.745E+01	 1.210E+01	 0.000E+00	 2.747E+04	 4.180E+03	 3.801E+03	 5.000E+03	 4.309E+01
   50.2875	 2.000E+01	 1.745E+01	 1.210E+01	 0.000E+00	 2.747E+04	 4.180E+03	 3.801E+03	 5.000E+03	 4.309E+01
   50.3000	 2.000E+01	 1.745E+01	 1.210E+01	 0.000E+00	 2.747E+04	 4.180E+03	 3.801E+03	 5.000E+03	 4.309E+01
   50.3125	 2.000E+01	 1.745E+01	 1.210E+01	 0.000E+00	 2.747E+04	 4.180E+03	 3.801E+03	 5.000E+03	 4.309E+01
   50.3250	 2.000E+01	 1.745E+01	 1.210E+01	 0.000E+00	 2.747E+04	 4.180E+03	 3.801E+03	 5.000E+03	 4.309E+01
   50.3375	 2.000E+01	 1.745E+01	 1.210E+01	 0.000E+00	 2.747E+04	 4.180E+03	 3.802E+03	 5.000E+03	 4.309E+01
   50.3500	 2.000E+01	 1.745E+01	 1.210E+01	 0.000E+00	 2.748E+04	 4.180E+03	 3.802E+03	 5.000E+03	 4.309E+01
   50.3625	 2.000E+01	 1.745E+01	 1.210E+01	 0.000E+00	 2.748E+04	 4.180E+03	 3.803E+03	 5.000E+03	 4.309E+01
   50.3750	 2.000E+01	 1.745E+01	 1.210E+01	 0.000E+00	 2.748E+04	 4.180E+03	 3.803E+03	 5.000E+03	 4.309E+01
   50.3875	 2.000E+01	 1.745E+01	 1.210E+01	 0.000E+00	 2.748E+04	 4.180E+03	 3.804E+03	 5.000E+03	 4.309E+01
   50.4000	 2.000E+01	 1.745E+01	 1.210E+01	 0.000E+00	 2.748E+04	 4.180E+03	 3.805E+03	 5.000E+03	 4.309E+01
   50.4125	 2.000E+01	 1.745E+01	 1.210E+01	 0.000E+00	 2.748E+04	 4.180E+03	 3.806E+03	 5.000E+03	 4.309E+01
   50.4250	 2.000E+01	 1.745E+01	 1.210E+01	 0.000E+00	 2.748E+04	 4.180E+03	 3.807E+03	 5.000E+03	 4.309E+01
   50.4375	 2.000E+01	 1.745E+01	 1.210E+01	 0.000E+00	 2.748E+04	 4.180E+03	 3.808E+03	 5.000E+03	 4.309E+01
   50.4500	 2.000E+01	 1.745E+01	 1.210E+01	 0.000E+00	 2.748E+04	 4.180E+03	 3.809E+03	 5.000E+03	 4.309E+01
   50.4625	 2.000E+01	 1.745E+01	 1.210E+01	 0.000E+00	 2.748E+04	 4.180E+03	 3.811E+03	 5.000E+03	 4.309E+01
   50.4750	 2.000E+01	 1.745E+01	 1.210E+01	 0.000E+00	 2.748E+04	 4.180E+03	 3.812E+03	 5.000E+03	 4.309E+01
   50.4875	 2.000E+01	 1.745E+01	 1.210E+01	 0.000E+00	 2.748E+04	 4.180E+03	 3.814E+03	 5.000E+03	 4.309E+01
   50.5000	 2.000E+01	 1.745E+01	 1.210E+01	 0.000E+00	 2.748E+04	 4.180E+03	 3.816E+03	 5.000E+03	 4.309E+01
   50.5125	 2.000E+01	 1.745E+01	 1.210E+01	 0.000E+00	 2.748E+04	 4.180E+03	 3.818E+03	 5.000E+03	 4.309E+01
   50.5250	 2.000E+01	 1.745E+01	 1.210E+01	 0.000E+00	 2.748E+04	 4.180E+03	 3.820E+03	 5.000E+03	 4.309E+01
   50.5375	 2.000E+01	 1.745E+01	 1.210E+01	 0.000E+00	 2.748E+04	 4.180E+03	 3.822E+03	 5.000E+03	 4.309E+01
   50.5500	 2.000E+01	 1.745E+01	 1.210E+01	 0.000E+00	 2.749E+04	 4.180E+03	 3.824E+03	 5.000E+03	 4.309E+01
   50.5625	 2.000E+01	 1.745E+01	 1.210E+01	 0.000E+00	 2.749E+04	 4.180E+03	 3.826E+03	 5.000E+03	 4.309E+01
   50.5750	 2.000E+01	 1.745E+01	 1.210E+01	 0.000E+00	 2.749E+04	 4.180E+03	 3.829E+03	 5.000E+03	 4.309E+01
   50.5875	 2.000E+01	 1.745E+01	 1.210E+01	 0.000E+00	 2.749E+04	 4.180E+03	 3.831E+03	 5.000E+03	 4.309E+01
   50.6000	 2.000E+01	 1.745E+01	 1.210E+01	 0.000E+00	 2.749E+04	 4.180E+03	 3.834E+03	 5.000E+03	 4.309E+01
   50.6125	 2.000E+01	 1.745E+01	 1.210E+01	 0.000E+00	 2.749E+04	 4.180E+03	 3.837E+03	 5.000E+03	 4.309E+01
   50.6250	 2.000E+01	 1.745E+01	 1.210E+01	 0.000E+00	 2.749E+04	 4.180E+03	 3.839E+03	 5.000E+03	 4.309E+01
   50.6375	 2.000E+01	 1.745E+01	 1.210E+01	 0.000E+00	 2.749E+04	 4.180E+03	 3.842E+03	 5.000E+03	 4.309E+01
   50.6500	 2.000E+01	 1.745E+01	 1.210E+01	 0.000E+00	 2.749E+04	 4.180E+03	 3.845E+03	 5.000E+03	 4.309E+01
   50.6625	 2.000E+01	 1.745E+01	 1.210E+01	 0.000E+00	 2.749E+04	 4.180E+03	 3.849E+03	 5.000E+03	 4.309E+01
   50.6750	 2.000E+01	 1.745E+01	 1.210E+01	 0.000E+00	 2.749E+04	 4.180E+03	 3.852E+03	 5.000E+03	 4.309E+01
   50.6875	 2.000E+01	 1.745E+01	 1.210E+01	 0.000E+00	 2.749E+04	 4.180E+03	 3.855E+03	 5.000E+03	 4.309E+01
   50.7000	 2.000E+01	 1.745E+01	 1.210E+01	 0.000E+00	 2.749E+04	 4.180E+03	 3.859E+03	 5.000E+03	 4.309E+01
   50.7125	 2.000E+01	 1.745E+01	 1.210E+01	 0.000E+00	 2.749E+04	 4.180E+03	 3.862E+03	 5.000E+03	 4.309E+01
   50.7250	 2.000E+01	 1.745E+01	 1.210E+01	 0.000E+00	 2.749E+04	 4.180E+03	 3.866E+03	 5.000E+03	 4.309E+01
   50.7375	 2.000E+01	 1.745E+01	 1.210E+01	 0.000E+00	 2.749E+04	 4.180E+03	 3.869E+03	 5.000E+03	 4.309E+01
   50.7500	 2.000E+01	 1.745E+01	 1.210E+01	 0.000E+00	 2.749E+04	 4.180E+03	 3.873E+03	 5.000E+03	 4.309E+01
   50.7625	 2.000E+01	 1.745E+01	 1.210E+01	 0.000E+00	 2.749E+04	 4.180E+03	 3.877E+03	 5.000E+03	 4.309E+01
   50.7750	 2.000E+01	 1.745E+01	 1.210E+01	 0.000E+00	 2.749E+04	 4.180E+03	 3.881E+03	 5.000E+03	 4.309E+01
   50.7875	 2.000E+01	 1.745E+01	 1.210E+01	 0.000E+00	 2.749E+04	 4.180E+03	 3.885E+03	 5.000E+03	 4.309E+01
   50.8000	 2.000E+01	 1.745E+01	 1.210E+01	 0.000E+00	 2.749E+04	 4.180E+03	 3.890E+03	 5.000E+03	 4.309E+01
   50.8125	 2.000E+01	 1.745E+01	 1.210E+01	 0.000E+00	 2.749E+04	 4.180E+03	 3.894E+03	 5.000E+03	 4.309E+01
   50.8250	 2.000E+01	 1.745E+01	 1.210E+01	 0.000E+00	 2.749E+04	 4.180E+03	 3.898E+03	 5.000E+03	 4.309E+01
   50.8375	 2.000E+01	 1.745E+01	 1.210E+01	 0.000E+00	 2.749E+04	 4.180E+03	 3.903E+03	 5.000E+03	 4.309E+01
   50.8500	 2.000E+01	 1.745E+01	 1.210E+01	 0.000E+00	 2.749E+04	 4.180E+03	 3.907E+03	 5.000E+03	 4.309E+01
   50.8625	 2.000E+01	 1.745E+01	 1.210E+01	 0.000E+00	 2.749E+04	 4.180E+03	 3.912E+03	 5.000E+03	 4.309E+01
   50.8750	 2.000E+01	 1.745E+01	 1.210E+01	 0.000E+00	 2.749E+04	 4.180E+03	 3.917E+03	 5.000E+03	 4.309E+01
   50.8875	 2.000E+01	 1.745E+01	 1.210E+01	 0.000E+00	 2.749E+04	 4.180E+03	 3.921E+03	 5.000E+03	 4.309E+01
   50.9000	 2.000E+01	 1.745E+01	 1.210E+01	 0.000E+00	 2.749E+04	 4.180E+03	 3.926E+03	 5.000E+03	 4.309E+01
   50.9125	 2.000E+01	 1.745E+01	 1.210E+01	 0.000E+00	 2.749E+04	 4.180E+03	 3.931E+03	 5.000E+03	 4.309E+01
   50.9250	 2.000E+01	 1.745E+01	 1.210E+01	 0.000E+00	 2.749E+04	 4.180E+03	 3.936E+03	 5.000E+03	 4.309E+01
   50.9375	 2.000E+01	 1.745E+01	 1.210E+01	 0.000E+00	 2.748E+04	 4.180E+03	 3.941E+03	 5.000E+03	 4.309E+01
   50.9500	 2.000E+01	 1.745E+01	 1.210E+01	 0.000E+00	 2.748E+04	 4.180E+03	 3.947E+03	 5.000E+03	 4.309E+01
   50.9625	 2.000E+01	 1.745E+01	 1.210E+01	 0.000E+00	 2.748E+04	 4.180E+03	 3.952E+03	 5.000E+03	 4.309E+01
   50.9750	 2.000E+01	 1.745E+01	 1.210E+01	 0.000E+00	 2.748E+04	 4.180E+03	 3.957E+03	 5.000E+03	 4.309E+01
   50.9875	 2.000E+01	 1.745E+01	 1.210E+01	 0.000E+00	 2.748E+04	 4.180E+03	 3.963E+03	 5.000E+03	 4.309E+01
   51.0000	 2.000E+01	 1.745E+01	 1.210E+01	 0.000E+00	 2.748E+04	 4.180E+03	 3.968E+03	 5.000E+03	 4.309E+01
   51.0125	 2.000E+01	 1.745E+01	 1.210E+01	 0.000E+00	 2.748E+04	 4.180E+03	 3.974E+03	 5.000E+03	 4.309E+01
   51.0250	 2.000E+01	 1.745E+01	 1.210E+01	 0.000E+00	 2.748E+04	 4.180E+03	 3.979E+03	 5.000E+03	 4.309E+01
   51.0375	 2.000E+01	 1.745E+01	 1.210E+01	 0.000E+00	 2.748E+04	 4.180E+03	 3.985E+03	 5.000E+03	 4.309E+01
   51.0500	 2.000E+01	 1.745E+01	 1.210E+01	 0.000E+00	 2.748E+04	 4.180E+03	 3.991E+03	 5.000E+03	 4.309E+01
   51.0625	 2.000E+01	 1.745E+01	 1.210E+01	 0.000E+00	 2.748E+04	 4.180E+03	 3.996E+03	 5.000E+03	 4.309E+01
   51.0750	 2.000E+01	 1.745E+01	 1.210E+01	 0.000E+00	 2.748E+04	 4.180E+03	 4.002E+03	 5.000E+03	 4.309E+01
   51.0875	 2.000E+01	 1.745E+01	 1.210E+01	 0.000E+00	 2.748E+04	 4.180E+03	 4.008E+03	 5.000E+03	 4.309E+01
   51.1000	 2.000E+01	 1.745E+01	 1.210E+01	 0.000E+00	 2.748E+04	 4.180E+03	 4.014E+03	 5.000E+03	 4.309E+01
   51.1125	 2.000E+01	 1.745E+01	 1.210E+01	 0.000E+00	 2.748E+04	 4.180E+03	 4.020E+03	 5.000E+03	 4.309E+01
   51.1250	 2.000E+01	 1.745E+01	 1.210E+01	 0.000E+00	 2.748E+04	 4.180E+03	 4.026E+03	 5.000E+03	 4.309E+01
   51.1375	 2.000E+01	 1.745E+01	 1.210E+01	 0.000E+00	 2.748E+04	 4.180E+03	 4.032E+03	 5.000E+03	 4.309E+01
   51.1500	 2.000E+01	 1.745E+01	 1.210E+01	 0.000E+00	 2.748E+04	 4.180E+03	 4.039E+03	 5.000E+03	 4.309E+01
   51.1625	 2.000E+01	 1.745E+01	 1.210E+01	 0.000E+00	 2.748E+04	 4.180E+03	 4.045E+03	 5.000E+03	 4.309E+01
   51.1750	 2.000E+01	 1.745E+01	 1.210E+01	 0.000E+00	 2.747E+04	 4.180E+03	 4.051E+03	 5.000E+03	 4.309E+01
   51.1875	 2.000E+01	 1.745E+01	 1.210E+01	 0.000E+00	 2.747E+04	 4.180E+03	 4.058E+03	 5.000E+03	 4.309E+01
   51.2000	 2.000E+01	 1.745E+01	 1.210E+01	 0.000E+00	 2.747E+04	 4.180E+03	 4.064E+03	 5.000E+03	 4.309E+01
   51.2125	 2.000E+01	 1.745E+01	 1.210E+01	 0.000E+00	 2.747E+04	 4.180E+03	 4.070E+03	 5.000E+03	 4.309E+01
   51.2250	 2.000E+01	 1.745E+01	 1.210E+01	 0.000E+00	 2.747E+04	 4.180E+03	 4.077E+03	 5.000E+03	 4.309E+01
   51.2375	 2.000E+01	 1.745E+01	 1.210E+01	 0.000E+00	 2.747E+04	 4.180E+03	 4.083E+03	 5.000E+03	 4.309E+01
   51.2500	 2.000E+01	 1.745E+01	 1.210E+01	 0.000E+00	 2.747E+04	 4.180E+03	 4.090E+03	 5.000E+03	 4.309E+01
   51.2625	 2.000E+01	 1.745E+01	 1.210E+01	 0.000E+00	 2.747E+04	 4.180E+03	 4.096E+03	 5.000E+03	 4.309E+01
   51.2750	 2.000E+01	 1.745E+01	 1.210E+01	 0.000E+00	 2.747E+04	 4.180E+03	 4.103E+03	 5.000E+03	 4.309E+01
   51.2875	 2.000E+01	 1.745E+01	 1.210E+01	 0.000E+00	 2.747E+04	 4.180E+03	 4.110E+03	 5.000E+03	 4.309E+01
   51.3000	 2.000E+01	 1.745E+01	 1.210E+01	 0.000E+00	 2.747E+04	 4.180E+03	 4.116E+03	 5.000E+03	 4.309E+01
   51.3125	 2.000E+01	 1.745E+01	 1.210E+01	 0.000E+00	 2.747E+04	 4.180E+03	 4.123E+03	 5.000E+03	 4.309E+01
   51.3250	 2.000E+01	 1.745E+01	 1.210E+01	 0.000E+00	 2.747E+04	 4.180E+03	 4.130E+03	 5.000E+03	 4.309E+01
   51.3375	 2.000E+01	 1.745E+01	 1.210E+01	 0.000E+00	 2.747E+04	 4.180E+03	 4.136E+03	 5.000E+03	 4.309E+01
   51.3500	 2.000E+01	 1.745E+01	 1.210E+01	 0.000E+00	 2.747E+04	 4.180E+03	 4.143E+03	 5.000E+03	 4.309E+01
   51.3625	 2.000E+01	 1.745E+01	 1.210E+01	 0.000E+00	 2.747E+04	 4.180E+03	 4.150E+03	 5.000E+03	 4.309E+01
   51.3750	 2.000E+01	 1.745E+01	 1.210E+01	 0.000E+00	 2.746E+04	 4.180E+03	 4.156E+03	 5.000E+03	 4.309E+01
   51.3875	 2.000E+01	 1.745E+01	 1.210E+01	 0.000E+00	 2.746E+04	 4.180E+03	 4.163E+03	 5.000E+03	 4.309E+01
   51.4000	 2.000E+01	 1.745E+01	 1.210E+01	 0.000E+00	 2.746E+04	 4.180E+03	 4.170E+03	 5.000E+03	 4.309E+01
   51.4125	 2.000E+01	 1.745E+01	 1.210E+01	 0.000E+00	 2.746E+04	 4.180E+03	 4.177E+03	 5.000E+03	 4.309E+01
   51.4250	 2.000E+01	 1.745E+01	 1.210E+01	 0.000E+00	 2.746E+04	 4.180E+03	 4.184E+03	 5.000E+03	 4.309E+01
   51.4375	 2.000E+01	 1.745E+01	 1.210E+01	 0.000E+00	 2.746E+04	 4.180E+03	 4.191E+03	 5.000E+03	 4.309E+01
   51.4500	 2.000E+01	 1.745E+01	 1.210E+01	 0.000E+00	 2.746E+04	 4.180E+03	 4.197E+03	 5.000E+03	 4.309E+01
   51.4625	 2.000E+01	 1.745E+01	 1.210E+01	 0.000E+00	 2.746E+04	 4.180E+03	 4.204E+03	 5.000E+03	 4.309E+01
   51.4750	 2.000E+01	 1.745E+01	 1.210E+01	 0.000E+00	 2.746E+04	 4.180E+03	 4.211E+03	 5.000E+03	 4.309E+01
   51.4875	 2.000E+01	 1.745E+01	 1.210E+01	 0.000E+00	 2.746E+04	 4.180E+03	 4.218E+03	 5.000E+03	 4.309E+01
   51.5000	 2.000E+01	 1.745E+01	 1.210E+01	 0.000E+00	 2.746E+04	 4.180E+03	 4.225E+03	 5.000E+03	 4.309E+01
   51.5125	 2.000E+01	 1.745E+01	 1.210E+01	 0.000E+00	 2.746E+04	 4.180E+03	 4.232E+03	 5.000E+03	 4.309E+01
   51.5250	 2.000E+01	 1.745E+01	 1.210E+01	 0.000E+00	 2.746E+04	 4.180E+03	 4.239E+03	 5.000E+03	 4.309E+01
   51.5375	 2.000E+01	 1.745E+01	 1.210E+01	 0.000E+00	 2.746E+04	 4.180E+03	 4.245E+03	 5.000E+03	 4.309E+01
   51.5500	 2.000E+01	 1.745E+01	 1.210E+01	 0.000E+00	 2.746E+04	 4.180E+03	 4.252E+03	 5.000E+03	 4.309E+01
   51.5625	 2.000E+01	 1.745E+01	 1.210E+01	 0.000E+00	 2.746E+04	 4.180E+03	 4.259E+03	 5.000E+03	 4.309E+01
   51.5750	 2.000E+01	 1.745E+01	 1.210E+01	 0.000E+00	 2.746E+04	 4.180E+03	 4.266E+03	 5.000E+03	 4.309E+01
   51.5875	 2.000E+01	 1.745E+01	 1.210E+01	 0.000E+00	 2.746E+04	 4.180E+03	 4.273E+03	 5.000E+03	 4.309E+01
   51.6000	 2.000E+01	 1.745E+01	 1.210E+01	 0.000E+00	 2.746E+04	 4.180E+03	 4.280E+03	 5.000E+03	 4.309E+01
   51.6125	 2.000E+01	 1.745E+01	 1.210E+01	 0.000E+00	 2.746E+04	 4.180E+03	 4.286E+03	 5.000E+03	 4.309E+01
   51.6250	 2.000E+01	 1.745E+01	 1.210E+01	 0.000E+00	 2.746E+04	 4.180E+03	 4.293E+03	 5.000E+03	 4.309E+01
   51.6375	 2.000E+01	 1.745E+01	 1.210E+01	 0.000E+00	 2.746E+04	 4.180E+03	 4.300E+03	 5.000E+03	 4.309E+01
   51.6500	 2.000E+01	 1.745E+01	 1.210E+01	 0.000E+00	 2.746E+04	 4.180E+03	 4.307E+03	 5.000E+03	 4.309E+01
   51.6625	 2.000E+01	 1.745E+01	 1.210E+01	 0.000E+00	 2.746E+04	 4.180E+03	 4.313E+03	 5.000E+03	 4.309E+01
   51.6750	 2.000E+01	 1.745E+01	 1.210E+01	 0.000E+00	 2.746E+04	 4.180E+03	 4.320E+03	 5.000E+03	 4.309E+01
   51.6875	 2.000E+01	 1.745E+01	 1.210E+01	 0.000E+00	 2.746E+04	 4.180E+03	 4.327E+03	 5.000E+03	 4.309E+01
   51.7000	 2.000E+01	 1.745E+01	 1.210E+01	 0.000E+00	 2.746E+04	 4.180E+03	 4.333E+03	 5.000E+03	 4.309E+01
   51.7125	 2.000E+01	 1.745E+01	 1.210E+01	 0.000E+00	 2.746E+04	 4.180E+03	 4.340E+03	 5.000E+03	 4.309E+01
   51.7250	 2.000E+01	 1.745E+01	 1.210E+01	 0.000E+00	 2.746E+04	 4.180E+03	 4.346E+03	 5.000E+03	 4.309E+01
   51.7375	 2.000E+01	 1.745E+01	 1.210E+01	 0.000E+00	 2.746E+04	 4.180E+03	 4.353E+03	 5.000E+03	 4.309E+01
   51.7500	 2.000E+01	 1.745E+01	 1.210E+01	 0.000E+00	 2.746E+04	 4.180E+03	 4.359E+03	 5.000E+03	 4.309E+01
   51.7625	 2.000E+01	 1.745E+01	 1.210E+01	 0.000E+00	 2.746E+04	 4.180E+03	 4.365E+03	 5.000E+03	 4.309E+01
   51.7750	 2.000E+01	 1.745E+01	 1.210E+01	 0.000E+00	 2.746E+04	 4.180E+03	 4.372E+03	 5.000E+03	 4.309E+01
   51.7875	 2.000E+01	 1.745E+01	 1.210E+01	 0.000E+00	 2.746E+04	 4.180E+03	 4.378E+03	 5.000E+03	 4.309E+01
   51.8000	 2.000E+01	 1.745E+01	 1.210E+01	 0.000E+00	 2.746E+04	 4.180E+03	 4.384E+03	 5.000E+03	 4.309E+01
   51.8125	 2.000E+01	 1.745E+01	 1.210E+01	 0.000E+00	 2.746E+04	 4.180E+03	 4.390E+03	 5.000E+03	 4.309E+01
   51.8250	 2.000E+01	 1.745E+01	 1.210E+01	 0.000E+00	 2.746E+04	 4.180E+03	 4.397E+03	 5.000E+03	 4.309E+01
   51.8375	 2.000E+01	 1.745E+01	 1.210E+01	 0.000E+00	 2.747E+04	 4.180E+03	 4.403E+03	 5.000E+03	 4.309E+01
   51.8500	 2.000E+01	 1.745E+01	 1.210E+01	 0.000E+00	 2.747E+04	 4.180E+03	 4.409E+03	 5.000E+03	 4.309E+01
   51.8625	 2.000E+01	 1.745E+01	 1.210E+01	 0.000E+00	 2.747E+04	 4.180E+03	 4.415E+03	 5.000E+03	 4.309E+01
   51.8750	 2.000E+01	 1.745E+01	 1.210E+01	 0.000E+00	 2.747E+04	 4.180E+03	 4.420E+03	 5.000E+03	 4.309E+01
   51.8875	 2.000E+01	 1.745E+01	 1.210E+01	 0.000E+00	 2.747E+04	 4.180E+03	 4.426E+03	 5.000E+03	 4.309E+01
   51.9000	 2.000E+01	 1.745E+01	 1.210E+01	 0.000E+00	 2.747E+04	 4.180E+03	 4.432E+03	 5.000E+03	 4.309E+01
   51.9125	 2.000E+01	 1.745E+01	 1.210E+01	 0.000E+00	 2.747E+04	 4.180E+03	 4.438E+03	 5.000E+03	 4.309E+01
   51.9250	 2.000E+01	 1.745E+01	 1.210E+01	 0.000E+00	 2.747E+04	 4.180E+03	 4.444E+03	 5.000E+03	 4.309E+01
   51.9375	 2.000E+01	 1.745E+01	 1.210E+01	 0.000E+00	 2.747E+04	 4.180E+03	 4.449E+03	 5.000E+03	 4.309E+01
   51.9500	 2.000E+01	 1.745E+01	 1.210E+01	 0.000E+00	 2.747E+04	 4.180E+03	 4.455E+03	 5.000E+03	 4.309E+01
   51.9625	 2.000E+01	 1.745E+01	 1.210E+01	 0.000E+00	 2.747E+04	 4.180E+03	 4.461E+03	 5.000E+03	 4.309E+01
   51.9750	 2.000E+01	 1.745E+01	 1.210E+01	 0.000E+00	 2.747E+04	 4.180E+03	 4.466E+03	 5.000E+03	 4.309E+01
   51.9875	 2.000E+01	 1.745E+01	 1.210E+01	 0.000E+00	 2.747E+04	 4.180E+03	 4.471E+03	 5.000E+03	 4.309E+01
   52.0000	 2.000E+01	 1.745E+01	 1.210E+01	 0.000E+00	 2.747E+04	 4.180E+03	 4.477E+03	 5.000E+03	 4.309E+01
   52.0125	 2.000E+01	 1.745E+01	 1.210E+01	 0.000E+00	 2.748E+04	 4.180E+03	 4.482E+03	 5.000E+03	 4.309E+01
   52.0250	 2.000E+01	 1.745E+01	 1.210E+01	 0.000E+00	 2.748E+04	 4.180E+03	 4.487E+03	 5.000E+03	 4.309E+01
   52.0375	 2.000E+01	 1.745E+01	 1.210E+01	 0.000E+00	 2.748E+04	 4.180E+03	 4.492E+03	 5.000E+03	 4.309E+01
   52.0500	 2.000E+01	 1.745E+01	 1.210E+01	 0.000E+00	 2.748E+04	 4.180E+03	 4.497E+03	 5.000E+03	 4.309E+01
   52.0625	 2.000E+01	 1.745E+01	 1.210E+01	 0.000E+00	 2.748E+04	 4.180E+03	 4.502E+03	 5.000E+03	 4.309E+01
   52.0750	 2.000E+01	 1.745E+01	 1.210E+01	 0.000E+00	 2.748E+04	 4.180E+03	 4.507E+03	 5.000E+03	 4.309E+01
   52.0875	 2.000E+01	 1.745E+01	 1.210E+01	 0.000E+00	 2.748E+04	 4.180E+03	 4.512E+03	 5.000E+03	 4.309E+01
   52.1000	 2.000E+01	 1.745E+01	 1.210E+01	 0.000E+00	 2.748E+04	 4.180E+03	 4.517E+03	 5.000E+03	 4.309E+01
   52.1125	 2.000E+01	 1.745E+01	 1.210E+01	 0.000E+00	 2.748E+04	 4.180E+03	 4.521E+03	 5.000E+03	 4.309E+01
   52.1250	 2.000E+01	 1.745E+01	 1.210E+01	 0.000E+00	 2.748E+04	 4.180E+03	 4.526E+03	 5.000E+03	 4.309E+01
   52.1375	 2.000E+01	 1.745E+01	 1.210E+01	 0.000E+00	 2.748E+04	 4.180E+03	 4.530E+03	 5.000E+03	 4.309E+01
   52.1500	 2.000E+01	 1.745E+01	 1.210E+01	 0.000E+00	 2.748E+04	 4.180E+03	 4.534E+03	 5.000E+03	 4.309E+01
   52.1625	 2.000E+01	 1.745E+01	 1.210E+01	 0.000E+00	 2.748E+04	 4.180E+03	 4.539E+03	 5.000E+03	 4.309E+01
   52.1750	 2.000E+01	 1.745E+01	 1.210E+01	 0.000E+00	 2.748E+04	 4.180E+03	 4.543E+03	 5.000E+03	 4.309E+01
   52.1875	 2.000E+01	 1.745E+01	 1.210E+01	 0.000E+00	 2.748E+04	 4.180E+03	 4.547E+03	 5.000E+03	 4.309E+01
   52.2000	 2.000E+01	 1.745E+01	 1.210E+01	 0.000E+00	 2.748E+04	 4.180E+03	 4.551E+03	 5.000E+03	 4.309E+01
   52.2125	 2.000E+01	 1.745E+01	 1.210E+01	 0.000E+00	 2.749E+04	 4.180E+03	 4.555E+03	 5.000E+03	 4.309E+01
   52.2250	 2.000E+01	 1.745E+01	 1.210E+01	 0.000E+00	 2.749E+04	 4.180E+03	 4.558E+03	 5.000E+03	 4.309E+01
   52.2375	 2.000E+01	 1.745E+01	 1.210E+01	 0.000E+00	 2.749E+04	 4.180E+03	 4.562E+03	 5.000E+03	 4.309E+01
   52.2500	 2.000E+01	 1.745E+01	 1.210E+01	 0.000E+00	 2.749E+04	 4.180E+03	 4.566E+03	 5.000E+03	 4.309E+01
   52.2625	 2.000E+01	 1.745E+01	 1.210E+01	 0.000E+00	 2.749E+04	 4.180E+03	 4.569E+03	 5.000E+03	 4.309E+01
   52.2750	 2.000E+01	 1.745E+01	 1.210E+01	 0.000E+00	 2.749E+04	 4.180E+03	 4.573E+03	 5.000E+03	 4.309E+01
   52.2875	 2.000E+01	 1.745E+01	 1.210E+01	 0.000E+00	 2.749E+04	 4.180E+03	 4.576E+03	 5.000E+03	 4.309E+01
   52.3000	 2.000E+01	 1.745E+01	 1.210E+01	 0.000E+00	 2.749E+04	 4.180E+03	 4.580E+03	 5.000E+03	 4.309E+01
   52.3125	 2.000E+01	 1.745E+01	 1.210E+01	 0.000E+00	 2.749E+04	 4.180E+03	 4.583E+03	 5.000E+03	 4.309E+01
   52.3250	 2.000E+01	 1.745E+01	 1.210E+01	 0.000E+00	 2.749E+04	 4.180E+03	 4.586E+03	 5.000E+03	 4.309E+01
   52.3375	 2.000E+01	 1.745E+01	 1.210E+01	 0.000E+00	 2.749E+04	 4.180E+03	 4.589E+03	 5.000E+03	 4.309E+01
   52.3500	 2.000E+01	 1.745E+01	 1.210E+01	 0.000E+00	 2.749E+04	 4.180E+03	 4.592E+03	 5.000E+03	 4.309E+01
   52.3625	 2.000E+01	 1.745E+01	 1.210E+01	 0.000E+00	 2.749E+04	 4.180E+03	 4.594E+03	 5.000E+03	 4.309E+01
   52.3750	 2.000E+01	 1.745E+01	 1.210E+01	 0.000E+00	 2.749E+04	 4.180E+03	 4.597E+03	 5.000E+03	 4.309E+01
   52.3875	 2.000E+01	 1.745E+01	 1.210E+01	 0.000E+00	 2.749E+04	 4.180E+03	 4.600E+03	 5.000E+03	 4.309E+01
   52.4000	 2.000E+01	 1.745E+01	 1.210E+01	 0.000E+00	 2.749E+04	 4.180E+03	 4.602E+03	 5.000E+03	 4.309E+01
   52.4125	 2.000E+01	 1.745E+01	 1.210E+01	 0.000E+00	 2.749E+04	 4.180E+03	 4.605E+03	 5.000E+03	 4.309E+01
   52.4250	 2.000E+01	 1.745E+01	 1.210E+01	 0.000E+00	 2.749E+04	 4.180E+03	 4.607E+03	 5.000E+03	 4.309E+01
   52.4375	 2.000E+01	 1.745E+01	 1.210E+01	 0.000E+00	 2.749E+04	 4.180E+03	 4.609E+03	 5.000E+03	 4.309E+01
   52.4500	 2.000E+01	 1.745E+01	 1.210E+01	 0.000E+00	 2.749E+04	 4.180E+03	 4.612E+03	 5.000E+03	 4.309E+01
   52.4625	 2.000E+01	 1.745E+01	 1.210E+01	 0.000E+00	 2.749E+04	 4.180E+03	 4.614E+03	 5.000E+03	 4.309E+01
   52.4750	 2.000E+01	 1.745E+01	 1.210E+01	 0.000E+00	 2.749E+04	 4.180E+03	 4.616E+03	 5.000E+03	 4.309E+01
   52.4875	 2.000E+01	 1.745E+01	 1.210E+01	 0.000E+00	 2.749E+04	 4.180E+03	 4.618E+03	 5.000E+03	 4.309E+01
   52.5000	 2.000E+01	 1.745E+01	 1.210E+01	 0.000E+00	 2.749E+04	 4.180E+03	 4.619E+03	 5.000E+03	 4.309E+01
   52.5125	 2.000E+01	 1.745E+01	 1.210E+01	 0.000E+00	 2.749E+04	 4.180E+03	 4.621E+03	 5.000E+03	 4.309E+01
   52.5250	 2.000E+01	 1.745E+01	 1.210E+01	 0.000E+00	 2.749E+04	 4.180E+03	 4.623E+03	 5.000E+03	 4.309E+01
   52.5375	 2.000E+01	 1.745E+01	 1.210E+01	 0.000E+00	 2.749E+04	 4.180E+03	 4.624E+03	 5.000E+03	 4.309E+01
   52.5500	 2.000E+01	 1.745E+01	 1.210E+01	 0.000E+00	 2.749E+04	 4.180E+03	 4.625E+03	 5.000E+03	 4.309E+01
   52.5625	 2.000E+01	 1.745E+01	 1.210E+01	 0.000E+00	 2.749E+04	 4.180E+03	 4.627E+03	 5.000E+03	 4.309E+01
   52.5750	 2.000E+01	 1.745E+01	 1.210E+01	 0.000E+00	 2.749E+04	 4.180E+03	 4.628E+03	 5.000E+03	 4.309E+01
   52.5875	 2.000E+01	 1.745E+01	 1.210E+01	 0.000E+00	 2.748E+04	 4.180E+03	 4.629E+03	 5.000E+03	 4.309E+01
   52.6000	 2.000E+01	 1.745E+01	 1.210E+01	 0.000E+00	 2.748E+04	 4.180E+03	 4.630E+03	 5.000E+03	 4.309E+01
   52.6125	 2.000E+01	 1.745E+01	 1.210E+01	 0.000E+00	 2.748E+04	 4.180E+03	 4.631E+03	 5.000E+03	 4.309E+01
   52.6250	 2.000E+01	 1.745E+01	 1.210E+01	 0.000E+00	 2.748E+04	 4.180E+03	 4.632E+03	 5.000E+03	 4.309E+01
   52.6375	 2.000E+01	 1.745E+01	 1.210E+01	 0.000E+00	 2.748E+04	 4.180E+03	 4.632E+03	 5.000E+03	 4.309E+01
   52.6500	 2.000E+01	 1.745E+01	 1.210E+01	 0.000E+00	 2.748E+04	 4.180E+03	 4.633E+03	 5.000E+03	 4.309E+01
   52.6625	 2.000E+01	 1.745E+01	 1.210E+01	 0.000E+00	 2.748E+04	 4.180E+03	 4.634E+03	 5.000E+03	 4.309E+01
   52.6750	 2.000E+01	 1.745E+01	 1.210E+01	 0.000E+00	 2.748E+04	 4.180E+03	 4.634E+03	 5.000E+03	 4.309E+01
   52.6875	 2.000E+01	 1.745E+01	 1.210E+01	 0.000E+00	 2.748E+04	 4.180E+03	 4.634E+03	 5.000E+03	 4.309E+01
   52.7000	 2.000E+01	 1.745E+01	 1.210E+01	 0.000E+00	 2.748E+04	 4.180E+03	 4.634E+03	 5.000E+03	 4.309E+01
   52.7125	 2.000E+01	 1.745E+01	 1.210E+01	 0.000E+00	 2.748E+04	 4.180E+03	 4.635E+03	 5.000E+03	 4.309E+01
   52.7250	 2.000E+01	 1.745E+01	 1.210E+01	 0.000E+00	 2.748E+04	 4.180E+03	 4.635E+03	 5.000E+03	 4.309E+01
   52.7375	 2.000E+01	 1.745E+01	 1.210E+01	 0.000E+00	 2.748E+04	 4.180E+03	 4.635E+03	 5.000E+03	 4.309E+01
   52.7500	 2.000E+01	 1.745E+01	 1.210E+01	 0.000E+00	 2.748E+04	 4.180E+03	 4.634E+03	 5.000E+03	 4.309E+01
   52.7625	 2.000E+01	 1.745E+01	 1.210E+01	 0.000E+00	 2.748E+04	 4.180E+03	 4.634E+03	 5.000E+03	 4.309E+01
   52.7750	 2.000E+01	 1.745E+01	 1.210E+01	 0.000E+00	 2.748E+04	 4.180E+03	 4.634E+03	 5.000E+03	 4.309E+01
   52.7875	 2.000E+01	 1.745E+01	 1.210E+01	 0.000E+00	 2.748E+04	 4.180E+03	 4.633E+03	 5.000E+03	 4.309E+01
   52.8000	 2.000E+01	 1.745E+01	 1.210E+01	 0.000E+00	 2.748E+04	 4.180E+03	 4.633E+03	 5.000E+03	 4.309E+01
   52.8125	 2.000E+01	 1.745E+01	 1.210E+01	 0.000E+00	 2.748E+04	 4.180E+03	 4.632E+03	 5.000E+03	 4.309E+01
   52.8250	 2.000E+01	 1.745E+01	 1.210E+01	 0.000E+00	 2.747E+04	 4.180E+03	 4.631E+03	 5.000E+03	 4.309E+01
   52.8375	 2.000E+01	 1.745E+01	 1.210E+01	 0.000E+00	 2.747E+04	 4.180E+03	 4.631E+03	 5.000E+03	 4.309E+01
   52.8500	 2.000E+01	 1.745E+01	 1.210E+01	 0.000E+00	 2.747E+04	 4.180E+03	 4.630E+03	 5.000E+03	 4.309E+01
   52.8625	 2.000E+01	 1.745E+01	 1.210E+01	 0.000E+00	 2.747E+04	 4.180E+03	 4.629E+03	 5.000E+03	 4.309E+01
   52.8750	 2.000E+01	 1.745E+01	 1.210E+01	 0.000E+00	 2.747E+04	 4.180E+03	 4.627E+03	 5.000E+03	 4.309E+01
   52.8875	 2.000E+01	 1.745E+01	 1.210E+01	 0.000E+00	 2.747E+04	 4.180E+03	 4.626E+03	 5.000E+03	 4.309E+01
   52.9000	 2.000E+01	 1.745E+01	 1.210E+01	 0.000E+00	 2.747E+04	 4.180E+03	 4.625E+03	 5.000E+03	 4.309E+01
   52.9125	 2.000E+01	 1.745E+01	 1.210E+01	 0.000E+00	 2.747E+04	 4.180E+03	 4.624E+03	 5.000E+03	 4.309E+01
   52.9250	 2.000E+01	 1.745E+01	 1.210E+01	 0.000E+00	 2.747E+04	 4.180E+03	 4.622E+03	 5.000E+03	 4.309E+01
   52.9375	 2.000E+01	 1.745E+01	 1.210E+01	 0.000E+00	 2.747E+04	 4.180E+03	 4.620E+03	 5.000E+03	 4.309E+01
   52.9500	 2.000E+01	 1.745E+01	 1.210E+01	 0.000E+00	 2.747E+04	 4.180E+03	 4.619E+03	 5.000E+03	 4.309E+01
   52.9625	 2.000E+01	 1.745E+01	 1.210E+01	 0.000E+00	 2.747E+04	 4.180E+03	 4.617E+03	 5.000E+03	 4.309E+01
   52.9750	 2.000E+01	 1.745E+01	 1.210E+01	 0.000E+00	 2.747E+04	 4.180E+03	 4.615E+03	 5.000E+03	 4.309E+01
   52.9875	 2.000E+01	 1.745E+01	 1.210E+01	 0.000E+00	 2.747E+04	 4.180E+03	 4.613E+03	 5.000E+03	 4.309E+01
   53.0000	 2.000E+01	 1.745E+01	 1.210E+01	 0.000E+00	 2.747E+04	 4.180E+03	 4.611E+03	 5.000E+03	 4.309E+01
   53.0125	 2.000E+01	 1.745E+01	 1.210E+01	 0.000E+00	 2.747E+04	 4.180E+03	 4.609E+03	 5.000E+03	 4.309E+01
   53.0250	 2.000E+01	 1.745E+01	 1.210E+01	 0.000E+00	 2.747E+04	 4.180E+03	 4.607E+03	 5.000E+03	 4.309E+01
   53.0375	 2.000E+01	 1.745E+01	 1.210E+01	 0.000E+00	 2.746E+04	 4.180E+03	 4.604E+03	 5.000E+03	 4.309E+01
   53.0500	 2.000E+01	 1.745E+01	 1.210E+01	 0.000E+00	 2.746E+04	 4.180E+03	 4.602E+03	 5.000E+03	 4.309E+01
   53.0625	 2.000E+01	 1.745E+01	 1.210E+01	 0.000E+00	 2.746E+04	 4.180E+03	 4.600E+03	 5.000E+03	 4.309E+01
   53.0750	 2.000E+01	 1.745E+01	 1.210E+01	 0.000E+00	 2.746E+04	 4.180E+03	 4.597E+03	 5.000E+03	 4.309E+01
   53.0875	 2.000E+01	 1.745E+01	 1.210E+01	 0.000E+00	 2.746E+04	 4.180E+03	 4.594E+03	 5.000E+03	 4.309E+01
   53.1000	 2.000E+01	 1.745E+01	 1.210E+01	 0.000E+00	 2.746E+04	 4.180E+03	 4.592E+03	 5.000E+03	 4.309E+01
   53.1125	 2.000E+01	 1.745E+01	 1.210E+01	 0.000E+00	 2.746E+04	 4.180E+03	 4.589E+03	 5.000E+03	 4.309E+01
   53.1250	 2.000E+01	 1.745E+01	 1.210E+01	 0.000E+00	 2.746E+04	 4.180E+03	 4.586E+03	 5.000E+03	 4.309E+01
   53.1375	 2.000E+01	 1.745E+01	 1.210E+01	 0.000E+00	 2.746E+04	 4.180E+03	 4.583E+03	 5.000E+03	 4.309E+01
   53.1500	 2.000E+01	 1.745E+01	 1.210E+01	 0.000E+00	 2.746E+04	 4.180E+03	 4.580E+03	 5.000E+03	 4.309E+01
   53.1625	 2.000E+01	 1.745E+01	 1.210E+01	 0.000E+00	 2.746E+04	 4.180E+03	 4.577E+03	 5.000E+03	 4.309E+01
   53.1750	 2.000E+01	 1.745E+01	 1.210E+01	 0.000E+00	 2.746E+04	 4.180E+03	 4.573E+03	 5.000E+03	 4.309E+01
   53.1875	 2.000E+01	 1.745E+01	 1.210E+01	 0.000E+00	 2.746E+04	 4.180E+03	 4.570E+03	 5.000E+03	 4.309E+01
   53.2000	 2.000E+01	 1.745E+01	 1.210E+01	 0.000E+00	 2.746E+04	 4.180E+03	 4.567E+03	 5.000E+03	 4.309E+01
   53.2125	 2.000E+01	 1.745E+01	 1.210E+01	 0.000E+00	 2.746E+04	 4.180E+03	 4.563E+03	 5.000E+03	 4.309E+01
   53.2250	 2.000E+01	 1.745E+01	 1.210E+01	 0.000E+00	 2.746E+04	 4.180E+03	 4.560E+03	 5.000E+03	 4.309E+01
   53.2375	 2.000E+01	 1.745E+01	 1.210E+01	 0.000E+00	 2.746E+04	 4.180E+03	 4.556E+03	 5.000E+03	 4.309E+01
   53.2500	 2.000E+01	 1.745E+01	 1.210E+01	 0.000E+00	 2.746E+04	 4.180E+03	 4.552E+03	 5.000E+03	 4.309E+01
   53.2625	 2.000E+01	 1.745E+01	 1.210E+01	 0.000E+00	 2.746E+04	 4.180E+03	 4.548E+03	 5.000E+03	 4.309E+01
   53.2750	 2.000E+01	 1.745E+01	 1.210E+01	 0.000E+00	 2.746E+04	 4.180E+03	 4.545E+03	 5.000E+03	 4.309E+01
   53.2875	 2.000E+01	 1.745E+01	 1.210E+01	 0.000E+00	 2.746E+04	 4.180E+03	 4.541E+03	 5.000E+03	 4.309E+01
   53.3000	 2.000E+01	 1.745E+01	 1.210E+01	 0.000E+00	 2.746E+04	 4.180E+03	 4.537E+03	 5.000E+03	 4.309E+01
   53.3125	 2.000E+01	 1.745E+01	 1.210E+01	 0.000E+00	 2.746E+04	 4.180E+03	 4.533E+03	 5.000E+03	 4.309E+01
   53.3250	 2.000E+01	 1.745E+01	 1.210E+01	 0.000E+00	 2.746E+04	 4.180E+03	 4.528E+03	 5.000E+03	 4.309E+01
   53.3375	 2.000E+01	 1.745E+01	 1.210E+01	 0.000E+00	 2.746E+04	 4.180E+03	 4.524E+03	 5.000E+03	 4.309E+01
   53.3500	 2.000E+01	 1.745E+01	 1.210E+01	 0.000E+00	 2.746E+04	 4.180E+03	 4.520E+03	 5.000E+03	 4.309E+01
   53.3625	 2.000E+01	 1.745E+01	 1.210E+01	 0.000E+00	 2.746E+04	 4.180E+03	 4.516E+03	 5.000E+03	 4.309E+01
   53.3750	 2.000E+01	 1.745E+01	 1.210E+01	 0.000E+00	 2.746E+04	 4.180E+03	 4.511E+03	 5.000E+03	 4.309E+01
   53.3875	 2.000E+01	 1.745E+01	 1.210E+01	 0.000E+00	 2.746E+04	 4.180E+03	 4.507E+03	 5.000E+03	 4.309E+01
   53.4000	 2.000E+01	 1.745E+01	 1.210E+01	 0.000E+00	 2.746E+04	 4.180E+03	 4.502E+03	 5.000E+03	 4.309E+01
   53.4125	 2.000E+01	 1.745E+01	 1.210E+01	 0.000E+00	 2.746E+04	 4.180E+03	 4.497E+03	 5.000E+03	 4.309E+01
   53.4250	 2.000E+01	 1.745E+01	 1.210E+01	 0.000E+00	 2.746E+04	 4.180E+03	 4.493E+03	 5.000E+03	 4.309E+01
   53.4375	 2.000E+01	 1.745E+01	 1.210E+01	 0.000E+00	 2.746E+04	 4.180E+03	 4.488E+03	 5.000E+03	 4.309E+01
   53.4500	 2.000E+01	 1.745E+01	 1.210E+01	 0.000E+00	 2.746E+04	 4.180E+03	 4.483E+03	 5.000E+03	 4.309E+01
   53.4625	 2.000E+01	 1.745E+01	 1.210E+01	 0.000E+00	 2.746E+04	 4.180E+03	 4.478E+03	 5.000E+03	 4.309E+01
   53.4750	 2.000E+01	 1.745E+01	 1.210E+01	 0.000E+00	 2.746E+04	 4.180E+03	 4.473E+03	 5.000E+03	 4.309E+01
   53.4875	 2.000E+01	 1.745E+01	 1.210E+01	 0.000E+00	 2.746E+04	 4.180E+03	 4.468E+03	 5.000E+03	 4.309E+01
   53.5000	 2.000E+01	 1.745E+01	 1.210E+01	 0.000E+00	 2.747E+04	 4.180E+03	 4.463E+03	 5.000E+03	 4.309E+01
   53.5125	 2.000E+01	 1.745E+01	 1.210E+01	 0.000E+00	 2.747E+04	 4.180E+03	 4.458E+03	 5.000E+03	 4.309E+01
   53.5250	 2.000E+01	 1.745E+01	 1.210E+01	 0.000E+00	 2.747E+04	 4.180E+03	 4.453E+03	 5.000E+03	 4.309E+01
   53.5375	 2.000E+01	 1.745E+01	 1.210E+01	 0.000E+00	 2.747E+04	 4.180E+03	 4.448E+03	 5.000E+03	 4.309E+01
   53.5500	 2.000E+01	 1.745E+01	 1.210E+01	 0.000E+00	 2.747E+04	 4.180E+03	 4.442E+03	 5.000E+03	 4.309E+01
   53.5625	 2.000E+01	 1.745E+01	 1.210E+01	 0.000E+00	 2.747E+04	 4.180E+03	 4.437E+03	 5.000E+03	 4.309E+01
   53.5750	 2.000E+01	 1.745E+01	 1.210E+01	 0.000E+00	 2.747E+04	 4.180E+03	 4.432E+03	 5.000E+03	 4.309E+01
   53.5875	 2.000E+01	 1.745E+01	 1.210E+01	 0.000E+00	 2.747E+04	 4.180E+03	 4.426E+03	 5.000E+03	 4.309E+01
   53.6000	 2.000E+01	 1.745E+01	 1.210E+01	 0.000E+00	 2.747E+04	 4.180E+03	 4.421E+03	 5.000E+03	 4.309E+01
   53.6125	 2.000E+01	 1.745E+01	 1.210E+01	 0.000E+00	 2.747E+04	 4.180E+03	 4.415E+03	 5.000E+03	 4.309E+01
   53.6250	 2.000E+01	 1.745E+01	 1.210E+01	 0.000E+00	 2.747E+04	 4.180E+03	 4.410E+03	 5.000E+03	 4.309E+01
   53.6375	 2.000E+01	 1.745E+01	 1.210E+01	 0.000E+00	 2.747E+04	 4.180E+03	 4.404E+03	 5.000E+03	 4.309E+01
   53.6500	 2.000E+01	 1.745E+01	 1.210E+01	 0.000E+00	 2.747E+04	 4.180E+03	 4.399E+03	 5.000E+03	 4.309E+01
   53.6625	 2.000E+01	 1.745E+01	 1.210E+01	 0.000E+00	 2.748E+04	 4.180E+03	 4.393E+03	 5.000E+03	 4.309E+01
   53.6750	 2.000E+01	 1.745E+01	 1.210E+01	 0.000E+00	 2.748E+04	 4.180E+03	 4.387E+03	 5.000E+03	 4.309E+01
   53.6875	 2.000E+01	 1.745E+01	 1.210E+01	 0.000E+00	 2.748E+04	 4.180E+03	 4.381E+03	 5.000E+03	 4.309E+01
   53.7000	 2.000E+01	 1.745E+01	 1.210E+01	 0.000E+00	 2.748E+04	 4.180E+03	 4.375E+03	 5.000E+03	 4.309E+01
   53.7125	 2.000E+01	 1.745E+01	 1.210E+01	 0.000E+00	 2.748E+04	 4.180E+03	 4.369E+03	 5.000E+03	 4.309E+01
   53.7250	 2.000E+01	 1.745E+01	 1.210E+01	 0.000E+00	 2.748E+04	 4.180E+03	 4.363E+03	 5.000E+03	 4.309E+01
   53.7375	 2.000E+01	 1.745E+01	 1.210E+01	 0.000E+00	 2.748E+04	 4.180E+03	 4.358E+03	 5.000E+03	 4.309E+01
   53.7500	 2.000E+01	 1.745E+01	 1.210E+01	 0.000E+00	 2.748E+04	 4.180E+03	 4.352E+03	 5.000E+03	 4.309E+01
   53.7625	 2.000E+01	 1.745E+01	 1.210E+01	 0.000E+00	 2.748E+04	 4.180E+03	 4.345E+03	 5.000E+03	 4.309E+01
   53.7750	 2.000E+01	 1.745E+01	 1.210E+01	 0.000E+00	 2.748E+04	 4.180E+03	 4.339E+03	 5.000E+03	 4.309E+01
   53.7875	 2.000E+01	 1.745E+01	 1.210E+01	 0.000E+00	 2.748E+04	 4.180E+03	 4.333E+03	 5.000E+03	 4.309E+01
   53.8000	 2.000E+01	 1.745E+01	 1.210E+01	 0.000E+00	 2.748E+04	 4.180E+03	 4.327E+03	 5.000E+03	 4.309E+01
   53.8125	 2.000E+01	 1.745E+01	 1.210E+01	 0.000E+00	 2.748E+04	 4.180E+03	 4.321E+03	 5.000E+03	 4.309E+01
   53.8250	 2.000E+01	 1.745E+01	 1.210E+01	 0.000E+00	 2.748E+04	 4.180E+03	 4.315E+03	 5.000E+03	 4.309E+01
   53.8375	 2.000E+01	 1.745E+01	 1.210E+01	 0.000E+00	 2.748E+04	 4.180E+03	 4.309E+03	 5.000E+03	 4.309E+01
   53.8500	 2.000E+01	 1.745E+01	 1.210E+01	 0.000E+00	 2.748E+04	 4.180E+03	 4.303E+03	 5.000E+03	 4.309E+01
   53.8625	 2.000E+01	 1.745E+01	 1.210E+01	 0.000E+00	 2.749E+04	 4.180E+03	 4.296E+03	 5.000E+03	 4.309E+01
   53.8750	 2.000E+01	 1.745E+01	 1.210E+01	 0.000E+00	 2.749E+04	 4.180E+03	 4.290E+03	 5.000E+03	 4.309E+01
   53.8875	 2.000E+01	 1.745E+01	 1.210E+01	 0.000E+00	 2.749E+04	 4.180E+03	 4.284E+03	 5.000E+03	 4.309E+01
   53.9000	 2.000E+01	 1.745E+01	 1.210E+01	 0.000E+00	 2.749E+04	 4.180E+03	 4.277E+03	 5.000E+03	 4.309E+01
   53.9125	 2.000E+01	 1.745E+01	 1.210E+01	 0.000E+00	 2.749E+04	 4.180E+03	 4.271E+03	 5.000E+03	 4.309E+01
   53.9250	 2.000E+01	 1.745E+01	 1.210E+01	 0.000E+00	 2.749E+04	 4.180E+03	 4.265E+03	 5.000E+03	 4.309E+01
   53.9375	 2.000E+01	 1.745E+01	 1.210E+01	 0.000E+00	 2.749E+04	 4.180E+03	 4.258E+03	 5.000E+03	 4.309E+01
   53.9500	 2.000E+01	 1.745E+01	 1.210E+01	 0.000E+00	 2.749E+04	 4.180E+03	 4.252E+03	 5.000E+03	 4.309E+01
   53.9625	 2.000E+01	 1.745E+01	 1.210E+01	 0.000E+00	 2.749E+04	 4.180E+03	 4.246E+03	 5.000E+03	 4.309E+01
   53.9750	 2.000E+01	 1.745E+01	 1.210E+01	 0.000E+00	 2.749E+04	 4.180E+03	 4.239E+03	 5.000E+03	 4.309E+01
   53.9875	 2.000E+01	 1.745E+01	 1.210E+01	 0.000E+00	 2.749E+04	 4.180E+03	 4.233E+03	 5.000E+03	 4.309E+01
   54.0000	 2.000E+01	 1.745E+01	 1.210E+01	 0.000E+00	 2.749E+04	 4.180E+03	 4.226E+03	 5.000E+03	 4.309E+01
   54.0125	 2.000E+01	 1.745E+01	 1.210E+01	 0.000E+00	 2.749E+04	 4.180E+03	 4.220E+03	 5.000E+03	 4.309E+01
   54.0250	 2.000E+01	 1.745E+01	 1.210E+01	 0.000E+00	 2.749E+04	 4.180E+03	 4.213E+03	 5.000E+03	 4.309E+01
   54.0375	 2.000E+01	 1.745E+01	 1.210E+01	 0.000E+00	 2.749E+04	 4.180E+03	 4.207E+03	 5.000E+03	 4.309E+01
   54.0500	 2.000E+01	 1.745E+01	 1.210E+01	 0.000E+00	 2.749E+04	 4.180E+03	 4.200E+03	 5.000E+03	 4.309E+01
   54.0625	 2.000E+01	 1.745E+01	 1.210E+01	 0.000E+00	 2.749E+04	 4.180E+03	 4.194E+03	 5.000E+03	 4.309E+01
   54.0750	 2.000E+01	 1.745E+01	 1.210E+01	 0.000E+00	 2.749E+04	 4.180E+03	 4.187E+03	 5.000E+03	 4.309E+01
   54.0875	 2.000E+01	 1.745E+01	 1.210E+01	 0.000E+00	 2.749E+04	 4.180E+03	 4.181E+03	 5.000E+03	 4.309E+01
   54.1000	 2.000E+01	 1.745E+01	 1.210E+01	 0.000E+00	 2.749E+04	 4.180E+03	 4.174E+03	 5.000E+03	 4.309E+01
   54.1125	 2.000E+01	 1.745E+01	 1.210E+01	 0.000E+00	 2.749E+04	 4.180E+03	 4.168E+03	 5.000E+03	 4.309E+01
   54.1250	 2.000E+01	 1.745E+01	 1.210E+01	 0.000E+00	 2.749E+04	 4.180E+03	 4.162E+03	 5.000E+03	 4.309E+01
   54.1375	 2.000E+01	 1.745E+01	 1.210E+01	 0.000E+00	 2.749E+04	 4.180E+03	 4.155E+03	 5.000E+03	 4.309E+01
   54.1500	 2.000E+01	 1.745E+01	 1.210E+01	 0.000E+00	 2.749E+04	 4.180E+03	 4.149E+03	 5.000E+03	 4.309E+01
   54.1625	 2.000E+01	 1.745E+01	 1.210E+01	 0.000E+00	 2.749E+04	 4.180E+03	 4.142E+03	 5.000E+03	 4.309E+01
   54.1750	 2.000E+01	 1.745E+01	 1.210E+01	 0.000E+00	 2.749E+04	 4.180E+03	 4.136E+03	 5.000E+03	 4.309E+01
   54.1875	 2.000E+01	 1.745E+01	 1.210E+01	 0.000E+00	 2.749E+04	 4.180E+03	 4.129E+03	 5.000E+03	 4.309E+01
   54.2000	 2.000E+01	 1.745E+01	 1.210E+01	 0.000E+00	 2.749E+04	 4.180E+03	 4.123E+03	 5.000E+03	 4.309E+01
   54.2125	 2.000E+01	 1.745E+01	 1.210E+01	 0.000E+00	 2.749E+04	 4.180E+03	 4.116E+03	 5.000E+03	 4.309E+01
   54.2250	 2.000E+01	 1.745E+01	 1.210E+01	 0.000E+00	 2.749E+04	 4.180E+03	 4.110E+03	 5.000E+03	 4.309E+01
   54.2375	 2.000E+01	 1.745E+01	 1.210E+01	 0.000E+00	 2.749E+04	 4.180E+03	 4.104E+03	 5.000E+03	 4.309E+01
   54.2500	 2.000E+01	 1.745E+01	 1.210E+01	 0.000E+00	 2.748E+04	 4.180E+03	 4.097E+03	 5.000E+03	 4.309E+01
   54.2625	 2.000E+01	 1.745E+01	 1.210E+01	 0.000E+00	 2.748E+04	 4.180E+03	 4.091E+03	 5.000E+03	 4.309E+01
   54.2750	 2.000E+01	 1.745E+01	 1.210E+01	 0.000E+00	 2.748E+04	 4.180E+03	 4.085E+03	 5.000E+03	 4.309E+01
   54.2875	 2.000E+01	 1.745E+01	 1.210E+01	 0.000E+00	 2.748E+04	 4.180E+03	 4.079E+03	 5.000E+03	 4.309E+01
   54.3000	 2.000E+01	 1.745E+01	 1.210E+01	 0.000E+00	 2.748E+04	 4.180E+03	 4.073E+03	 5.000E+03	 4.309E+01
   54.3125	 2.000E+01	 1.745E+01	 1.210E+01	 0.000E+00	 2.748E+04	 4.180E+03	 4.066E+03	 5.000E+03	 4.309E+01
   54.3250	 2.000E+01	 1.745E+01	 1.210E+01	 0.000E+00	 2.748E+04	 4.180E+03	 4.060E+03	 5.000E+03	 4.309E+01
   54.3375	 2.000E+01	 1.745E+01	 1.210E+01	 0.000E+00	 2.748E+04	 4.180E+03	 4.054E+03	 5.000E+03	 4.309E+01
   54.3500	 2.000E+01	 1.745E+01	 1.210E+01	 0.000E+00	 2.748E+04	 4.180E+03	 4.048E+03	 5.000E+03	 4.309E+01
   54.3625	 2.000E+01	 1.745E+01	 1.210E+01	 0.000E+00	 2.748E+04	 4.180E+03	 4.042E+03	 5.000E+03	 4.309E+01
   54.3750	 2.000E+01	 1.745E+01	 1.210E+01	 0.000E+00	 2.748E+04	 4.180E+03	 4.036E+03	 5.000E+03	 4.309E+01
   54.3875	 2.000E+01	 1.745E+01	 1.210E+01	 0.000E+00	 2.748E+04	 4.180E+03	 4.031E+03	 5.000E+03	 4.309E+01
   54.4000	 2.000E+01	 1.745E+01	 1.210E+01	 0.000E+00	 2.748E+04	 4.180E+03	 4.025E+03	 5.000E+03	 4.309E+01
   54.4125	 2.000E+01	 1.745E+01	 1.210E+01	 0.000E+00	 2.748E+04	 4.180E+03	 4.019E+03	 5.000E+03	 4.309E+01
   54.4250	 2.000E+01	 1.745E+01	 1.210E+01	 0.000E+00	 2.748E+04	 4.180E+03	 4.013E+03	 5.000E+03	 4.309E+01
   54.4375	 2.000E+01	 1.745E+01	 1.210E+01	 0.000E+00	 2.748E+04	 4.180E+03	 4.007E+03	 5.000E+03	 4.309E+01
   54.4500	 2.000E+01	 1.745E+01	 1.210E+01	 0.000E+00	 2.748E+04	 4.180E+03	 4.002E+03	 5.000E+03	 4.309E+01
   54.4625	 2.000E+01	 1.745E+01	 1.210E+01	 0.000E+00	 2.748E+04	 4.180E+03	 3.996E+03	 5.000E+03	 4.309E+01
   54.4750	 2.000E+01	 1.745E+01	 1.210E+01	 0.000E+00	 2.747E+04	 4.180E+03	 3.991E+03	 5.000E+03	 4.309E+01
   54.4875	 2.000E+01	 1.745E+01	 1.210E+01	 0.000E+00	 2.747E+04	 4.180E+03	 3.985E+03	 5.000E+03	 4.309E+01
   54.5000	 2.000E+01	 1.745E+01	 1.210E+01	 0.000E+00	 2.747E+04	 4.180E+03	 3.980E+03	 5.000E+03	 4.309E+01
   54.5125	 2.000E+01	 1.745E+01	 1.210E+01	 0.000E+00	 2.747E+04	 4.180E+03	 3.974E+03	 5.000E+03	 4.309E+01
   54.5250	 2.000E+01	 1.745E+01	 1.210E+01	 0.000E+00	 2.747E+04	 4.180E+03	 3.969E+03	 5.000E+03	 4.309E+01
   54.5375	 2.000E+01	 1.745E+01	 1.210E+01	 0.000E+00	 2.747E+04	 4.180E+03	 3.964E+03	 5.000E+03	 4.309E+01
   54.5500	 2.000E+01	 1.745E+01	 1.210E+01	 0.000E+00	 2.747E+04	 4.180E+03	 3.959E+03	 5.000E+03	 4.309E+01
   54.5625	 2.000E+01	 1.745E+01	 1.210E+01	 0.000E+00	 2.747E+04	 4.180E+03	 3.953E+03	 5.000E+03	 4.309E+01
   54.5750	 2.000E+01	 1.745E+01	 1.210E+01	 0.000E+00	 2.747E+04	 4.180E+03	 3.948E+03	 5.000E+03	 4.309E+01
   54.5875	 2.000E+01	 1.745E+01	 1.210E+01	 0.000E+00	 2.747E+04	 4.180E+03	 3.943E+03	 5.000E+03	 4.309E+01
   54.6000	 2.000E+01	 1.745E+01	 1.210E+01	 0.000E+00	 2.747E+04	 4.180E+03	 3.938E+03	 5.000E+03	 4.309E+01
   54.6125	 2.000E+01	 1.745E+01	 1.210E+01	 0.000E+00	 2.747E+04	 4.180E+03	 3.933E+03	 5.000E+03	 4.309E+01
   54.6250	 2.000E+01	 1.745E+01	 1.210E+01	 0.000E+00	 2.747E+04	 4.180E+03	 3.928E+03	 5.000E+03	 4.309E+01
   54.6375	 2.000E+01	 1.745E+01	 1.210E+01	 0.000E+00	 2.747E+04	 4.180E+03	 3.924E+03	 5.000E+03	 4.309E+01
   54.6500	 2.000E+01	 1.745E+01	 1.210E+01	 0.000E+00	 2.747E+04	 4.180E+03	 3.919E+03	 5.000E+03	 4.309E+01
   54.6625	 2.000E+01	 1.745E+01	 1.210E+01	 0.000E+00	 2.747E+04	 4.180E+03	 3.914E+03	 5.000E+03	 4.309E+01
   54.6750	 2.000E+01	 1.745E+01	 1.210E+01	 0.000E+00	 2.747E+04	 4.180E+03	 3.910E+03	 5.000E+03	 4.309E+01
   54.6875	 2.000E+01	 1.745E+01	 1.210E+01	 0.000E+00	 2.746E+04	 4.180E+03	 3.905E+03	 5.000E+03	 4.309E+01
   54.7000	 2.000E+01	 1.745E+01	 1.210E+01	 0.000E+00	 2.746E+04	 4.180E+03	 3.901E+03	 5.000E+03	 4.309E+01
   54.7125	 2.000E+01	 1.745E+01	 1.210E+01	 0.000E+00	 2.746E+04	 4.180E+03	 3.896E+03	 5.000E+03	 4.309E+01
   54.7250	 2.000E+01	 1.745E+01	 1.210E+01	 0.000E+00	 2.746E+04	 4.180E+03	 3.892E+03	 5.000E+03	 4.309E+01
   54.7375	 2.000E+01	 1.745E+01	 1.210E+01	 0.000E+00	 2.746E+04	 4.180E+03	 3.888E+03	 5.000E+03	 4.309E+01
   54.7500	 2.000E+01	 1.745E+01	 1.210E+01	 0.000E+00	 2.746E+04	 4.180E+03	 3.884E+03	 5.000E+03	 4.309E+01
   54.7625	 2.000E+01	 1.745E+01	 1.210E+01	 0.000E+00	 2.746E+04	 4.180E+03	 3.880E+03	 5.000E+03	 4.309E+01
   54.7750	 2.000E+01	 1.745E+01	 1.210E+01	 0.000E+00	 2.746E+04	 4.180E+03	 3.876E+03	 5.000E+03	 4.309E+01
   54.7875	 2.000E+01	 1.745E+01	 1.210E+01	 0.000E+00	 2.746E+04	 4.180E+03	 3.873E+03	 5.000E+03	 4.309E+01
   54.8000	 2.000E+01	 1.745E+01	 1.210E+01	 0.000E+00	 2.746E+04	 4.180E+03	 3.869E+03	 5.000E+03	 4.309E+01
   54.8125	 2.000E+01	 1.745E+01	 1.210E+01	 0.000E+00	 2.746E+04	 4.180E+03	 3.865E+03	 5.000E+03	 4.309E+01
   54.8250	 2.000E+01	 1.745E+01	 1.210E+01	 0.000E+00	 2.746E+04	 4.180E+03	 3.862E+03	 5.000E+03	 4.309E+01
   54.8375	 2.000E+01	 1.745E+01	 1.210E+01	 0.000E+00	 2.746E+04	 4.180E+03	 3.858E+03	 5.000E+03	 4.309E+01
   54.8500	 2.000E+01	 1.745E+01	 1.210E+01	 0.000E+00	 2.746E+04	 4.180E+03	 3.855E+03	 5.000E+03	 4.309E+01
   54.8625	 2.000E+01	 1.745E+01	 1.210E+01	 0.000E+00	 2.746E+04	 4.180E+03	 3.852E+03	 5.000E+03	 4.309E+01
   54.8750	 2.000E+01	 1.745E+01	 1.210E+01	 0.000E+00	 2.746E+04	 4.180E+03	 3.849E+03	 5.000E+03	 4.309E+01
   54.8875	 2.000E+01	 1.745E+01	 1.210E+01	 0.000E+00	 2.746E+04	 4.180E+03	 3.846E+03	 5.000E+03	 4.309E+01
   54.9000	 2.000E+01	 1.745E+01	 1.210E+01	 0.000E+00	 2.746E+04	 4.180E+03	 3.843E+03	 5.000E+03	 4.309E+01
   54.9125	 2.000E+01	 1.745E+01	 1.210E+01	 0.000E+00	 2.746E+04	 4.180E+03	 3.840E+03	 5.000E+03	 4.309E+01
   54.9250	 2.000E+01	 1.745E+01	 1.210E+01	 0.000E+00	 2.746E+04	 4.180E+03	 3.837E+03	 5.000E+03	 4.309E+01
   54.9375	 2.000E+01	 1.745E+01	 1.210E+01	 0.000E+00	 2.746E+04	 4.180E+03	 3.834E+03	 5.000E+03	 4.309E+01
   54.9500	 2.000E+01	 1.745E+01	 1.210E+01	 0.000E+00	 2.746E+04	 4.180E+03	 3.832E+03	 5.000E+03	 4.309E+01
   54.9625	 2.000E+01	 1.745E+01	 1.210E+01	 0.000E+00	 2.746E+04	 4.180E+03	 3.829E+03	 5.000E+03	 4.309E+01
   54.9750	 2.000E+01	 1.745E+01	 1.210E+01	 0.000E+00	 2.746E+04	 4.180E+03	 3.827E+03	 5.000E+03	 4.309E+01
   54.9875	 2.000E+01	 1.745E+01	 1.210E+01	 0.000E+00	 2.746E+04	 4.180E+03	 3.825E+03	 5.000E+03	 4.309E+01
   55.0000	 2.000E+01	 1.745E+01	 1.210E+01	 0.000E+00	 2.746E+04	 4.180E+03	 3.822E+03	 5.000E+03	 4.309E+01
   55.0125	 2.000E+01	 1.745E+01	 1.210E+01	 0.000E+00	 2.746E+04	 4.180E+03	 3.820E+03	 5.000E+03	 4.309E+01
   55.0250	 2.000E+01	 1.745E+01	 1.210E+01	 0.000E+00	 2.746E+04	 4.180E+03	 3.818E+03	 5.000E+03	 4.309E+01
   55.0375	 2.000E+01	 1.745E+01	 1.210E+01	 0.000E+00	 2.746E+04	 4.180E+03	 3.816E+03	 5.000E+03	 4.309E+01
   55.0500	 2.000E+01	 1.745E+01	 1.210E+01	 0.000E+00	 2.746E+04	 4.180E+03	 3.815E+03	 5.000E+03	 4.309E+01
   55.0625	 2.000E+01	 1.745E+01	 1.210E+01	 0.000E+00	 2.746E+04	 4.180E+03	 3.813E+03	 5.000E+03	 4.309E+01
   55.0750	 2.000E+01	 1.745E+01	 1.210E+01	 0.000E+00	 2.746E+04	 4.180E+03	 3.811E+03	 5.000E+03	 4.309E+01
   55.0875	 2.000E+01	 1.745E+01	 1.210E+01	 0.000E+00	 2.746E+04	 4.180E+03	 3.810E+03	 5.000E+03	 4.309E+01
   55.1000	 2.000E+01	 1.745E+01	 1.210E+01	 0.000E+00	 2.746E+04	 4.180E+03	 3.809E+03	 5.000E+03	 4.309E+01
   55.1125	 2.000E+01	 1.745E+01	 1.210E+01	 0.000E+00	 2.746E+04	 4.180E+03	 3.807E+03	 5.000E+03	 4.309E+01
   55.1250	 2.000E+01	 1.745E+01	 1.210E+01	 0.000E+00	 2.746E+04	 4.180E+03	 3.806E+03	 5.000E+03	 4.309E+01
   55.1375	 2.000E+01	 1.745E+01	 1.210E+01	 0.000E+00	 2.746E+04	 4.180E+03	 3.805E+03	 5.000E+03	 4.309E+01
   55.1500	 2.000E+01	 1.745E+01	 1.210E+01	 0.000E+00	 2.747E+04	 4.180E+03	 3.804E+03	 5.000E+03	 4.309E+01
   55.1625	 2.000E+01	 1.745E+01	 1.210E+01	 0.000E+00	 2.747E+04	 4.180E+03	 3.803E+03	 5.000E+03	 4.309E+01
   55.1750	 2.000E+01	 1.745E+01	 1.210E+01	 0.000E+00	 2.747E+04	 4.180E+03	 3.803E+03	 5.000E+03	 4.309E+01
   55.1875	 2.000E+01	 1.745E+01	 1.210E+01	 0.000E+00	 2.747E+04	 4.180E+03	 3.802E+03	 5.000E+03	 4.309E+01
   55.2000	 2.000E+01	 1.745E+01	 1.210E+01	 0.000E+00	 2.747E+04	 4.180E+03	 3.802E+03	 5.000E+03	 4.309E+01
   55.2125	 2.000E+01	 1.745E+01	 1.210E+01	 0.000E+00	 2.747E+04	 4.180E+03	 3.801E+03	 5.000E+03	 4.309E+01
   55.2250	 2.000E+01	 1.745E+01	 1.210E+01	 0.000E+00	 2.747E+04	 4.180E+03	 3.801E+03	 5.000E+03	 4.309E+01
   55.2375	 2.000E+01	 1.745E+01	 1.210E+01	 0.000E+00	 2.747E+04	 4.180E+03	 3.801E+03	 5.000E+03	 4.309E+01
   55.2500	 2.000E+01	 1.745E+01	 1.210E+01	 0.000E+00	 2.747E+04	 4.180E+03	 3.801E+03	 5.000E+03	 4.309E+01
   55.2625	 2.000E+01	 1.745E+01	 1.210E+01	 0.000E+00	 2.747E+04	 4.180E+03	 3.801E+03	 5.000E+03	 4.309E+01
   55.2750	 2.000E+01	 1.745E+01	 1.210E+01	 0.000E+00	 2.747E+04	 4.180E+03	 3.801E+03	 5.000E+03	 4.309E+01
   55.2875	 2.000E+01	 1.745E+01	 1.210E+01	 0.000E+00	 2.747E+04	 4.180E+03	 3.801E+03	 5.000E+03	 4.309E+01
   55.3000	 2.000E+01	 1.745E+01	 1.210E+01	 0.000E+00	 2.747E+04	 4.180E+03	 3.802E+03	 5.000E+03	 4.309E+01
   55.3125	 2.000E+01	 1.745E+01	 1.210E+01	 0.000E+00	 2.748E+04	 4.180E+03	 3.802E+03	 5.000E+03	 4.309E+01
   55.3250	 2.000E+01	 1.745E+01	 1.210E+01	 0.000E+00	 2.748E+04	 4.180E+03	 3.803E+03	 5.000E+03	 4.309E+01
   55.3375	 2.000E+01	 1.745E+01	 1.210E+01	 0.000E+00	 2.748E+04	 4.180E+03	 3.803E+03	 5.000E+03	 4.309E+01
   55.3500	 2.000E+01	 1.745E+01	 1.210E+01	 0.000E+00	 2.748E+04	 4.180E+03	 3.804E+03	 5.000E+03	 4.309E+01
   55.3625	 2.000E+01	 1.745E+01	 1.210E+01	 0.000E+00	 2.748E+04	 4.180E+03	 3.805E+03	 5.000E+03	 4.309E+01
   55.3750	 2.000E+01	 1.745E+01	 1.210E+01	 0.000E+00	 2.748E+04	 4.180E+03	 3.806E+03	 5.000E+03	 4.309E+01
   55.3875	 2.000E+01	 1.745E+01	 1.210E+01	 0.000E+00	 2.748E+04	 4.180E+03	 3.807E+03	 5.000E+03	 4.309E+01
   55.4000	 2.000E+01	 1.745E+01	 1.210E+01	 0.000E+00	 2.748E+04	 4.180E+03	 3.809E+03	 5.000E+03	 4.309E+01
   55.4125	 2.000E+01	 1.745E+01	 1.210E+01	 0.000E+00	 2.748E+04	 4.180E+03	 3.810E+03	 5.000E+03	 4.309E+01
   55.4250	 2.000E+01	 1.745E+01	 1.210E+01	 0.000E+00	 2.748E+04	 4.180E+03	 3.811E+03	 5.000E+03	 4.309E+01
   55.4375	 2.000E+01	 1.745E+01	 1.210E+01	 0.000E+00	 2.748E+04	 4.180E+03	 3.813E+03	 5.000E+03	 4.309E+01
   55.4500	 2.000E+01	 1.745E+01	 1.210E+01	 0.000E+00	 2.748E+04	 4.180E+03	 3.815E+03	 5.000E+03	 4.309E+01
   55.4625	 2.000E+01	 1.745E+01	 1.210E+01	 0.000E+00	 2.748E+04	 4.180E+03	 3.816E+03	 5.000E+03	 4.309E+01
   55.4750	 2.000E+01	 1.745E+01	 1.210E+01	 0.000E+00	 2.748E+04	 4.180E+03	 3.818E+03	 5.000E+03	 4.309E+01
   55.4875	 2.000E+01	 1.745E+01	 1.210E+01	 0.000E+00	 2.748E+04	 4.180E+03	 3.820E+03	 5.000E+03	 4.309E+01
   55.5000	 2.000E+01	 1.745E+01	 1.210E+01	 0.000E+00	 2.748E+04	 4.180E+03	 3.822E+03	 5.000E+03	 4.309E+01
   55.5125	 2.000E+01	 1.745E+01	 1.210E+01	 0.000E+00	 2.749E+04	 4.180E+03	 3.825E+03	 5.000E+03	 4.309E+01
   55.5250	 2.000E+01	 1.745E+01	 1.210E+01	 0.000E+00	 2.749E+04	 4.180E+03	 3.827E+03	 5.000E+03	 4.309E+01
   55.5375	 2.000E+01	 1.745E+01	 1.210E+01	 0.000E+00	 2.749E+04	 4.180E+03	 3.830E+03	 5.000E+03	 4.309E+01
   55.5500	 2.000E+01	 1.745E+01	 1.210E+01	 0.000E+00	 2.749E+04	 4.180E+03	 3.832E+03	 5.000E+03	 4.309E+01
   55.5625	 2.000E+01	 1.745E+01	 1.210E+01	 0.000E+00	 2.749E+04	 4.180E+03	 3.835E+03	 5.000E+03	 4.309E+01
   55.5750	 2.000E+01	 1.745E+01	 1.210E+01	 0.000E+00	 2.749E+04	 4.180E+03	 3.837E+03	 5.000E+03	 4.309E+01
   55.5875	 2.000E+01	 1.745E+01	 1.210E+01	 0.000E+00	 2.749E+04	 4.180E+03	 3.840E+03	 5.000E+03	 4.309E+01
   55.6000	 2.000E+01	 1.745E+01	 1.210E+01	 0.000E+00	 2.749E+04	 4.180E+03	 3.843E+03	 5.000E+03	 4.309E+01
   55.6125	 2.000E+01	 1.745E+01	 1.210E+01	 0.000E+00	 2.749E+04	 4.180E+03	 3.846E+03	 5.000E+03	 4.309E+01
   55.6250	 2.000E+01	 1.745E+01	 1.210E+01	 0.000E+00	 2.749E+04	 4.180E+03	 3.850E+03	 5.000E+03	 4.309E+01
   55.6375	 2.000E+01	 1.745E+01	 1.210E+01	 0.000E+00	 2.749E+04	 4.180E+03	 3.853E+03	 5.000E+03	 4.309E+01
   55.6500	 2.000E+01	 1.745E+01	 1.210E+01	 0.000E+00	 2.749E+04	 4.180E+03	 3.856E+03	 5.000E+03	 4.309E+01
   55.6625	 2.000E+01	 1.745E+01	 1.210E+01	 0.000E+00	 2.749E+04	 4.180E+03	 3.860E+03	 5.000E+03	 4.309E+01
   55.6750	 2.000E+01	 1.745E+01	 1.210E+01	 0.000E+00	 2.749E+04	 4.180E+03	 3.863E+03	 5.000E+03	 4.309E+01
   55.6875	 2.000E+01	 1.745E+01	 1.210E+01	 0.000E+00	 2.749E+04	 4.180E+03	 3.867E+03	 5.000E+03	 4.309E+01
   55.7000	 2.000E+01	 1.745E+01	 1.210E+01	 0.000E+00	 2.749E+04	 4.180E+03	 3.871E+03	 5.000E+03	 4.309E+01
   55.7125	 2.000E+01	 1.745E+01	 1.210E+01	 0.000E+00	 2.749E+04	 4.180E+03	 3.875E+03	 5.000E+03	 4.309E+01
   55.7250	 2.000E+01	 1.745E+01	 1.210E+01	 0.000E+00	 2.749E+04	 4.180E+03	 3.878E+03	 5.000E+03	 4.309E+01
   55.7375	 2.000E+01	 1.745E+01	 1.210E+01	 0.000E+00	 2.749E+04	 4.180E+03	 3.882E+03	 5.000E+03	 4.309E+01
   55.7500	 2.000E+01	 1.745E+01	 1.210E+01	 0.000E+00	 2.749E+04	 4.180E+03	 3.887E+03	 5.000E+03	 4.309E+01
   55.7625	 2.000E+01	 1.745E+01	 1.210E+01	 0.000E+00	 2.749E+04	 4.180E+03	 3.891E+03	 5.000E+03	 4.309E+01
   55.7750	 2.000E+01	 1.745E+01	 1.210E+01	 0.000E+00	 2.749E+04	 4.180E+03	 3.895E+03	 5.000E+03	 4.309E+01
   55.7875	 2.000E+01	 1.745E+01	 1.210E+01	 0.000E+00	 2.749E+04	 4.180E+03	 3.900E+03	 5.000E+03	 4.309E+01
   55.8000	 2.000E+01	 1.745E+01	 1.210E+01	 0.000E+00	 2.749E+04	 4.180E+03	 3.904E+03	 5.000E+03	 4.309E+01
   55.8125	 2.000E+01	 1.745E+01	 1.210E+01	 0.000E+00	 2.749E+04	 4.180E+03	 3.909E+03	 5.000E+03	 4.309E+01
   55.8250	 2.000E+01	 1.745E+01	 1.210E+01	 0.000E+00	 2.749E+04	 4.180E+03	 3.913E+03	 5.000E+03	 4.309E+01
   55.8375	 2.000E+01	 1.745E+01	 1.210E+01	 0.000E+00	 2.749E+04	 4.180E+03	 3.918E+03	 5.000E+03	 4.309E+01
   55.8500	 2.000E+01	 1.745E+01	 1.210E+01	 0.000E+00	 2.749E+04	 4.180E+03	 3.923E+03	 5.000E+03	 4.309E+01
   55.8625	 2.000E+01	 1.745E+01	 1.210E+01	 0.000E+00	 2.749E+04	 4.180E+03	 3.928E+03	 5.000E+03	 4.309E+01
   55.8750	 2.000E+01	 1.745E+01	 1.210E+01	 0.000E+00	 2.749E+04	 4.180E+03	 3.933E+03	 5.000E+03	 4.309E+01
   55.8875	 2.000E+01	 1.745E+01	 1.210E+01	 0.000E+00	 2.749E+04	 4.180E+03	 3.938E+03	 5.000E+03	 4.309E+01
   55.9000	 2.000E+01	 1.745E+01	 1.210E+01	 0.000E+00	 2.748E+04	 4.180E+03	 3.943E+03	 5.000E+03	 4.309E+01
   55.9125	 2.000E+01	 1.745E+01	 1.210E+01	 0.000E+00	 2.748E+04	 4.180E+03	 3.948E+03	 5.000E+03	 4.309E+01
   55.9250	 2.000E+01	 1.745E+01	 1.210E+01	 0.000E+00	 2.748E+04	 4.180E+03	 3.953E+03	 5.000E+03	 4.309E+01
   55.9375	 2.000E+01	 1.745E+01	 1.210E+01	 0.000E+00	 2.748E+04	 4.180E+03	 3.959E+03	 5.000E+03	 4.309E+01
   55.9500	 2.000E+01	 1.745E+01	 1.210E+01	 0.000E+00	 2.748E+04	 4.180E+03	 3.964E+03	 5.000E+03	 4.309E+01
   55.9625	 2.000E+01	 1.745E+01	 1.210E+01	 0.000E+00	 2.748E+04	 4.180E+03	 3.970E+03	 5.000E+03	 4.309E+01
   55.9750	 2.000E+01	 1.745E+01	 1.210E+01	 0.000E+00	 2.748E+04	 4.180E+03	 3.975E+03	 5.000E+03	 4.309E+01
   55.9875	 2.000E+01	 1.745E+01	 1.210E+01	 0.000E+00	 2.748E+04	 4.180E+03	 3.981E+03	 5.000E+03	 4.309E+01
   56.0000	 2.000E+01	 1.745E+01	 1.210E+01	 0.000E+00	 2.748E+04	 4.180E+03	 3.987E+03	 5.000E+03	 4.309E+01
   56.0125	 2.000E+01	 1.745E+01	 1.210E+01	 0.000E+00	 2.748E+04	 4.180E+03	 3.992E+03	 5.000E+03	 4.309E+01
   56.0250	 2.000E+01	 1.745E+01	 1.210E+01	 0.000E+00	 2.748E+04	 4.180E+03	 3.998E+03	 5.000E+03	 4.309E+01
   56.0375	 2.000E+01	 1.745E+01	 1.210E+01	 0.000E+00	 2.748E+04	 4.180E+03	 4.004E+03	 5.000E+03	 4.309E+01
   56.0500	 2.000E+01	 1.745E+01	 1.210E+01	 0.000E+00	 2.748E+04	 4.180E+03	 4.010E+03	 5.000E+03	 4.309E+01
   56.0625	 2.000E+01	 1.745E+01	 1.210E+01	 0.000E+00	 2.748E+04	 4.180E+03	 4.016E+03	 5.000E+03	 4.309E+01
   56.0750	 2.000E+01	 1.745E+01	 1.210E+01	 0.000E+00	 2.748E+04	 4.180E+03	 4.022E+03	 5.000E+03	 4.309E+01
   56.0875	 2.000E+01	 1.745E+01	 1.210E+01	 0.000E+00	 2.748E+04	 4.180E+03	 4.028E+03	 5.000E+03	 4.309E+01
   56.1000	 2.000E+01	 1.745E+01	 1.210E+01	 0.000E+00	 2.748E+04	 4.180E+03	 4.034E+03	 5.000E+03	 4.309E+01
   56.1125	 2.000E+01	 1.745E+01	 1.210E+01	 0.000E+00	 2.748E+04	 4.180E+03	 4.041E+03	 5.000E+03	 4.309E+01
   56.1250	 2.000E+01	 1.745E+01	 1.210E+01	 0.000E+00	 2.748E+04	 4.180E+03	 4.047E+03	 5.000E+03	 4.309E+01
   56.1375	 2.000E+01	 1.745E+01	 1.210E+01	 0.000E+00	 2.747E+04	 4.180E+03	 4.053E+03	 5.000E+03	 4.309E+01
   56.1500	 2.000E+01	 1.745E+01	 1.210E+01	 0.000E+00	 2.747E+04	 4.180E+03	 4.060E+03	 5.000E+03	 4.309E+01
   56.1625	 2.000E+01	 1.745E+01	 1.210E+01	 0.000E+00	 2.747E+04	 4.180E+03	 4.066E+03	 5.000E+03	 4.309E+01
   56.1750	 2.000E+01	 1.745E+01	 1.210E+01	 0.000E+00	 2.747E+04	 4.180E+03	 4.072E+03	 5.000E+03	 4.309E+01
   56.1875	 2.000E+01	 1.745E+01	 1.210E+01	 0.000E+00	 2.747E+04	 4.180E+03	 4.079E+03	 5.000E+03	 4.309E+01
   56.2000	 2.000E+01	 1.745E+01	 1.210E+01	 0.000E+00	 2.747E+04	 4.180E+03	 4.085E+03	 5.000E+03	 4.309E+01
   56.2125	 2.000E+01	 1.745E+01	 1.210E+01	 0.000E+00	 2.747E+04	 4.180E+03	 4.092E+03	 5.000E+03	 4.309E+01
   56.2250	 2.000E+01	 1.745E+01	 1.210E+01	 0.000E+00	 2.747E+04	 4.180E+03	 4.098E+03	 5.000E+03	 4.309E+01
   56.2375	 2.000E+01	 1.745E+01	 1.210E+01	 0.000E+00	 2.747E+04	 4.180E+03	 4.105E+03	 5.000E+03	 4.309E+01
   56.2500	 2.000E+01	 1.745E+01	 1.210E+01	 0.000E+00	 2.747E+04	 4.180E+03	 4.112E+03	 5.000E+03	 4.309E+01
   56.2625	 2.000E+01	 1.745E+01	 1.210E+01	 0.000E+00	 2.747E+04	 4.180E+03	 4.118E+03	 5.000E+03	 4.309E+01
   56.2750	 2.000E+01	 1.745E+01	 1.210E+01	 0.000E+00	 2.747E+04	 4.180E+03	 4.125E+03	 5.000E+03	 4.309E+01
   56.2875	 2.000E+01	 1.745E+01	 1.210E+01	 0.000E+00	 2.747E+04	 4.180E+03	 4.132E+03	 5.000E+03	 4.309E+01
   56.3000	 2.000E+01	 1.745E+01	 1.210E+01	 0.000E+00	 2.747E+04	 4.180E+03	 4.138E+03	 5.000E+03	 4.309E+01
   56.3125	 2.000E+01	 1.745E+01	 1.210E+01	 0.000E+00	 2.747E+04	 4.180E+03	 4.145E+03	 5.000E+03	 4.309E+01
   56.3250	 2.000E+01	 1.745E+01	 1.210E+01	 0.000E+00	 2.747E+04	 4.180E+03	 4.152E+03	 5.000E+03	 4.309E+01
   56.3375	 2.000E+01	 1.745E+01	 1.210E+01	 0.000E+00	 2.746E+04	 4.180E+03	 4.158E+03	 5.000E+03	 4.309E+01
   56.3500	 2.000E+01	 1.745E+01	 1.210E+01	 0.000E+00	 2.746E+04	 4.180E+03	 4.165E+03	 5.000E+03	 4.309E+01
   56.3625	 2.000E+01	 1.745E+01	 1.210E+01	 0.000E+00	 2.746E+04	 4.180E+03	 4.172E+03	 5.000E+03	 4.309E+01
   56.3750	 2.000E+01	 1.745E+01	 1.210E+01	 0.000E+00	 2.746E+04	 4.180E+03	 4.179E+03	 5.000E+03	 4.309E+01
   56.3875	 2.000E+01	 1.745E+01	 1.210E+01	 0.000E+00	 2.746E+04	 4.180E+03	 4.186E+03	 5.000E+03	 4.309E+01
   56.4000	 2.000E+01	 1.745E+01	 1.210E+01	 0.000E+00	 2.746E+04	 4.180E+03	 4.193E+03	 5.000E+03	 4.309E+01
   56.4125	 2.000E+01	 1.745E+01	 1.210E+01	 0.000E+00	 2.746E+04	 4.180E+03	 4.200E+03	 5.000E+03	 4.309E+01
   56.4250	 2.000E+01	 1.745E+01	 1.210E+01	 0.000E+00	 2.746E+04	 4.180E+03	 4.206E+03	 5.000E+03	 4.309E+01
   56.4375	 2.000E+01	 1.745E+01	 1.210E+01	 0.000E+00	 2.746E+04	 4.180E+03	 4.213E+03	 5.000E+03	 4.309E+01
   56.4500	 2.000E+01	 1.745E+01	 1.210E+01	 0.000E+00	 2.746E+04	 4.180E+03	 4.220E+03	 5.000E+03	 4.309E+01
   56.4625	 2.000E+01	 1.745E+01	 1.210E+01	 0.000E+00	 2.746E+04	 4.180E+03	 4.227E+03	 5.000E+03	 4.309E+01
   56.4750	 2.000E+01	 1.745E+01	 1.210E+01	 0.000E+00	 2.746E+04	 4.180E+03	 4.234E+03	 5.000E+03	 4.309E+01
   56.4875	 2.000E+01	 1.745E+01	 1.210E+01	 0.000E+00	 2.746E+04	 4.180E+03	 4.241E+03	 5.000E+03	 4.309E+01
   56.5000	 2.000E+01	 1.745E+01	 1.210E+01	 0.000E+00	 2.746E+04	 4.180E+03	 4.248E+03	 5.000E+03	 4.309E+01
   56.5125	 2.000E+01	 1.745E+01	 1.210E+01	 0.000E+00	 2.746E+04	 4.180E+03	 4.254E+03	 5.000E+03	 4.309E+01
   56.5250	 2.000E+01	 1.745E+01	 1.210E+01	 0.000E+00	 2.746E+04	 4.180E+03	 4.261E+03	 5.000E+03	 4.309E+01
   56.5375	 2.000E+01	 1.745E+01	 1.210E+01	 0.000E+00	 2.746E+04	 4.180E+03	 4.268E+03	 5.000E+03	 4.309E+01
   56.5500	 2.000E+01	 1.745E+01	 1.210E+01	 0.000E+00	 2.746E+04	 4.180E+03	 4.275E+03	 5.000E+03	 4.309E+01
   56.5625	 2.000E+01	 1.745E+01	 1.210E+01	 0.000E+00	 2.746E+04	 4.180E+03	 4.282E+03	 5.000E+03	 4.309E+01
   56.5750	 2.000E+01	 1.745E+01	 1.210E+01	 0.000E+00	 2.746E+04	 4.180E+03	 4.288E+03	 5.000E+03	 4.309E+01
   56.5875	 2.000E+01	 1.745E+01	 1.210E+01	 0.000E+00	 2.746E+04	 4.180E+03	 4.295E+03	 5.000E+03	 4.309E+01
   56.6000	 2.000E+01	 1.745E+01	 1.210E+01	 0.000E+00	 2.746E+04	 4.180E+03	 4.302E+03	 5.000E+03	 4.309E+01
   56.6125	 2.000E+01	 1.745E+01	 1.210E+01	 0.000E+00	 2.746E+04	 4.180E+03	 4.309E+03	 5.000E+03	 4.309E+01
   56.6250	 2.000E+01	 1.745E+01	 1.210E+01	 0.000E+00	 2.746E+04	 4.180E+03	 4.315E+03	 5.000E+03	 4.309E+01
   56.6375	 2.000E+01	 1.745E+01	 1.210E+01	 0.000E+00	 2.746E+04	 4.180E+03	 4.322E+03	 5.000E+03	 4.309E+01
   56.6500	 2.000E+01	 1.745E+01	 1.210E+01	 0.000E+00	 2.746E+04	 4.180E+03	 4.329E+03	 5.000E+03	 4.309E+01
   56.6625	 2.000E+01	 1.745E+01	 1.210E+01	 0.000E+00	 2.746E+04	 4.180E+03	 4.335E+03	 5.000E+03	 4.309E+01
   56.6750	 2.000E+01	 1.745E+01	 1.210E+01	 0.000E+00	 2.746E+04	 4.180E+03	 4.342E+03	 5.000E+03	 4.309E+01
   56.6875	 2.000E+01	 1.745E+01	 1.210E+01	 0.000E+00	 2.746E+04	 4.180E+03	 4.348E+03	 5.000E+03	 4.309E+01
   56.7000	 2.000E+01	 1.745E+01	 1.210E+01	 0.000E+00	 2.746E+04	 4.180E+03	 4.355E+03	 5.000E+03	 4.309E+01
   56.7125	 2.000E+01	 1.745E+01	 1.210E+01	 0.000E+00	 2.746E+04	 4.180E+03	 4.361E+03	 5.000E+03	 4.309E+01
   56.7250	 2.000E+01	 1.745E+01	 1.210E+01	 0.000E+00	 2.746E+04	 4.180E+03	 4.367E+03	 5.000E+03	 4.309E+01
   56.7375	 2.000E+01	 1.745E+01	 1.210E+01	 0.000E+00	 2.746E+04	 4.180E+03	 4.374E+03	 5.000E+03	 4.309E+01
   56.7500	 2.000E+01	 1.745E+01	 1.210E+01	 0.000E+00	 2.746E+04	 4.180E+03	 4.380E+03	 5.000E+03	 4.309E+01
   56.7625	 2.000E+01	 1.745E+01	 1.210E+01	 0.000E+00	 2.746E+04	 4.180E+03	 4.386E+03	 5.000E+03	 4.309E+01
   56.7750	 2.000E+01	 1.745E+01	 1.210E+01	 0.000E+00	 2.746E+04	 4.180E+03	 4.392E+03	 5.000E+03	 4.309E+01
   56.7875	 2.000E+01	 1.745E+01	 1.210E+01	 0.000E+00	 2.746E+04	 4.180E+03	 4.398E+03	 5.000E+03	 4.309E+01
   56.8000	 2.000E+01	 1.745E+01	 1.210E+01	 0.000E+00	 2.747E+04	 4.180E+03	 4.405E+03	 5.000E+03	 4.309E+01
   56.8125	 2.000E+01	 1.745E+01	 1.210E+01	 0.000E+00	 2.747E+04	 4.180E+03	 4.410E+03	 5.000E+03	 4.309E+01
   56.8250	 2.000E+01	 1.745E+01	 1.210E+01	 0.000E+00	 2.747E+04	 4.180E+03	 4.416E+03	 5.000E+03	 4.309E+01
   56.8375	 2.000E+01	 1.745E+01	 1.210E+01	 0.000E+00	 2.747E+04	 4.180E+03	 4.422E+03	 5.000E+03	 4.309E+01
   56.8500	 2.000E+01	 1.745E+01	 1.210E+01	 0.000E+00	 2.747E+04	 4.180E+03	 4.428E+03	 5.000E+03	 4.309E+01
   56.8625	 2.000E+01	 1.745E+01	 1.210E+01	 0.000E+00	 2.747E+04	 4.180E+03	 4.434E+03	 5.000E+03	 4.309E+01
   56.8750	 2.000E+01	 1.745E+01	 1.210E+01	 0.000E+00	 2.747E+04	 4.180E+03	 4.440E+03	 5.000E+03	 4.309E+01
   56.8875	 2.000E+01	 1.745E+01	 1.210E+01	 0.000E+00	 2.747E+04	 4.180E+03	 4.446E+03	 5.000E+03	 4.309E+01
   56.9000	 2.000E+01	 1.745E+01	 1.210E+01	 0.000E+00	 2.747E+04	 4.180E+03	 4.451E+03	 5.000E+03	 4.309E+01
   56.9125	 2.000E+01	 1.745E+01	 1.210E+01	 0.000E+00	 2.747E+04	 4.180E+03	 4.457E+03	 5.000E+03	 4.309E+01
   56.9250	 2.000E+01	 1.745E+01	 1.210E+01	 0.000E+00	 2.747E+04	 4.180E+03	 4.462E+03	 5.000E+03	 4.309E+01
   56.9375	 2.000E+01	 1.745E+01	 1.210E+01	 0.000E+00	 2.747E+04	 4.180E+03	 4.468E+03	 5.000E+03	 4.309E+01
   56.9500	 2.000E+01	 1.745E+01	 1.210E+01	 0.000E+00	 2.747E+04	 4.180E+03	 4.473E+03	 5.000E+03	 4.309E+01
   56.9625	 2.000E+01	 1.745E+01	 1.210E+01	 0.000E+00	 2.748E+04	 4.180E+03	 4.478E+03	 5.000E+03	 4.309E+01
   56.9750	 2.000E+01	 1.745E+01	 1.210E+01	 0.000E+00	 2.748E+04	 4.180E+03	 4.484E+03	 5.000E+03	 4.309E+01
   56.9875	 2.000E+01	 1.745E+01	 1.210E+01	 0.000E+00	 2.748E+04	 4.180E+03	 4.489E+03	 5.000E+03	 4.309E+01
   57.0000	 2.000E+01	 1.745E+01	 1.210E+01	 0.000E+00	 2.748E+04	 4.180E+03	 4.494E+03	 5.000E+03	 4.309E+01
   57.0125	 2.000E+01	 1.745E+01	 1.210E+01	 0.000E+00	 2.748E+04	 4.180E+03	 4.499E+03	 5.000E+03	 4.309E+01
   57.0250	 2.000E+01	 1.745E+01	 1.210E+01	 0.000E+00	 2.748E+04	 4.180E+03	 4.504E+03	 5.000E+03	 4.309E+01
   57.0375	 2.000E+01	 1.745E+01	 1.210E+01	 0.000E+00	 2.748E+04	 4.180E+03	 4.509E+03	 5.000E+03	 4.309E+01
   57.0500	 2.000E+01	 1.745E+01	 1.210E+01	 0.000E+00	 2.748E+04	 4.180E+03	 4.513E+03	 5.000E+03	 4.309E+01
   57.0625	 2.000E+01	 1.745E+01	 1.210E+01	 0.000E+00	 2.748E+04	 4.180E+03	 4.518E+03	 5.000E+03	 4.309E+01
   57.0750	 2.000E+01	 1.745E+01	 1.210E+01	 0.000E+00	 2.748E+04	 4.180E+03	 4.522E+03	 5.000E+03	 4.309E+01
   57.0875	 2.000E+01	 1.745E+01	 1.210E+01	 0.000E+00	 2.748E+04	 4.180E+03	 4.527E+03	 5.000E+03	 4.309E+01
   57.1000	 2.000E+01	 1.745E+01	 1.210E+01	 0.000E+00	 2.748E+04	 4.180E+03	 4.531E+03	 5.000E+03	 4.309E+01
   57.1125	 2.000E+01	 1.745E+01	 1.210E+01	 0.000E+00	 2.748E+04	 4.180E+03	 4.536E+03	 5.000E+03	 4.309E+01
   57.1250	 2.000E+01	 1.745E+01	 1.210E+01	 0.000E+00	 2.748E+04	 4.180E+03	 4.540E+03	 5.000E+03	 4.309E+01
   57.1375	 2.000E+01	 1.745E+01	 1.210E+01	 0.000E+00	 2.748E+04	 4.180E+03	 4.544E+03	 5.000E+03	 4.309E+01
   57.1500	 2.000E+01	 1.745E+01	 1.210E+01	 0.000E+00	 2.748E+04	 4.180E+03	 4.548E+03	 5.000E+03	 4.309E+01
   57.1625	 2.000E+01	 1.745E+01	 1.210E+01	 0.000E+00	 2.748E+04	 4.180E+03	 4.552E+03	 5.000E+03	 4.309E+01
   57.1750	 2.000E+01	 1.745E+01	 1.210E+01	 0.000E+00	 2.749E+04	 4.180E+03	 4.556E+03	 5.000E+03	 4.309E+01
   57.1875	 2.000E+01	 1.745E+01	 1.210E+01	 0.000E+00	 2.749E+04	 4.180E+03	 4.560E+03	 5.000E+03	 4.309E+01
   57.2000	 2.000E+01	 1.745E+01	 1.210E+01	 0.000E+00	 2.749E+04	 4.180E+03	 4.563E+03	 5.000E+03	 4.309E+01
   57.2125	 2.000E+01	 1.745E+01	 1.210E+01	 0.000E+00	 2.749E+04	 4.180E+03	 4.567E+03	 5.000E+03	 4.309E+01
   57.2250	 2.000E+01	 1.745E+01	 1.210E+01	 0.000E+00	 2.749E+04	 4.180E+03	 4.571E+03	 5.000E+03	 4.309E+01
   57.2375	 2.000E+01	 1.745E+01	 1.210E+01	 0.000E+00	 2.749E+04	 4.180E+03	 4.574E+03	 5.000E+03	 4.309E+01
   57.2500	 2.000E+01	 1.745E+01	 1.210E+01	 0.000E+00	 2.749E+04	 4.180E+03	 4.577E+03	 5.000E+03	 4.309E+01
   57.2625	 2.000E+01	 1.745E+01	 1.210E+01	 0.000E+00	 2.749E+04	 4.180E+03	 4.581E+03	 5.000E+03	 4.309E+01
   57.2750	 2.000E+01	 1.745E+01	 1.210E+01	 0.000E+00	 2.749E+04	 4.180E+03	 4.584E+03	 5.000E+03	 4.309E+01
   57.2875	 2.000E+01	 1.745E+01	 1.210E+01	 0.000E+00	 2.749E+04	 4.180E+03	 4.587E+03	 5.000E+03	 4.309E+01
   57.3000	 2.000E+01	 1.745E+01	 1.210E+01	 0.000E+00	 2.749E+04	 4.180E+03	 4.590E+03	 5.000E+03	 4.309E+01
   57.3125	 2.000E+01	 1.745E+01	 1.210E+01	 0.000E+00	 2.749E+04	 4.180E+03	 4.593E+03	 5.000E+03	 4.309E+01
   57.3250	 2.000E+01	 1.745E+01	 1.210E+01	 0.000E+00	 2.749E+04	 4.180E+03	 4.595E+03	 5.000E+03	 4.309E+01
   57.3375	 2.000E+01	 1.745E+01	 1.210E+01	 0.000E+00	 2.749E+04	 4.180E+03	 4.598E+03	 5.000E+03	 4.309E+01
   57.3500	 2.000E+01	 1.745E+01	 1.210E+01	 0.000E+00	 2.749E+04	 4.180E+03	 4.601E+03	 5.000E+03	 4.309E+01
   57.3625	 2.000E+01	 1.745E+01	 1.210E+01	 0.000E+00	 2.749E+04	 4.180E+03	 4.603E+03	 5.000E+03	 4.309E+01
   57.3750	 2.000E+01	 1.745E+01	 1.210E+01	 0.000E+00	 2.749E+04	 4.180E+03	 4.606E+03	 5.000E+03	 4.309E+01
   57.3875	 2.000E+01	 1.745E+01	 1.210E+01	 0.000E+00	 2.749E+04	 4.180E+03	 4.608E+03	 5.000E+03	 4.309E+01
   57.4000	 2.000E+01	 1.745E+01	 1.210E+01	 0.000E+00	 2.749E+04	 4.180E+03	 4.610E+03	 5.000E+03	 4.309E+01
   57.4125	 2.000E+01	 1.745E+01	 1.210E+01	 0.000E+00	 2.749E+04	 4.180E+03	 4.612E+03	 5.000E+03	 4.309E+01
   57.4250	 2.000E+01	 1.745E+01	 1.210E+01	 0.000E+00	 2.749E+04	 4.180E+03	 4.614E+03	 5.000E+03	 4.309E+01
   57.4375	 2.000E+01	 1.745E+01	 1.210E+01	 0.000E+00	 2.749E+04	 4.180E+03	 4.616E+03	 5.000E+03	 4.309E+01
   57.4500	 2.000E+01	 1.745E+01	 1.210E+01	 0.000E+00	 2.749E+04	 4.180E+03	 4.618E+03	 5.000E+03	 4.309E+01
   57.4625	 2.000E+01	 1.745E+01	 1.210E+01	 0.000E+00	 2.749E+04	 4.180E+03	 4.620E+03	 5.000E+03	 4.309E+01
   57.4750	 2.000E+01	 1.745E+01	 1.210E+01	 0.000E+00	 2.749E+04	 4.180E+03	 4.621E+03	 5.000E+03	 4.309E+01
   57.4875	 2.000E+01	 1.745E+01	 1.210E+01	 0.000E+00	 2.749E+04	 4.180E+03	 4.623E+03	 5.000E+03	 4.309E+01
   57.5000	 2.000E+01	 1.745E+01	 1.210E+01	 0.000E+00	 2.749E+04	 4.180E+03	 4.625E+03	 5.000E+03	 4.309E+01
   57.5125	 2.000E+01	 1.745E+01	 1.210E+01	 0.000E+00	 2.749E+04	 4.180E+03	 4.626E+03	 5.000E+03	 4.309E+01
   57.5250	 2.000E+01	 1.745E+01	 1.210E+01	 0.000E+00	 2.749E+04	 4.180E+03	 4.627E+03	 5.000E+03	 4.309E+01
   57.5375	 2.000E+01	 1.745E+01	 1.210E+01	 0.000E+00	 2.749E+04	 4.180E+03	 4.628E+03	 5.000E+03	 4.309E+01
   57.5500	 2.000E+01	 1.745E+01	 1.210E+01	 0.000E+00	 2.748E+04	 4.180E+03	 4.629E+03	 5.000E+03	 4.309E+01
   57.5625	 2.000E+01	 1.745E+01	 1.210E+01	 0.000E+00	 2.748E+04	 4.180E+03	 4.630E+03	 5.000E+03	 4.309E+01
   57.5750	 2.000E+01	 1.745E+01	 1.210E+01	 0.000E+00	 2.748E+04	 4.180E+03	 4.631E+03	 5.000E+03	 4.309E+01
   57.5875	 2.000E+01	 1.745E+01	 1.210E+01	 0.000E+00	 2.748E+04	 4.180E+03	 4.632E+03	 5.000E+03	 4.309E+01
   57.6000	 2.000E+01	 1.745E+01	 1.210E+01	 0.000E+00	 2.748E+04	 4.180E+03	 4.633E+03	 5.000E+03	 4.309E+01
   57.6125	 2.000E+01	 1.745E+01	 1.210E+01	 0.000E+00	 2.748E+04	 4.180E+03	 4.633E+03	 5.000E+03	 4.309E+01
   57.6250	 2.000E+01	 1.745E+01	 1.210E+01	 0.000E+00	 2.748E+04	 4.180E+03	 4.634E+03	 5.000E+03	 4.309E+01
   57.6375	 2.000E+01	 1.745E+01	 1.210E+01	 0.000E+00	 2.748E+04	 4.180E+03	 4.634E+03	 5.000E+03	 4.309E+01
   57.6500	 2.000E+01	 1.745E+01	 1.210E+01	 0.000E+00	 2.748E+04	 4.180E+03	 4.634E+03	 5.000E+03	 4.309E+01
   57.6625	 2.000E+01	 1.745E+01	 1.210E+01	 0.000E+00	 2.748E+04	 4.180E+03	 4.635E+03	 5.000E+03	 4.309E+01
   57.6750	 2.000E+01	 1.745E+01	 1.210E+01	 0.000E+00	 2.748E+04	 4.180E+03	 4.635E+03	 5.000E+03	 4.309E+01
   57.6875	 2.000E+01	 1.745E+01	 1.210E+01	 0.000E+00	 2.748E+04	 4.180E+03	 4.635E+03	 5.000E+03	 4.309E+01
   57.7000	 2.000E+01	 1.745E+01	 1.210E+01	 0.000E+00	 2.748E+04	 4.180E+03	 4.635E+03	 5.000E+03	 4.309E+01
   57.7125	 2.000E+01	 1.745E+01	 1.210E+01	 0.000E+00	 2.748E+04	 4.180E+03	 4.634E+03	 5.000E+03	 4.309E+01
   57.7250	 2.000E+01	 1.745E+01	 1.210E+01	 0.000E+00	 2.748E+04	 4.180E+03	 4.634E+03	 5.000E+03	 4.309E+01
   57.7375	 2.000E+01	 1.745E+01	 1.210E+01	 0.000E+00	 2.748E+04	 4.180E+03	 4.634E+03	 5.000E+03	 4.309E+01
   57.7500	 2.000E+01	 1.745E+01	 1.210E+01	 0.000E+00	 2.748E+04	 4.180E+03	 4.633E+03	 5.000E+03	 4.309E+01
   57.7625	 2.000E+01	 1.745E+01	 1.210E+01	 0.000E+00	 2.748E+04	 4.180E+03	 4.633E+03	 5.000E+03	 4.309E+01
   57.7750	 2.000E+01	 1.745E+01	 1.210E+01	 0.000E+00	 2.748E+04	 4.180E+03	 4.632E+03	 5.000E+03	 4.309E+01
   57.7875	 2.000E+01	 1.745E+01	 1.210E+01	 0.000E+00	 2.747E+04	 4.180E+03	 4.631E+03	 5.000E+03	 4.309E+01
   57.8000	 2.000E+01	 1.745E+01	 1.210E+01	 0.000E+00	 2.747E+04	 4.180E+03	 4.630E+03	 5.000E+03	 4.309E+01
   57.8125	 2.000E+01	 1.745E+01	 1.210E+01	 0.000E+00	 2.747E+04	 4.180E+03	 4.629E+03	 5.000E+03	 4.309E+01
   57.8250	 2.000E+01	 1.745E+01	 1.210E+01	 0.000E+00	 2.747E+04	 4.180E+03	 4.628E+03	 5.000E+03	 4.309E+01
   57.8375	 2.000E+01	 1.745E+01	 1.210E+01	 0.000E+00	 2.747E+04	 4.180E+03	 4.627E+03	 5.000E+03	 4.309E+01
   57.8500	 2.000E+01	 1.745E+01	 1.210E+01	 0.000E+00	 2.747E+04	 4.180E+03	 4.626E+03	 5.000E+03	 4.309E+01
   57.8625	 2.000E+01	 1.745E+01	 1.210E+01	 0.000E+00	 2.747E+04	 4.180E+03	 4.625E+03	 5.000E+03	 4.309E+01
   57.8750	 2.000E+01	 1.745E+01	 1.210E+01	 0.000E+00	 2.747E+04	 4.180E+03	 4.623E+03	 5.000E+03	 4.309E+01
   57.8875	 2.000E+01	 1.745E+01	 1.210E+01	 0.000E+00	 2.747E+04	 4.180E+03	 4.622E+03	 5.000E+03	 4.309E+01
   57.9000	 2.000E+01	 1.745E+01	 1.210E+01	 0.000E+00	 2.747E+04	 4.180E+03	 4.620E+03	 5.000E+03	 4.309E+01
   57.9125	 2.000E+01	 1.745E+01	 1.210E+01	 0.000E+00	 2.747E+04	 4.180E+03	 4.618E+03	 5.000E+03	 4.309E+01
   57.9250	 2.000E+01	 1.745E+01	 1.210E+01	 0.000E+00	 2.747E+04	 4.180E+03	 4.616E+03	 5.000E+03	 4.309E+01
   57.9375	 2.000E+01	 1.745E+01	 1.210E+01	 0.000E+00	 2.747E+04	 4.180E+03	 4.615E+03	 5.000E+03	 4.309E+01
   57.9500	 2.000E+01	 1.745E+01	 1.210E+01	 0.000E+00	 2.747E+04	 4.180E+03	 4.613E+03	 5.000E+03	 4.309E+01
   57.9625	 2.000E+01	 1.745E+01	 1.210E+01	 0.000E+00	 2.747E+04	 4.180E+03	 4.610E+03	 5.000E+03	 4.309E+01
   57.9750	 2.000E+01	 1.745E+01	 1.210E+01	 0.000E+00	 2.747E+04	 4.180E+03	 4.608E+03	 5.000E+03	 4.309E+01
   57.9875	 2.000E+01	 1.745E+01	 1.210E+01	 0.000E+00	 2.746E+04	 4.180E+03	 4.606E+03	 5.000E+03	 4.309E+01
   58.0000	 2.000E+01	 1.745E+01	 1.210E+01	 0.000E+00	 2.746E+04	 4.180E+03	 4.604E+03	 5.000E+03	 4.309E+01
   58.0125	 2.000E+01	 1.745E+01	 1.210E+01	 0.000E+00	 2.746E+04	 4.180E+03	 4.601E+03	 5.000E+03	 4.309E+01
   58.0250	 2.000E+01	 1.745E+01	 1.210E+01	 0.000E+00	 2.746E+04	 4.180E+03	 4.599E+03	 5.000E+03	 4.309E+01
   58.0375	 2.000E+01	 1.745E+01	 1.210E+01	 0.000E+00	 2.746E+04	 4.180E+03	 4.596E+03	 5.000E+03	 4.309E+01
   58.0500	 2.000E+01	 1.745E+01	 1.210E+01	 0.000E+00	 2.746E+04	 4.180E+03	 4.593E+03	 5.000E+03	 4.309E+01
   58.0625	 2.000E+01	 1.745E+01	 1.210E+01	 0.000E+00	 2.746E+04	 4.180E+03	 4.591E+03	 5.000E+03	 4.309E+01
   58.0750	 2.000E+01	 1.745E+01	 1.210E+01	 0.000E+00	 2.746E+04	 4.180E+03	 4.588E+03	 5.000E+03	 4.309E+01
   58.0875	 2.000E+01	 1.745E+01	 1.210E+01	 0.000E+00	 2.746E+04	 4.180E+03	 4.585E+03	 5.000E+03	 4.309E+01
   58.1000	 2.000E+01	 1.745E+01	 1.210E+01	 0.000E+00	 2.746E+04	 4.180E+03	 4.582E+03	 5.000E+03	 4.309E+01
   58.1125	 2.000E+01	 1.745E+01	 1.210E+01	 0.000E+00	 2.746E+04	 4.180E+03	 4.579E+03	 5.000E+03	 4.309E+01
   58.1250	 2.000E+01	 1.745E+01	 1.210E+01	 0.000E+00	 2.746E+04	 4.180E+03	 4.576E+03	 5.000E+03	 4.309E+01
   58.1375	 2.000E+01	 1.745E+01	 1.210E+01	 0.000E+00	 2.746E+04	 4.180E+03	 4.572E+03	 5.000E+03	 4.309E+01
   58.1500	 2.000E+01	 1.745E+01	 1.210E+01	 0.000E+00	 2.746E+04	 4.180E+03	 4.569E+03	 5.000E+03	 4.309E+01
   58.1625	 2.000E+01	 1.745E+01	 1.210E+01	 0.000E+00	 2.746E+04	 4.180E+03	 4.566E+03	 5.000E+03	 4.309E+01
   58.1750	 2.000E+01	 1.745E+01	 1.210E+01	 0.000E+00	 2.746E+04	 4.180E+03	 4.562E+03	 5.000E+03	 4.309E+01
   58.1875	 2.000E+01	 1.745E+01	 1.210E+01	 0.000E+00	 2.746E+04	 4.180E+03	 4.558E+03	 5.000E+03	 4.309E+01
   58.2000	 2.000E+01	 1.745E+01	 1.210E+01	 0.000E+00	 2.746E+04	 4.180E+03	 4.555E+03	 5.000E+03	 4.309E+01
   58.2125	 2.000E+01	 1.745E+01	 1.210E+01	 0.000E+00	 2.746E+04	 4.180E+03	 4.551E+03	 5.000E+03	 4.309E+01
   58.2250	 2.000E+01	 1.745E+01	 1.210E+01	 0.000E+00	 2.746E+04	 4.180E+03	 4.547E+03	 5.000E+03	 4.309E+01
   58.2375	 2.000E+01	 1.745E+01	 1.210E+01	 0.000E+00	 2.746E+04	 4.180E+03	 4.543E+03	 5.000E+03	 4.309E+01
   58.2500	 2.000E+01	 1.745E+01	 1.210E+01	 0.000E+00	 2.746E+04	 4.180E+03	 4.539E+03	 5.000E+03	 4.309E+01
   58.2625	 2.000E+01	 1.745E+01	 1.210E+01	 0.000E+00	 2.746E+04	 4.180E+03	 4.535E+03	 5.000E+03	 4.309E+01
   58.2750	 2.000E+01	 1.745E+01	 1.210E+01	 0.000E+00	 2.746E+04	 4.180E+03	 4.531E+03	 5.000E+03	 4.309E+01
   58.2875	 2.000E+01	 1.745E+01	 1.210E+01	 0.000E+00	 2.746E+04	 4.180E+03	 4.527E+03	 5.000E+03	 4.309E+01
   58.3000	 2.000E+01	 1.745E+01	 1.210E+01	 0.000E+00	 2.746E+04	 4.180E+03	 4.523E+03	 5.000E+03	 4.309E+01
   58.3125	 2.000E+01	 1.745E+01	 1.210E+01	 0.000E+00	 2.746E+04	 4.180E+03	 4.519E+03	 5.000E+03	 4.309E+01
   58.3250	 2.000E+01	 1.745E+01	 1.210E+01	 0.000E+00	 2.746E+04	 4.180E+03	 4.514E+03	 5.000E+03	 4.309E+01
   58.3375	 2.000E+01	 1.745E+01	 1.210E+01	 0.000E+00	 2.746E+04	 4.180E+03	 4.510E+03	 5.000E+03	 4.309E+01
   58.3500	 2.000E+01	 1.745E+01	 1.210E+01	 0.000E+00	 2.746E+04	 4.180E+03	 4.505E+03	 5.000E+03	 4.309E+01
   58.3625	 2.000E+01	 1.745E+01	 1.210E+01	 0.000E+00	 2.746E+04	 4.180E+03	 4.501E+03	 5.000E+03	 4.309E+01
   58.3750	 2.000E+01	 1.745E+01	 1.210E+01	 0.000E+00	 2.746E+04	 4.180E+03	 4.496E+03	 5.000E+03	 4.309E+01
   58.3875	 2.000E+01	 1.745E+01	 1.210E+01	 0.000E+00	 2.746E+04	 4.180E+03	 4.491E+03	 5.000E+03	 4.309E+01
   58.4000	 2.000E+01	 1.745E+01	 1.210E+01	 0.000E+00	 2.746E+04	 4.180E+03	 4.486E+03	 5.000E+03	 4.309E+01
   58.4125	 2.000E+01	 1.745E+01	 1.210E+01	 0.000E+00	 2.746E+04	 4.180E+03	 4.482E+03	 5.000E+03	 4.309E+01
   58.4250	 2.000E+01	 1.745E+01	 1.210E+01	 0.000E+00	 2.746E+04	 4.180E+03	 4.477E+03	 5.000E+03	 4.309E+01
   58.4375	 2.000E+01	 1.745E+01	 1.210E+01	 0.000E+00	 2.746E+04	 4.180E+03	 4.472E+03	 5.000E+03	 4.309E+01
   58.4500	 2.000E+01	 1.745E+01	 1.210E+01	 0.000E+00	 2.747E+04	 4.180E+03	 4.467E+03	 5.000E+03	 4.309E+01
   58.4625	 2.000E+01	 1.745E+01	 1.210E+01	 0.000E+00	 2.747E+04	 4.180E+03	 4.462E+03	 5.000E+03	 4.309E+01
   58.4750	 2.000E+01	 1.745E+01	 1.210E+01	 0.000E+00	 2.747E+04	 4.180E+03	 4.457E+03	 5.000E+03	 4.309E+01
   58.4875	 2.000E+01	 1.745E+01	 1.210E+01	 0.000E+00	 2.747E+04	 4.180E+03	 4.451E+03	 5.000E+03	 4.309E+01
   58.5000	 2.000E+01	 1.745E+01	 1.210E+01	 0.000E+00	 2.747E+04	 4.180E+03	 4.446E+03	 5.000E+03	 4.309E+01
   58.5125	 2.000E+01	 1.745E+01	 1.210E+01	 0.000E+00	 2.747E+04	 4.180E+03	 4.441E+03	 5.000E+03	 4.309E+01
   58.5250	 2.000E+01	 1.745E+01	 1.210E+01	 0.000E+00	 2.747E+04	 4.180E+03	 4.435E+03	 5.000E+03	 4.309E+01
   58.5375	 2.000E+01	 1.745E+01	 1.210E+01	 0.000E+00	 2.747E+04	 4.180E+03	 4.430E+03	 5.000E+03	 4.309E+01
   58.5500	 2.000E+01	 1.745E+01	 1.210E+01	 0.000E+00	 2.747E+04	 4.180E+03	 4.425E+03	 5.000E+03	 4.309E+01
   58.5625	 2.000E+01	 1.745E+01	 1.210E+01	 0.000E+00	 2.747E+04	 4.180E+03	 4.419E+03	 5.000E+03	 4.309E+01
   58.5750	 2.000E+01	 1.745E+01	 1.210E+01	 0.000E+00	 2.747E+04	 4.180E+03	 4.414E+03	 5.000E+03	 4.309E+01
   58.5875	 2.000E+01	 1.745E+01	 1.210E+01	 0.000E+00	 2.747E+04	 4.180E+03	 4.408E+03	 5.000E+03	 4.309E+01
   58.6000	 2.000E+01	 1.745E+01	 1.210E+01	 0.000E+00	 2.747E+04	 4.180E+03	 4.402E+03	 5.000E+03	 4.309E+01
   58.6125	 2.000E+01	 1.745E+01	 1.210E+01	 0.000E+00	 2.747E+04	 4.180E+03	 4.397E+03	 5.000E+03	 4.309E+01
   58.6250	 2.000E+01	 1.745E+01	 1.210E+01	 0.000E+00	 2.748E+04	 4.180E+03	 4.391E+03	 5.000E+03	 4.309E+01
   58.6375	 2.000E+01	 1.745E+01	 1.210E+01	 0.000E+00	 2.748E+04	 4.180E+03	 4.385E+03	 5.000E+03	 4.309E+01
   58.6500	 2.000E+01	 1.745E+01	 1.210E+01	 0.000E+00	 2.748E+04	 4.180E+03	 4.379E+03	 5.000E+03	 4.309E+01
   58.6625	 2.000E+01	 1.745E+01	 1.210E+01	 0.000E+00	 2.748E+04	 4.180E+03	 4.373E+03	 5.000E+03	 4.309E+01
   58.6750	 2.000E+01	 1.745E+01	 1.210E+01	 0.000E+00	 2.748E+04	 4.180E+03	 4.368E+03	 5.000E+03	 4.309E+01
   58.6875	 2.000E+01	 1.745E+01	 1.210E+01	 0.000E+00	 2.748E+04	 4.180E+03	 4.362E+03	 5.000E+03	 4.309E+01
   58.7000	 2.000E+01	 1.745E+01	 1.210E+01	 0.000E+00	 2.748E+04	 4.180E+03	 4.356E+03	 5.000E+03	 4.309E+01
   58.7125	 2.000E+01	 1.745E+01	 1.210E+01	 0.000E+00	 2.748E+04	 4.180E+03	 4.350E+03	 5.000E+03	 4.309E+01
   58.7250	 2.000E+01	 1.745E+01	 1.210E+01	 0.000E+00	 2.748E+04	 4.180E+03	 4.344E+03	 5.000E+03	 4.309E+01
   58.7375	 2.000E+01	 1.745E+01	 1.210E+01	 0.000E+00	 2.748E+04	 4.180E+03	 4.338E+03	 5.000E+03	 4.309E+01
   58.7500	 2.000E+01	 1.745E+01	 1.210E+01	 0.000E+00	 2.748E+04	 4.180E+03	 4.332E+03	 5.000E+03	 4.309E+01
   58.7625	 2.000E+01	 1.745E+01	 1.210E+01	 0.000E+00	 2.748E+04	 4.180E+03	 4.325E+03	 5.000E+03	 4.309E+01
   58.7750	 2.000E+01	 1.745E+01	 1.210E+01	 0.000E+00	 2.748E+04	 4.180E+03	 4.319E+03	 5.000E+03	 4.309E+01
   58.7875	 2.000E+01	 1.745E+01	 1.210E+01	 0.000E+00	 2.748E+04	 4.180E+03	 4.313E+03	 5.000E+03	 4.309E+01
   58.8000	 2.000E+01	 1.745E+01	 1.210E+01	 0.000E+00	 2.748E+04	 4.180E+03	 4.307E+03	 5.000E+03	 4.309E+01
   58.8125	 2.000E+01	 1.745E+01	 1.210E+01	 0.000E+00	 2.748E+04	 4.180E+03	 4.301E+03	 5.000E+03	 4.309E+01
   58.8250	 2.000E+01	 1.745E+01	 1.210E+01	 0.000E+00	 2.749E+04	 4.180E+03	 4.294E+03	 5.000E+03	 4.309E+01
   58.8375	 2.000E+01	 1.745E+01	 1.210E+01	 0.000E+00	 2.749E+04	 4.180E+03	 4.288E+03	 5.000E+03	 4.309E+01
   58.8500	 2.000E+01	 1.745E+01	 1.210E+01	 0.000E+00	 2.749E+04	 4.180E+03	 4.282E+03	 5.000E+03	 4.309E+01
   58.8625	 2.000E+01	 1.745E+01	 1.210E+01	 0.000E+00	 2.749E+04	 4.180E+03	 4.276E+03	 5.000E+03	 4.309E+01
   58.8750	 2.000E+01	 1.745E+01	 1.210E+01	 0.000E+00	 2.749E+04	 4.180E+03	 4.269E+03	 5.000E+03	 4.309E+01
   58.8875	 2.000E+01	 1.745E+01	 1.210E+01	 0.000E+00	 2.749E+04	 4.180E+03	 4.263E+03	 5.000E+03	 4.309E+01
   58.9000	 2.000E+01	 1.745E+01	 1.210E+01	 0.000E+00	 2.749E+04	 4.180E+03	 4.257E+03	 5.000E+03	 4.309E+01
   58.9125	 2.000E+01	 1.745E+01	 1.210E+01	 0.000E+00	 2.749E+04	 4.180E+03	 4.250E+03	 5.000E+03	 4.309E+01
   58.9250	 2.000E+01	 1.745E+01	 1.210E+01	 0.000E+00	 2.749E+04	 4.180E+03	 4.244E+03	 5.000E+03	 4.309E+01
   58.9375	 2.000E+01	 1.745E+01	 1.210E+01	 0.000E+00	 2.749E+04	 4.180E+03	 4.237E+03	 5.000E+03	 4.309E+01
   58.9500	 2.000E+01	 1.745E+01	 1.210E+01	 0.000E+00	 2.749E+04	 4.180E+03	 4.231E+03	 5.000E+03	 4.309E+01
   58.9625	 2.000E+01	 1.745E+01	 1.210E+01	 0.000E+00	 2.749E+04	 4.180E+03	 4.224E+03	 5.000E+03	 4.309E+01
   58.9750	 2.000E+01	 1.745E+01	 1.210E+01	 0.000E+00	 2.749E+04	 4.180E+03	 4.218E+03	 5.000E+03	 4.309E+01
   58.9875	 2.000E+01	 1.745E+01	 1.210E+01	 0.000E+00	 2.749E+04	 4.180E+03	 4.211E+03	 5.000E+03	 4.309E+01
   59.0000	 2.000E+01	 1.745E+01	 1.210E+01	 0.000E+00	 2.749E+04	 4.180E+03	 4.205E+03	 5.000E+03	 4.309E+01
   59.0125	 2.000E+01	 1.745E+01	 1.210E+01	 0.000E+00	 2.749E+04	 4.180E+03	 4.198E+03	 5.000E+03	 4.309E+01
   59.0250	 2.000E+01	 1.745E+01	 1.210E+01	 0.000E+00	 2.749E+04	 4.180E+03	 4.192E+03	 5.000E+03	 4.309E+01
   59.0375	 2.000E+01	 1.745E+01	 1.210E+01	 0.000E+00	 2.749E+04	 4.180E+03	 4.185E+03	 5.000E+03	 4.309E+01
   59.0500	 2.000E+01	 1.745E+01	 1.210E+01	 0.000E+00	 2.749E+04	 4.180E+03	 4.179E+03	 5.000E+03	 4.309E+01
   59.0625	 2.000E+01	 1.745E+01	 1.210E+01	 0.000E+00	 2.749E+04	 4.180E+03	 4.173E+03	 5.000E+03	 4.309E+01
   59.0750	 2.000E+01	 1.745E+01	 1.210E+01	 0.000E+00	 2.749E+04	 4.180E+03	 4.166E+03	 5.000E+03	 4.309E+01
   59.0875	 2.000E+01	 1.745E+01	 1.210E+01	 0.000E+00	 2.749E+04	 4.180E+03	 4.160E+03	 5.000E+03	 4.309E+01
   59.1000	 2.000E+01	 1.745E+01	 1.210E+01	 0.000E+00	 2.749E+04	 4.180E+03	 4.153E+03	 5.000E+03	 4.309E+01
   59.1125	 2.000E+01	 1.745E+01	 1.210E+01	 0.000E+00	 2.749E+04	 4.180E+03	 4.147E+03	 5.000E+03	 4.309E+01
   59.1250	 2.000E+01	 1.745E+01	 1.210E+01	 0.000E+00	 2.749E+04	 4.180E+03	 4.140E+03	 5.000E+03	 4.309E+01
   59.1375	 2.000E+01	 1.745E+01	 1.210E+01	 0.000E+00	 2.749E+04	 4.180E+03	 4.134E+03	 5.000E+03	 4.309E+01
   59.1500	 2.000E+01	 1.745E+01	 1.210E+01	 0.000E+00	 2.749E+04	 4.180E+03	 4.127E+03	 5.000E+03	 4.309E+01
   59.1625	 2.000E+01	 1.745E+01	 1.210E+01	 0.000E+00	 2.749E+04	 4.180E+03	 4.121E+03	 5.000E+03	 4.309E+01
   59.1750	 2.000E+01	 1.745E+01	 1.210E+01	 0.000E+00	 2.749E+04	 4.180E+03	 4.114E+03	 5.000E+03	 4.309E+01
   59.1875	 2.000E+01	 1.745E+01	 1.210E+01	 0.000E+00	 2.749E+04	 4.180E+03	 4.108E+03	 5.000E+03	 4.309E+01
   59.2000	 2.000E+01	 1.745E+01	 1.210E+01	 0.000E+00	 2.748E+04	 4.180E+03	 4.102E+03	 5.000E+03	 4.309E+01
   59.2125	 2.000E+01	 1.745E+01	 1.210E+01	 0.000E+00	 2.748E+04	 4.180E+03	 4.095E+03	 5.000E+03	 4.309E+01
   59.2250	 2.000E+01	 1.745E+01	 1.210E+01	 0.000E+00	 2.748E+04	 4.180E+03	 4.089E+03	 5.000E+03	 4.309E+01
   59.2375	 2.000E+01	 1.745E+01	 1.210E+01	 0.000E+00	 2.748E+04	 4.180E+03	 4.083E+03	 5.000E+03	 4.309E+01
   59.2500	 2.000E+01	 1.745E+01	 1.210E+01	 0.000E+00	 2.748E+04	 4.180E+03	 4.077E+03	 5.000E+03	 4.309E+01
   59.2625	 2.000E+01	 1.745E+01	 1.210E+01	 0.000E+00	 2.748E+04	 4.180E+03	 4.071E+03	 5.000E+03	 4.309E+01
   59.2750	 2.000E+01	 1.745E+01	 1.210E+01	 0.000E+00	 2.748E+04	 4.180E+03	 4.065E+03	 5.000E+03	 4.309E+01
   59.2875	 2.000E+01	 1.745E+01	 1.210E+01	 0.000E+00	 2.748E+04	 4.180E+03	 4.058E+03	 5.000E+03	 4.309E+01
   59.3000	 2.000E+01	 1.745E+01	 1.210E+01	 0.000E+00	 2.748E+04	 4.180E+03	 4.052E+03	 5.000E+03	 4.309E+01
   59.3125	 2.000E+01	 1.745E+01	 1.210E+01	 0.000E+00	 2.748E+04	 4.180E+03	 4.046E+03	 5.000E+03	 4.309E+01
   59.3250	 2.000E+01	 1.745E+01	 1.210E+01	 0.000E+00	 2.748E+04	 4.180E+03	 4.041E+03	 5.000E+03	 4.309E+01
   59.3375	 2.000E+01	 1.745E+01	 1.210E+01	 0.000E+00	 2.748E+04	 4.180E+03	 4.035E+03	 5.000E+03	 4.309E+01
   59.3500	 2.000E+01	 1.745E+01	 1.210E+01	 0.000E+00	 2.748E+04	 4.180E+03	 4.029E+03	 5.000E+03	 4.309E+01
   59.3625	 2.000E+01	 1.745E+01	 1.210E+01	 0.000E+00	 2.748E+04	 4.180E+03	 4.023E+03	 5.000E+03	 4.309E+01
   59.3750	 2.000E+01	 1.745E+01	 1.210E+01	 0.000E+00	 2.748E+04	 4.180E+03	 4.017E+03	 5.000E+03	 4.309E+01
   59.3875	 2.000E+01	 1.745E+01	 1.210E+01	 0.000E+00	 2.748E+04	 4.180E+03	 4.011E+03	 5.000E+03	 4.309E+01
   59.4000	 2.000E+01	 1.745E+01	 1.210E+01	 0.000E+00	 2.748E+04	 4.180E+03	 4.006E+03	 5.000E+03	 4.309E+01
   59.4125	 2.000E+01	 1.745E+01	 1.210E+01	 0.000E+00	 2.748E+04	 4.180E+03	 4.000E+03	 5.000E+03	 4.309E+01
   59.4250	 2.000E+01	 1.745E+01	 1.210E+01	 0.000E+00	 2.748E+04	 4.180E+03	 3.994E+03	 5.000E+03	 4.309E+01
   59.4375	 2.000E+01	 1.745E+01	 1.210E+01	 0.000E+00	 2.747E+04	 4.180E+03	 3.989E+03	 5.000E+03	 4.309E+01
   59.4500	 2.000E+01	 1.745E+01	 1.210E+01	 0.000E+00	 2.747E+04	 4.180E+03	 3.983E+03	 5.000E+03	 4.309E+01
   59.4625	 2.000E+01	 1.745E+01	 1.210E+01	 0.000E+00	 2.747E+04	 4.180E+03	 3.978E+03	 5.000E+03	 4.309E+01
   59.4750	 2.000E+01	 1.745E+01	 1.210E+01	 0.000E+00	 2.747E+04	 4.180E+03	 3.973E+03	 5.000E+03	 4.309E+01
   59.4875	 2.000E+01	 1.745E+01	 1.210E+01	 0.000E+00	 2.747E+04	 4.180E+03	 3.967E+03	 5.000E+03	 4.309E+01
   59.5000	 2.000E+01	 1.745E+01	 1.210E+01	 0.000E+00	 2.747E+04	 4.180E+03	 3.962E+03	 5.000E+03	 4.309E+01
   59.5125	 2.000E+01	 1.745E+01	 1.210E+01	 0.000E+00	 2.747E+04	 4.180E+03	 3.957E+03	 5.000E+03	 4.309E+01
   59.5250	 2.000E+01	 1.745E+01	 1.210E+01	 0.000E+00	 2.747E+04	 4.180E+03	 3.952E+03	 5.000E+03	 4.309E+01
   59.5375	 2.000E+01	 1.745E+01	 1.210E+01	 0.000E+00	 2.747E+04	 4.180E+03	 3.947E+03	 5.000E+03	 4.309E+01
   59.5500	 2.000E+01	 1.745E+01	 1.210E+01	 0.000E+00	 2.747E+04	 4.180E+03	 3.942E+03	 5.000E+03	 4.309E+01
   59.5625	 2.000E+01	 1.745E+01	 1.210E+01	 0.000E+00	 2.747E+04	 4.180E+03	 3.937E+03	 5.000E+03	 4.309E+01
   59.5750	 2.000E+01	 1.745E+01	 1.210E+01	 0.000E+00	 2.747E+04	 4.180E+03	 3.932E+03	 5.000E+03	 4.309E+01
   59.5875	 2.000E+01	 1.745E+01	 1.210E+01	 0.000E+00	 2.747E+04	 4.180E+03	 3.927E+03	 5.000E+03	 4.309E+01
   59.6000	 2.000E+01	 1.745E+01	 1.210E+01	 0.000E+00	 2.747E+04	 4.180E+03	 3.922E+03	 5.000E+03	 4.309E+01
   59.6125	 2.000E+01	 1.745E+01	 1.210E+01	 0.000E+00	 2.747E+04	 4.180E+03	 3.918E+03	 5.000E+03	 4.309E+01
   59.6250	 2.000E+01	 1.745E+01	 1.210E+01	 0.000E+00	 2.747E+04	 4.180E+03	 3.913E+03	 5.000E+03	 4.309E+01
   59.6375	 2.000E+01	 1.745E+01	 1.210E+01	 0.000E+00	 2.747E+04	 4.180E+03	 3.908E+03	 5.000E+03	 4.309E+01
   59.6500	 2.000E+01	 1.745E+01	 1.210E+01	 0.000E+00	 2.746E+04	 4.180E+03	 3.904E+03	 5.000E+03	 4.309E+01
   59.6625	 2.000E+01	 1.745E+01	 1.210E+01	 0.000E+00	 2.746E+04	 4.180E+03	 3.899E+03	 5.000E+03	 4.309E+01
   59.6750	 2.000E+01	 1.745E+01	 1.210E+01	 0.000E+00	 2.746E+04	 4.180E+03	 3.895E+03	 5.000E+03	 4.309E+01
   59.6875	 2.000E+01	 1.745E+01	 1.210E+01	 0.000E+00	 2.746E+04	 4.180E+03	 3.891E+03	 5.000E+03	 4.309E+01
   59.7000	 2.000E+01	 1.745E+01	 1.210E+01	 0.000E+00	 2.746E+04	 4.180E+03	 3.887E+03	 5.000E+03	 4.309E+01
   59.7125	 2.000E+01	 1.745E+01	 1.210E+01	 0.000E+00	 2.746E+04	 4.180E+03	 3.883E+03	 5.000E+03	 4.309E+01
   59.7250	 2.000E+01	 1.745E+01	 1.210E+01	 0.000E+00	 2.746E+04	 4.180E+03	 3.879E+03	 5.000E+03	 4.309E+01
   59.7375	 2.000E+01	 1.745E+01	 1.210E+01	 0.000E+00	 2.746E+04	 4.180E+03	 3.875E+03	 5.000E+03	 4.309E+01
   59.7500	 2.000E+01	 1.745E+01	 1.210E+01	 0.000E+00	 2.746E+04	 4.180E+03	 3.871E+03	 5.000E+03	 4.309E+01
   59.7625	 2.000E+01	 1.745E+01	 1.210E+01	 0.000E+00	 2.746E+04	 4.180E+03	 3.868E+03	 5.000E+03	 4.309E+01
   59.7750	 2.000E+01	 1.745E+01	 1.210E+01	 0.000E+00	 2.746E+04	 4.180E+03	 3.864E+03	 5.000E+03	 4.309E+01
   59.7875	 2.000E+01	 1.745E+01	 1.210E+01	 0.000E+00	 2.746E+04	 4.180E+03	 3.861E+03	 5.000E+03	 4.309E+01
   59.8000	 2.000E+01	 1.745E+01	 1.210E+01	 0.000E+00	 2.746E+04	 4.180E+03	 3.857E+03	 5.000E+03	 4.309E+01
   59.8125	 2.000E+01	 1.745E+01	 1.210E+01	 0.000E+00	 2.746E+04	 4.180E+03	 3.854E+03	 5.000E+03	 4.309E+01
   59.8250	 2.000E+01	 1.745E+01	 1.210E+01	 0.000E+00	 2.746E+04	 4.180E+03	 3.851E+03	 5.000E+03	 4.309E+01
   59.8375	 2.000E+01	 1.745E+01	 1.210E+01	 0.000E+00	 2.746E+04	 4.180E+03	 3.848E+03	 5.000E+03	 4.309E+01
   59.8500	 2.000E+01	 1.745E+01	 1.210E+01	 0.000E+00	 2.746E+04	 4.180E+03	 3.845E+03	 5.000E+03	 4.309E+01
   59.8625	 2.000E+01	 1.745E+01	 1.210E+01	 0.000E+00	 2.746E+04	 4.180E+03	 3.842E+03	 5.000E+03	 4.309E+01
   59.8750	 2.000E+01	 1.745E+01	 1.210E+01	 0.000E+00	 2.746E+04	 4.180E+03	 3.839E+03	 5.000E+03	 4.309E+01
   59.8875	 2.000E+01	 1.745E+01	 1.210E+01	 0.000E+00	 2.746E+04	 4.180E+03	 3.836E+03	 5.000E+03	 4.309E+01
   59.9000	 2.000E+01	 1.745E+01	 1.210E+01	 0.000E+00	 2.746E+04	 4.180E+03	 3.834E+03	 5.000E+03	 4.309E+01
   59.9125	 2.000E+01	 1.745E+01	 1.210E+01	 0.000E+00	 2.746E+04	 4.180E+03	 3.831E+03	 5.000E+03	 4.309E+01
   59.9250	 2.000E+01	 1.745E+01	 1.210E+01	 0.000E+00	 2.746E+04	 4.180E+03	 3.829E+03	 5.000E+03	 4.309E+01
   59.9375	 2.000E+01	 1.745E+01	 1.210E+01	 0.000E+00	 2.746E+04	 4.180E+03	 3.826E+03	 5.000E+03	 4.309E+01
   59.9500	 2.000E+01	 1.745E+01	 1.210E+01	 0.000E+00	 2.746E+04	 4.180E+03	 3.824E+03	 5.000E+03	 4.309E+01
   59.9625	 2.000E+01	 1.745E+01	 1.210E+01	 0.000E+00	 2.746E+04	 4.180E+03	 3.822E+03	 5.000E+03	 4.309E+01
   59.9750	 2.000E+01	 1.745E+01	 1.210E+01	 0.000E+00	 2.746E+04	 4.180E+03	 3.820E+03	 5.000E+03	 4.309E+01
   59.9875	 2.000E+01	 1.745E+01	 1.210E+01	 0.000E+00	 2.746E+04	 4.180E+03	 3.818E+03	 5.000E+03	 4.309E+01
   60.0000	 2.000E+01	 1.745E+01	 1.210E+01	 0.000E+00	 2.746E+04	 4.180E+03	 3.816E+03	 5.000E+03	 4.309E+01
